1,8.840
2,8.802
3,8.739
4,8.492
5,8.646
6,8.630
7,8.517
8,8.780
9,8.834
10,8.708
11,8.709
12,8.916
13,8.624
14,8.712
15,9.143
16,9.179
17,8.858
18,9.174
19,8.942
20,8.565
21,8.887
22,9.814
23,8.764
24,8.851
25,8.763
26,8.642
27,8.660
28,8.670
29,8.890
30,8.562
31,8.885
32,8.522
33,8.734
34,8.667
35,8.685
36,8.637
37,8.721
38,8.537
39,9.511
40,8.476
41,8.511
42,8.927
43,8.674
44,8.974
45,8.665
46,8.406
47,8.782
48,8.837
49,8.865
50,8.722
51,8.457
52,9.152
53,9.068
54,8.754
55,8.853
56,9.339
57,9.136
58,10.034
59,8.834
60,8.760
61,8.570
62,9.038
63,8.605
64,8.871
65,8.878
66,8.608
67,8.624
68,8.880
69,8.792
70,8.714
71,8.848
72,8.861
73,9.229
74,8.662
75,10.120
76,8.728
77,8.790
78,8.447
79,8.475
80,9.163
81,8.455
82,9.304
83,8.657
84,8.457
85,8.984
86,8.593
87,8.931
88,9.155
89,8.528
90,9.002
91,8.527
92,10.033
93,8.745
94,8.594
95,8.775
96,8.958
97,9.174
98,8.715
99,8.445
100,8.816
101,8.433
102,8.520
103,8.954
104,8.870
105,8.456
106,8.479
107,8.812
108,8.774
109,9.178
110,8.786
111,8.469
112,9.601
113,8.697
114,8.303
115,9.810
116,9.101
117,8.729
118,8.919
119,9.142
120,8.953
121,8.872
122,9.290
123,9.023
124,8.791
125,8.509
126,9.325
127,8.458
128,8.504
129,8.351
130,8.858
131,8.324
132,8.834
133,8.336
134,8.750
135,8.805
136,9.005
137,8.771
138,8.950
139,8.457
140,8.689
141,8.732
142,9.101
143,8.941
144,8.782
145,8.947
146,8.841
147,8.878
148,9.324
149,8.533
150,8.528
151,8.968
152,8.603
153,16.109
154,8.745
155,8.734
156,8.761
157,9.812
158,8.830
159,8.456
160,9.965
161,8.435
162,8.617
163,8.709
164,8.930
165,8.703
166,8.785
167,9.014
168,8.877
169,8.847
170,8.955
171,8.755
172,8.624
173,8.697
174,8.585
175,8.815
176,8.915
177,9.078
178,8.764
179,8.190
180,8.574
181,8.999
182,8.830
183,8.840
184,8.761
185,8.489
186,8.426
187,8.235
188,8.669
189,8.690
190,8.865
191,8.655
192,8.455
193,8.552
194,9.058
195,8.854
196,8.898
197,8.337
198,8.922
199,8.992
200,9.490
201,8.636
202,8.935
203,9.256
204,8.668
205,9.197
206,8.951
207,8.765
208,9.708
209,8.618
210,8.598
211,9.915
212,8.686
213,8.383
214,8.608
215,8.335
216,8.884
217,12.306
218,9.123
219,8.687
220,8.542
221,8.485
222,8.613
223,8.472
224,8.600
225,8.279
226,8.664
227,8.494
228,9.331
229,8.887
230,8.897
231,8.903
232,9.006
233,8.419
234,10.772
235,8.734
236,8.374
237,8.623
238,8.564
239,8.510
240,9.139
241,8.751
242,9.001
243,8.468
244,8.656
245,8.813
246,8.492
247,9.143
248,8.909
249,9.457
250,8.717
251,9.072
252,8.417
253,8.934
254,9.058
255,8.623
256,8.809
257,8.372
258,9.013
259,8.399
260,8.861
261,11.253
262,8.684
263,8.940
264,8.417
265,17.362
266,8.688
267,8.650
268,8.818
269,8.694
270,8.785
271,8.517
272,8.667
273,8.741
274,8.495
275,8.630
276,8.610
277,9.658
278,8.069
279,8.996
280,8.616
281,8.804
282,8.835
283,8.705
284,9.204
285,9.468
286,9.059
287,8.954
288,8.689
289,8.300
290,9.306
291,9.040
292,8.822
293,8.368
294,9.265
295,8.841
296,8.741
297,9.112
298,9.074
299,8.952
300,8.580
301,8.785
302,9.292
303,8.645
304,9.059
305,11.025
306,8.592
307,9.104
308,9.063
309,8.760
310,8.847
311,8.893
312,9.010
313,8.873
314,8.526
315,15.719
316,8.643
317,9.668
318,8.839
319,9.207
320,9.096
321,8.711
322,8.537
323,9.122
324,8.524
325,8.839
326,9.056
327,9.037
328,8.712
329,8.728
330,8.553
331,8.620
332,9.486
333,9.238
334,9.464
335,8.777
336,8.525
337,8.710
338,8.520
339,8.925
340,8.634
341,10.568
342,8.467
343,8.783
344,8.779
345,9.011
346,8.738
347,8.728
348,9.099
349,8.740
350,8.120
351,8.759
352,8.824
353,8.608
354,8.816
355,8.583
356,9.053
357,9.053
358,9.491
359,9.172
360,11.595
361,9.051
362,8.715
363,9.267
364,8.630
365,8.545
366,8.753
367,8.799
368,8.954
369,8.633
370,8.493
371,9.043
372,8.290
373,8.368
374,8.686
375,8.510
376,9.331
377,9.166
378,8.976
379,9.220
380,9.005
381,9.055
382,8.949
383,9.623
384,9.189
385,9.242
386,8.739
387,8.961
388,8.943
389,8.762
390,8.343
391,9.213
392,9.653
393,9.098
394,8.878
395,8.790
396,8.683
397,8.747
398,9.733
399,9.054
400,8.952
401,8.483
402,9.537
403,9.180
404,8.998
405,9.260
406,8.988
407,8.557
408,8.446
409,9.009
410,8.402
411,8.991
412,9.383
413,8.661
414,8.745
415,9.145
419,8.666
420,8.864
421,9.250
416,0.0
417,0.0
422,8.911
423,8.258
424,9.338
425,8.809
426,8.634
427,8.490
428,8.582
429,8.913
430,8.365
431,9.182
432,8.503
433,8.692
434,8.429
435,8.838
436,8.677
437,8.903
438,9.035
439,10.291
440,9.019
441,9.474
442,9.315
443,9.435
444,9.630
445,8.566
446,9.169
447,9.022
448,8.481
449,8.829
450,17.253
451,8.932
452,9.230
453,9.270
454,9.125
455,8.906
456,8.433
457,8.661
458,8.659
459,9.033
460,8.611
461,9.319
462,8.915
463,9.094
464,9.407
465,9.262
466,9.197
467,9.755
468,8.490
469,9.137
470,8.884
471,9.096
472,10.543
473,9.576
474,8.803
475,8.564
476,8.720
477,8.592
478,9.033
479,9.327
480,9.784
481,9.050
482,8.973
483,8.300
484,8.952
485,8.553
486,8.431
487,8.773
488,8.937
489,8.831
490,9.306
491,9.193
492,9.052
493,9.139
494,8.638
495,8.428
496,8.771
497,8.439
498,9.084
499,8.569
500,8.933
501,9.078
502,8.278
503,8.650
504,9.177
505,9.032
506,8.914
507,10.719
508,9.065
509,8.647
510,9.376
511,9.296
512,11.152
513,8.953
514,8.759
515,8.505
516,8.510
517,9.442
518,9.150
519,8.588
520,9.078
521,9.145
522,8.707
523,8.837
524,9.637
525,8.711
526,9.196
527,8.688
528,8.863
529,8.989
530,8.494
531,8.684
532,8.083
533,8.419
534,9.251
535,8.673
536,8.680
537,8.795
538,8.930
539,9.489
540,9.312
541,9.118
542,8.845
543,8.756
544,8.657
545,8.726
546,8.454
547,9.035
548,8.667
549,9.446
550,9.117
551,9.161
552,8.882
553,8.419
554,9.008
555,8.828
556,8.831
557,14.272
558,9.058
559,9.134
560,9.052
561,9.210
562,8.887
563,8.959
564,8.403
565,8.603
566,8.708
567,8.969
568,8.844
569,8.886
570,8.887
571,8.741
572,8.658
573,8.763
574,9.670
575,9.014
576,8.861
577,9.071
578,8.354
579,9.896
580,8.446
581,8.723
582,8.679
583,8.603
584,8.838
585,8.859
586,8.846
587,8.694
588,8.516
589,8.921
590,9.972
591,8.956
592,12.481
593,8.271
594,8.292
595,9.891
596,9.029
597,8.249
598,8.856
599,8.509
600,8.830
601,8.709
602,8.902
603,8.588
604,8.886
605,8.390
606,8.930
607,8.406
608,8.580
609,9.815
610,8.556
611,9.547
612,8.664
613,8.551
614,8.801
615,8.574
616,8.521
617,8.741
618,9.230
619,8.619
620,8.597
621,8.989
622,8.659
623,8.336
624,9.480
625,8.639
626,9.022
627,8.588
628,8.532
629,8.817
630,9.213
631,9.424
632,8.874
633,9.129
634,8.871
635,8.403
636,8.902
637,8.544
638,8.540
639,9.183
640,9.159
641,8.704
642,8.752
643,9.167
644,8.892
645,8.869
646,9.087
647,9.200
648,8.889
649,8.375
650,8.919
651,8.765
652,9.142
653,9.215
654,8.641
655,8.611
656,9.052
657,11.834
658,8.636
659,8.952
660,8.795
661,8.856
662,8.637
663,9.102
664,8.868
665,8.544
666,8.948
667,8.373
668,8.871
669,8.668
670,9.065
671,9.261
672,9.262
673,9.046
674,9.151
675,8.785
676,8.622
677,9.036
678,8.862
679,8.635
680,8.701
681,8.810
682,13.082
683,8.720
684,9.094
685,8.961
686,8.561
687,8.614
688,8.953
689,9.090
690,9.204
691,8.929
692,9.013
693,9.534
694,9.480
695,9.482
696,8.817
697,8.889
698,9.117
699,9.260
700,9.004
701,9.022
702,9.013
703,9.449
704,9.119
705,8.714
706,8.965
707,8.816
708,8.818
709,9.185
710,9.844
711,9.477
712,9.090
713,9.090
714,9.058
715,8.631
716,9.317
717,9.533
718,8.837
719,10.305
720,9.066
721,8.416
722,8.896
723,8.399
724,8.680
725,8.651
726,9.117
727,8.570
728,8.962
729,8.910
730,9.312
731,8.818
732,9.041
733,8.895
734,10.171
735,9.072
736,8.561
737,9.049
738,8.297
739,8.517
740,8.749
741,8.696
742,8.607
743,9.092
744,8.347
745,9.073
746,8.949
747,9.214
748,11.240
749,8.891
750,8.495
751,8.747
752,8.606
753,9.642
754,8.486
755,8.984
756,8.896
757,9.361
758,8.863
759,8.714
760,9.083
761,8.665
762,8.656
763,8.745
764,8.817
765,8.867
766,8.773
767,9.103
768,9.149
769,9.038
770,10.040
771,8.979
772,8.684
773,8.473
774,9.222
775,9.123
776,9.172
777,8.891
778,8.948
779,9.126
780,9.253
781,9.214
782,8.855
783,8.642
784,8.725
785,8.677
786,9.074
787,10.581
788,8.886
789,9.178
790,9.423
791,8.588
792,9.004
793,9.355
794,8.818
795,9.202
796,8.861
797,8.154
798,8.478
799,8.563
800,9.030
801,8.956
802,9.171
803,8.906
804,9.076
805,9.531
806,9.182
807,9.471
808,8.650
809,9.457
810,8.994
811,8.347
812,8.743
813,8.982
814,9.199
815,8.900
816,8.538
817,8.830
818,8.650
819,9.597
820,9.067
821,9.898
822,9.085
823,9.007
824,9.141
825,9.194
826,8.757
827,9.166
828,8.806
829,8.723
830,9.111
831,8.666
832,8.892
833,8.642
834,9.470
835,8.954
836,8.655
837,9.265
838,9.741
839,9.124
840,8.605
841,9.167
842,8.788
843,9.122
844,8.860
845,9.712
846,8.661
847,8.665
848,8.540
849,8.321
850,8.900
851,8.689
852,8.565
853,10.229
854,9.067
855,9.010
856,8.529
857,9.232
858,9.078
859,9.034
860,8.845
861,9.186
862,9.002
863,9.275
864,8.372
865,8.607
866,8.704
867,8.586
868,9.062
869,8.847
870,8.558
871,9.025
872,8.608
873,8.542
874,9.076
875,9.200
876,9.527
877,8.710
878,8.948
879,8.673
880,8.600
881,8.942
882,9.647
883,9.840
884,8.821
885,8.873
886,9.189
887,8.693
888,8.701
889,9.268
890,8.579
891,8.875
892,9.281
893,8.819
894,9.086
895,8.962
896,8.554
897,9.535
898,8.784
899,8.593
900,8.573
901,8.342
902,9.022
903,8.930
904,8.476
905,8.549
906,8.842
907,9.086
908,8.986
909,9.022
910,8.746
911,9.030
912,8.568
913,8.771
914,8.635
915,8.560
916,8.816
917,9.080
918,8.770
919,9.008
920,8.635
921,8.557
922,8.908
923,8.882
924,8.461
925,8.658
926,9.970
927,8.812
928,8.512
929,9.280
930,8.141
931,8.619
932,8.832
933,9.301
934,9.123
935,9.088
936,9.059
937,8.908
938,8.936
939,8.547
940,8.809
941,8.794
942,8.965
943,9.134
944,8.933
945,9.994
946,8.870
947,8.256
948,8.661
949,9.106
950,8.676
951,8.615
952,9.277
953,8.520
954,9.012
955,9.837
956,8.786
957,8.665
958,9.249
959,8.850
960,8.549
961,8.371
962,9.088
963,8.607
964,8.602
965,13.816
966,9.299
967,8.525
968,8.633
969,8.332
970,8.359
971,8.903
972,8.735
973,8.208
974,9.083
975,8.528
976,8.584
977,9.022
978,9.115
979,8.633
980,42.979
981,8.577
982,8.571
983,8.303
984,8.941
985,9.340
986,8.820
987,8.725
988,8.356
989,8.641
990,9.133
991,8.529
992,8.612
993,8.640
994,8.701
995,8.507
996,8.890
997,8.850
998,8.657
999,8.891
1000,9.052
1001,8.882
1002,8.379
1003,8.989
1004,8.464
1005,8.537
1006,8.756
1007,8.667
1008,8.367
1009,8.929
1010,46.281
1011,8.588
1012,9.051
1013,8.623
1014,8.687
1015,9.089
1016,8.890
1017,8.539
1018,8.761
1019,9.113
1020,8.555
1021,8.832
1022,9.765
1023,8.562
1024,8.360
1025,8.745
1026,9.008
1027,8.990
1028,8.749
1029,8.871
1030,8.473
1031,8.781
1032,8.594
1033,8.310
1034,8.686
1035,8.640
1036,8.225
1037,8.444
1038,9.556
1039,8.834
1040,8.812
1041,8.764
1042,8.945
1043,8.866
1044,8.750
1045,9.100
1046,10.134
1047,9.110
1048,8.506
1049,8.569
1050,9.447
1051,8.739
1052,8.490
1053,9.493
1054,9.184
1055,8.863
1056,8.446
1057,8.858
1058,9.255
1059,9.347
1060,8.369
1061,8.624
1062,8.701
1063,8.553
1064,8.359
1065,8.429
1066,9.209
1067,9.010
1068,8.693
1069,8.756
1070,8.976
1071,8.748
1072,9.092
1073,8.727
1074,9.153
1075,8.613
1076,8.610
1077,10.724
1078,9.306
1079,8.825
1080,9.621
1081,8.844
1082,8.862
1083,8.735
1084,9.098
1085,8.604
1086,8.684
1087,8.122
1088,8.575
1089,9.072
1090,8.462
1091,9.060
1092,9.089
1093,8.743
1094,9.880
1095,8.620
1096,8.726
1097,8.720
1098,8.872
1099,8.801
1100,8.552
1101,9.333
1102,8.722
1103,8.415
1104,9.611
1105,8.669
1106,8.435
1107,8.790
1108,9.531
1109,9.345
1110,8.840
1111,8.463
1112,8.473
1113,9.601
1114,8.912
1115,8.745
1116,8.770
1117,8.771
1118,8.761
1119,9.142
1120,8.667
1121,8.966
1122,9.167
1123,9.163
1124,8.932
1125,8.902
1126,8.502
1127,9.054
1128,9.917
1129,8.963
1130,9.380
1131,8.304
1132,9.304
1133,8.759
1134,8.673
1135,8.688
1136,8.897
1137,9.026
1138,9.400
1139,9.533
1140,9.292
1141,8.866
1142,8.758
1143,8.612
1144,9.189
1145,13.599
1146,8.796
1147,8.821
1148,8.631
1149,9.019
1150,8.994
1151,8.617
1152,9.309
1153,8.648
1154,8.695
1155,8.956
1156,8.543
1157,8.901
1158,9.095
1159,9.103
1160,9.199
1161,8.654
1162,9.400
1163,8.495
1164,8.257
1165,9.029
1166,14.929
1167,9.214
1168,9.053
1169,8.476
1173,11.910
1174,9.355
1170,0.0
1171,0.0
1175,0.0
1176,0.0
1180,15.735
1181,8.623
1177,0.0
1178,0.0
1182,8.434
1183,8.800
1184,8.775
1185,8.424
1186,8.626
1187,8.460
1188,8.561
1189,8.592
1190,8.764
1191,8.447
1192,8.649
1193,8.546
1194,8.888
1195,8.523
1196,8.641
1197,8.648
1198,8.240
1199,8.655
1200,8.512
1201,8.892
1202,8.704
1203,8.055
1204,8.596
1205,8.436
1206,9.584
1207,8.765
1208,8.598
1209,9.132
1210,8.601
1211,8.363
1212,8.870
1213,8.837
1214,8.940
1215,8.845
1216,8.421
1217,8.413
1218,8.715
1219,9.016
1220,8.382
1221,8.519
1222,9.046
1223,8.521
1224,8.200
1225,9.092
1226,9.054
1227,8.642
1228,8.795
1229,8.702
1230,10.952
1231,8.985
1232,8.545
1233,8.074
1234,8.358
1235,8.628
1236,8.976
1237,9.003
1238,8.932
1239,8.922
1240,11.049
1241,8.780
1242,9.045
1243,9.434
1244,8.458
1245,8.773
1246,8.445
1247,9.062
1248,8.419
1249,8.650
1250,8.640
1251,8.676
1252,8.405
1253,8.783
1254,8.496
1255,8.994
1256,8.676
1257,8.939
1258,8.825
1259,8.617
1260,8.433
1261,8.354
1262,8.665
1263,8.402
1264,10.777
1265,8.457
1266,8.753
1267,8.924
1268,9.087
1269,9.097
1270,9.044
1271,9.112
1272,12.212
1273,8.924
1274,8.809
1275,12.543
1276,8.999
1277,9.137
1278,8.881
1281,8.983
1282,8.428
1283,8.741
1284,9.011
1285,9.105
1279,0.0
1286,8.446
1287,8.963
1288,8.967
1289,10.722
1290,8.634
1291,9.354
1292,9.068
1295,8.708
1296,8.487
1297,9.129
1293,0.0
1298,8.471
1299,8.678
1300,8.477
1301,8.724
1302,8.844
1303,9.040
1304,9.144
1305,8.723
1306,8.889
1307,8.414
1308,9.150
1309,8.267
1312,8.595
1313,9.046
1314,9.155
1315,8.750
1310,0.0
1316,8.357
1317,8.458
1318,9.115
1319,8.629
1320,8.705
1321,9.004
1322,8.838
1323,10.086
1324,8.906
1325,9.015
1326,8.447
1327,8.757
1328,8.573
1329,8.182
1330,9.256
1331,8.635
1332,10.260
1333,9.290
1334,8.996
1335,8.549
1336,8.726
1337,9.348
1338,8.949
1339,9.212
1342,8.385
1343,8.818
1344,8.805
1340,0.0
1345,8.671
1346,9.546
1347,8.674
1348,8.572
1349,8.664
1350,8.737
1351,8.659
1352,9.110
1353,8.902
1354,8.644
1355,8.806
1356,9.241
1357,8.546
1358,8.620
1359,8.718
1363,8.358
1360,0.0
1364,9.010
1365,8.541
1366,8.715
1361,0.0
1367,10.690
1371,8.444
1368,0.0
1372,8.722
1373,8.241
1369,0.0
1374,8.661
1375,8.214
1376,8.127
1377,8.532
1378,8.924
1379,8.208
1380,8.297
1381,8.802
1382,8.506
1383,8.577
1384,8.375
1385,8.601
1386,19.203
1387,8.804
1388,8.641
1389,8.534
1390,8.542
1391,9.993
1392,8.274
1393,9.531
1394,8.939
1395,8.710
1396,9.431
1397,8.753
1400,8.665
1401,8.465
1402,8.616
1398,0.0
1403,8.597
1404,8.845
1405,8.574
1406,7.982
1410,39.157
1411,19.252
1407,0.0
1408,0.0
1414,8.838
1415,8.425
1412,0.0
1416,8.738
1417,8.640
1418,8.585
1419,8.656
1420,8.745
1421,8.566
1422,8.729
1423,8.744
1424,8.238
1425,8.880
1426,8.387
1427,8.365
1428,8.694
1429,11.444
1430,10.900
1431,8.518
1434,8.386
1435,8.818
1436,8.406
1437,8.572
1432,0.0
1438,8.607
1439,8.465
1440,8.388
1441,8.616
1442,8.727
1443,9.463
1444,9.197
1445,8.951
1446,10.771
1449,8.338
1450,8.838
1451,8.760
1447,0.0
1452,8.655
1453,8.532
1454,8.818
1455,8.939
1460,9.030
1456,0.0
1457,0.0
1458,0.0
1461,0.0
1462,0.0
1463,0.0
1464,0.0
1465,0.0
1466,0.0
1467,0.0
1468,0.0
1469,0.0
1470,0.0
1471,0.0
1476,8.691
1472,0.0
1473,0.0
1477,13.046
1478,9.072
1474,0.0
1479,9.005
1480,8.483
1481,21.725
1482,8.136
1483,8.900
1484,8.972
1485,8.752
1486,9.428
1487,8.709
1488,8.794
1489,9.137
1490,9.112
1491,8.600
1492,8.509
1493,9.555
1494,8.554
1495,8.739
1496,8.662
1497,9.147
1498,9.024
1499,8.767
1500,9.143
1501,9.071
1502,8.712
1503,8.555
1504,8.780
1505,8.807
1506,10.244
1507,9.389
1508,9.164
1509,8.475
1510,8.238
1511,8.979
1512,8.981
1513,8.604
1514,8.550
1515,8.711
1516,8.461
1517,8.397
1518,9.915
1519,8.546
1520,8.744
1521,9.373
1522,9.061
1523,8.869
1524,9.290
1525,8.742
1526,19.243
1527,8.547
1528,9.026
1529,8.742
1530,8.433
1531,25.466
1532,8.830
1533,9.134
1534,9.163
1535,9.201
1536,8.559
1537,9.155
1538,8.654
1539,9.585
1540,9.491
1541,10.476
1542,8.676
1543,8.605
1544,8.637
1545,8.679
1546,10.709
1547,8.807
1548,8.944
1549,8.926
1550,8.864
1551,8.264
1552,8.728
1553,9.040
1554,8.579
1555,9.072
1556,8.529
1557,8.727
1558,8.710
1559,8.696
1560,9.198
1561,8.374
1562,8.793
1563,8.909
1564,9.158
1565,8.480
1566,8.714
1567,8.696
1568,9.147
1569,8.746
1570,9.014
1571,24.602
1572,12.711
1573,11.964
1574,11.921
1575,12.207
1576,18.505
1577,12.286
1578,12.309
1579,12.180
1580,12.568
1581,12.187
1582,12.399
1583,11.978
1584,12.284
1585,12.826
1586,12.985
1587,12.512
1588,14.206
1589,12.192
1590,12.290
1591,12.479
1592,12.546
1593,12.751
1594,12.725
1595,12.020
1596,12.404
1597,12.597
1598,12.101
1599,12.314
1600,12.383
1601,12.626
1602,12.499
1603,13.043
1604,12.032
1605,12.232
1606,12.328
1607,12.296
1608,12.066
1609,12.500
1610,12.001
1611,12.594
1612,12.747
1613,12.267
1614,12.142
1615,12.001
1616,12.257
1617,13.110
1618,12.607
1619,12.314
1620,12.293
1621,11.863
1622,12.790
1623,11.871
1624,12.043
1625,15.821
1626,12.378
1627,14.149
1628,12.450
1629,12.281
1630,12.125
1631,12.064
1632,12.579
1633,12.469
1634,12.601
1635,12.378
1636,12.484
1637,16.836
1638,12.172
1639,12.469
1640,12.076
1641,12.531
1642,12.191
1643,12.068
1644,12.684
1645,12.098
1646,12.183
1647,12.548
1648,12.410
1649,12.534
1650,12.119
1651,12.293
1652,12.505
1653,12.831
1654,12.495
1655,12.431
1656,12.002
1657,12.542
1658,12.598
1659,12.152
1660,12.032
1661,12.200
1662,12.367
1663,11.921
1664,12.338
1665,11.691
1666,12.304
1667,12.283
1668,12.380
1669,12.680
1670,12.163
1671,16.908
1672,12.198
1673,12.534
1674,12.474
1675,12.802
1676,15.539
1677,12.135
1678,12.297
1679,12.264
1680,12.819
1681,15.846
1682,12.481
1683,12.089
1684,12.649
1685,12.463
1686,12.522
1687,12.310
1688,12.147
1689,12.434
1690,12.323
1691,12.445
1692,11.893
1693,12.510
1694,12.322
1695,12.545
1696,12.268
1697,12.158
1698,12.571
1699,11.978
1700,11.319
1701,11.541
1702,12.002
1703,11.676
1704,11.541
1705,11.777
1706,11.455
1707,12.182
1708,11.900
1709,11.700
1710,11.768
1711,12.000
1712,11.383
1713,11.775
1714,11.716
1715,11.894
1716,11.461
1717,11.691
1718,12.200
1719,11.788
1720,12.272
1721,11.611
1722,12.024
1723,11.501
1724,11.631
1725,11.657
1726,11.657
1727,11.839
1728,11.507
1729,11.956
1730,11.694
1731,11.952
1732,11.843
1733,11.731
1734,11.760
1735,11.783
1736,12.147
1737,12.202
1738,11.834
1739,11.693
1740,11.987
1741,11.696
1742,11.201
1743,11.977
1744,11.677
1745,11.846
1746,11.440
1747,11.490
1748,11.875
1749,11.888
1750,11.882
1751,11.726
1752,12.160
1753,11.819
1754,12.212
1755,12.074
1756,12.121
1757,11.667
1758,12.113
1759,12.052
1760,11.726
1761,11.454
1762,11.754
1763,11.865
1764,11.445
1765,11.640
1766,11.823
1767,11.524
1768,11.811
1771,11.942
1772,11.736
1769,0.0
1773,11.262
1774,11.457
1775,11.815
1776,12.029
1777,12.052
1778,12.489
1779,11.730
1780,12.039
1781,12.560
1782,12.124
1783,11.400
1784,11.794
1785,11.781
1786,12.012
1787,11.548
1788,11.625
1789,11.341
1790,11.511
1791,13.098
1792,11.505
1793,12.149
1794,12.148
1795,12.014
1796,11.860
1797,12.270
1798,11.994
1799,12.063
1800,12.392
1801,11.788
1802,11.952
1803,12.067
1804,11.966
1805,11.994
1806,12.374
1807,11.941
1808,12.790
1809,14.240
1810,12.269
1811,11.768
1812,11.872
1813,12.003
1814,11.947
1815,11.748
1816,11.924
1817,11.777
1818,11.824
1819,12.329
1820,11.778
1821,11.825
1822,11.869
1823,11.948
1824,11.367
1825,13.180
1826,11.582
1827,11.590
1828,11.299
1829,13.520
1830,11.705
1831,11.561
1832,11.937
1833,11.496
1834,11.494
1835,11.948
1836,11.828
1837,11.753
1838,11.671
1839,11.803
1840,11.490
1844,8.440
1845,30.736
1841,0.0
1842,0.0
1849,11.091
1850,8.432
1851,8.927
1846,0.0
1847,0.0
1852,8.895
1853,8.282
1854,15.475
1855,8.990
1856,8.534
1857,8.559
1858,8.753
1859,9.781
1860,8.399
1861,8.441
1862,8.676
1863,8.308
1864,11.078
1865,8.557
1866,9.252
1867,8.427
1868,12.221
1869,8.320
1870,9.109
1871,8.818
1872,23.567
1873,8.595
1874,8.973
1875,20.211
1876,10.396
1877,9.314
1878,8.917
1879,8.989
1880,8.776
1881,9.046
1882,8.682
1883,8.996
1884,8.961
1887,9.006
1888,8.460
1885,0.0
1889,8.920
1890,8.718
1891,9.249
1892,8.650
1893,8.970
1894,8.609
1895,8.891
1896,8.804
1897,8.669
1898,8.826
1899,8.996
1900,8.115
1901,8.518
1902,8.903
1903,11.258
1904,8.962
1905,8.643
1906,8.785
1907,8.533
1908,9.046
1913,8.357
1914,8.499
1909,0.0
1910,0.0
1911,0.0
1915,8.558
1916,8.644
1917,9.012
1918,9.215
1919,9.131
1920,8.319
1921,8.466
1922,8.687
1923,8.775
1924,8.677
1925,8.657
1926,8.723
1927,8.630
1928,8.701
1929,9.025
1930,9.097
1931,8.183
1932,8.677
1933,8.628
1934,8.633
1938,12.590
1939,8.711
1940,8.619
1935,0.0
1936,0.0
1941,8.807
1942,8.221
1943,9.647
1944,8.278
1945,8.453
1946,8.470
1947,8.510
1948,8.455
1949,8.609
1950,8.712
1951,8.645
1952,8.461
1953,8.836
1954,9.332
1955,9.353
1956,8.633
1957,8.362
1958,0.0
1962,8.808
1963,8.692
1964,8.663
1959,0.0
1960,0.0
1965,8.571
1966,8.252
1967,8.522
1968,8.812
1969,9.237
1970,8.290
1971,8.838
1972,8.821
1973,9.456
1974,8.190
1975,8.847
1976,8.415
1977,9.368
1978,8.924
1979,9.128
1980,8.390
1981,8.774
1982,8.420
1983,8.583
1984,18.237
1987,8.638
1988,9.043
1989,8.582
1990,8.524
1991,8.854
1985,0.0
1992,8.684
1993,8.506
1994,8.997
1995,9.128
1996,8.536
1997,14.632
1998,8.503
1999,8.659
2000,8.965
2001,8.771
2002,8.598
2003,8.599
2004,8.648
2005,8.669
2006,8.634
2007,8.652
2008,8.752
2009,8.580
2010,8.453
2011,8.301
2012,8.385
2013,8.787
2014,8.426
2015,8.827
2016,9.207
2017,8.699
2018,8.472
2019,8.486
2020,8.792
2021,8.440
2022,8.687
2023,8.814
2024,8.059
2025,8.876
2026,9.070
2027,8.733
2028,8.360
2029,8.948
2032,8.686
2033,8.748
2034,8.488
2030,0.0
2035,8.707
2036,0.0
2037,0.0
2038,0.0
2039,0.0
2040,0.0
2041,0.0
2042,0.0
2043,0.0
2044,0.0
2045,0.0
2046,0.0
2047,0.0
2048,0.0
2049,0.0
2050,0.0
2051,0.0
2052,0.0
2053,0.0
2054,0.0
2055,0.0
2056,0.0
2057,0.0
2058,0.0
2059,0.0
2060,0.0
2061,0.0
2062,0.0
2063,0.0
2064,0.0
2065,0.0
2066,0.0
2067,0.0
2068,0.0
2069,0.0
2070,0.0
2071,0.0
2072,0.0
2073,0.0
2074,0.0
2075,0.0
2076,0.0
2077,0.0
2078,0.0
2079,0.0
2080,0.0
2081,0.0
2082,0.0
2083,0.0
2084,0.0
2085,0.0
2086,0.0
2087,0.0
2088,0.0
2089,0.0
2090,0.0
2091,0.0
2092,0.0
2093,0.0
2094,0.0
2095,0.0
2096,0.0
2097,0.0
2098,0.0
2099,0.0
2100,0.0
2101,0.0
2102,0.0
2103,0.0
2104,0.0
2105,0.0
2106,0.0
2107,0.0
2108,0.0
2109,0.0
2110,0.0
2111,0.0
2112,0.0
2113,0.0
2114,0.0
2115,0.0
2116,0.0
2117,0.0
2118,0.0
2119,0.0
2120,0.0
2121,0.0
2122,0.0
2123,0.0
2124,0.0
2125,0.0
2126,0.0
2127,0.0
2128,0.0
2129,0.0
2130,0.0
2131,0.0
2132,0.0
2133,0.0
2134,0.0
2135,0.0
2136,0.0
2137,0.0
2138,0.0
2139,0.0
2140,0.0
2141,0.0
2142,0.0
2143,0.0
2144,0.0
2145,0.0
2146,0.0
2147,0.0
2148,0.0
2149,0.0
2150,0.0
2151,0.0
2152,0.0
2153,0.0
2154,0.0
2155,0.0
2156,0.0
2157,0.0
2158,0.0
2159,0.0
2160,0.0
2161,0.0
2162,0.0
2163,0.0
2164,0.0
2165,0.0
2166,0.0
2167,0.0
2168,0.0
2169,0.0
2170,0.0
2171,0.0
2172,0.0
2173,0.0
2174,0.0
2175,0.0
2176,0.0
2177,0.0
2178,0.0
2179,0.0
2180,0.0
2181,0.0
2182,0.0
2183,0.0
2184,0.0
2185,0.0
2186,0.0
2187,0.0
2188,0.0
2189,0.0
2190,0.0
2191,0.0
2192,0.0
2193,0.0
2194,0.0
2195,0.0
2196,0.0
2197,0.0
2198,0.0
2199,0.0
2200,0.0
2201,0.0
2202,0.0
2203,0.0
2204,0.0
2205,0.0
2206,0.0
2207,0.0
2208,0.0
2209,0.0
2210,0.0
2211,0.0
2212,0.0
2213,0.0
2214,0.0
2215,0.0
2216,0.0
2217,0.0
2218,0.0
2219,0.0
2220,0.0
2221,0.0
2222,0.0
2223,0.0
2224,0.0
2225,0.0
2226,0.0
2227,0.0
2228,0.0
2229,0.0
2230,0.0
2231,0.0
2232,0.0
2233,0.0
2234,0.0
2235,0.0
2236,0.0
2237,0.0
2238,0.0
2239,0.0
2240,0.0
2241,0.0
2242,0.0
2243,0.0
2244,0.0
2245,0.0
2246,0.0
2247,0.0
2248,0.0
2249,0.0
2250,0.0
2251,0.0
2252,0.0
2253,0.0
2254,0.0
2255,0.0
2256,0.0
2257,0.0
2258,0.0
2259,0.0
2260,0.0
2261,0.0
2262,0.0
2263,0.0
2264,0.0
2265,0.0
2266,0.0
2267,0.0
2268,0.0
2269,0.0
2270,0.0
2271,0.0
2272,0.0
2273,0.0
2274,0.0
2275,0.0
2276,0.0
2277,0.0
2278,0.0
2279,0.0
2280,0.0
2281,0.0
2282,0.0
2283,0.0
2284,0.0
2285,0.0
2286,0.0
2287,0.0
2288,0.0
2289,0.0
2290,0.0
2291,0.0
2292,0.0
2293,0.0
2294,0.0
2295,0.0
2296,0.0
2297,0.0
2298,0.0
2299,0.0
2300,0.0
2301,0.0
2302,0.0
2303,0.0
2304,0.0
2305,0.0
2306,0.0
2307,0.0
2308,0.0
2309,0.0
2310,0.0
2311,0.0
2312,0.0
2313,0.0
2314,0.0
2315,0.0
2316,0.0
2317,0.0
2318,0.0
2319,0.0
2320,0.0
2321,0.0
2322,0.0
2323,0.0
2324,0.0
2325,0.0
2326,0.0
2327,0.0
2328,0.0
2329,0.0
2330,0.0
2331,0.0
2332,0.0
2333,0.0
2334,0.0
2335,0.0
2336,0.0
2337,0.0
2391,15.504
2392,12.836
2393,12.520
2394,11.874
2395,12.868
2396,12.741
2397,12.440
2398,11.435
2399,11.806
2400,11.773
2401,12.067
2402,11.594
2403,12.244
2404,12.051
2405,11.927
2406,11.812
2407,12.823
2408,12.622
2409,12.210
2410,11.596
2411,9.653
2412,9.238
2413,11.958
2414,12.175
2415,8.956
2416,9.391
2417,9.144
2418,8.874
2419,8.881
2420,8.951
2421,8.682
2422,9.010
2423,9.404
2424,9.030
2425,8.747
2426,9.300
2427,9.218
2428,11.246
2429,11.475
2430,11.386
2431,11.195
2432,11.270
2433,12.823
2434,10.135
2435,12.647
2436,12.850
2437,12.526
2438,12.474
2439,12.401
2440,12.569
2441,12.634
2442,8.994
2443,9.030
2444,8.827
2445,8.918
2446,9.311
2447,9.094
2448,9.081
2449,8.953
2450,8.908
2451,26.270
2452,9.265
2453,9.031
2454,9.156
2455,9.423
2456,21.126
2457,9.028
2458,9.404
2459,9.219
2460,9.267
2461,9.447
2462,8.878
2463,8.823
2464,8.932
2465,8.962
2466,9.153
2467,9.469
2468,9.137
2469,9.244
2470,9.731
2471,9.448
2472,9.138
2473,8.837
2474,9.249
2475,8.846
2476,9.367
2477,9.062
2478,9.014
2479,9.193
2480,9.074
2481,9.060
2482,9.095
2483,9.256
2484,9.182
2485,8.764
2486,9.948
2487,8.914
2488,8.852
2489,8.810
2490,9.202
2491,9.082
2492,9.103
2493,9.219
2494,8.830
2495,9.202
2496,9.456
2497,9.097
2498,9.197
2499,9.299
2500,9.265
2501,9.138
2502,9.268
2503,9.186
2504,9.113
2505,9.033
2506,9.167
2507,9.070
2508,9.059
2509,9.325
2510,8.998
2511,9.354
2512,9.163
2513,9.084
2514,8.861
2515,8.698
2516,9.015
2517,9.171
2518,9.067
2519,8.996
2520,8.771
2521,8.997
2522,9.372
2523,8.681
2524,8.942
2525,9.317
2526,9.398
2527,9.337
2528,9.237
2529,9.085
2532,21.437
2533,8.827
2534,8.977
2530,0.0
2535,9.311
2536,8.951
2537,9.115
2538,9.274
2539,8.946
2540,8.950
2541,9.039
2542,9.084
2543,8.802
2544,9.182
2545,9.227
2548,8.893
2549,8.487
2546,0.0
2550,8.767
2551,8.853
2552,9.210
2553,9.221
2554,9.357
2558,9.057
2559,8.956
2555,0.0
2560,9.251
2561,8.950
2562,8.669
2556,0.0
2563,9.079
2564,8.869
2565,9.299
2566,9.261
2567,9.102
2568,9.346
2569,9.454
2570,8.979
2571,8.992
2575,9.520
2572,0.0
2576,8.802
2577,8.988
2573,0.0
2578,9.393
2579,9.393
2580,9.071
2581,8.949
2582,9.058
2583,8.980
2584,8.993
2585,9.420
2586,9.014
2587,9.087
2588,8.853
2589,9.000
2590,9.712
2591,8.986
2592,9.028
2593,12.180
2594,9.390
2595,8.982
2596,8.881
2597,9.366
2598,9.331
2599,9.183
2600,8.975
2601,9.363
2602,9.126
2603,8.982
2604,9.145
2605,9.406
2606,9.018
2607,9.581
2608,9.128
2609,8.804
2610,9.628
2611,9.336
2612,8.599
2613,8.238
2614,9.020
2615,8.862
2616,9.087
2617,8.632
2618,8.835
2619,9.350
2620,9.082
2621,9.344
2622,9.235
2623,9.151
2624,9.393
2625,9.154
2626,9.277
2627,9.624
2628,9.004
2629,11.500
2630,9.515
2631,9.084
2632,9.235
2633,9.231
2634,8.914
2635,9.147
2636,8.737
2637,9.128
2638,8.888
2639,8.933
2640,9.456
2641,9.771
2642,9.209
2643,8.933
2644,9.217
2645,8.974
2646,8.989
2647,9.246
2648,9.285
2649,9.185
2650,9.230
2651,10.218
2652,8.989
2653,11.078
2654,8.937
2655,9.097
2656,9.106
2657,8.906
2658,10.130
2659,8.893
2660,8.603
2661,8.826
2662,9.226
2663,10.167
2664,8.891
2665,12.650
2666,8.942
2667,9.451
2668,9.365
2669,9.343
2670,9.471
2671,9.181
2672,9.119
2673,8.788
2674,9.408
2675,9.098
2676,9.067
2677,8.877
2678,8.829
2679,8.750
2680,8.608
2681,8.810
2682,8.913
2683,12.741
2684,28.430
2685,9.518
2686,10.746
2687,9.461
2688,8.785
2689,9.147
2690,9.220
2691,8.776
2692,8.806
2693,8.885
2694,9.000
2695,8.961
2696,8.743
2697,9.107
2698,8.782
2699,8.765
2700,9.060
2701,8.827
2702,8.809
2703,8.717
2704,8.725
2705,8.829
2706,14.115
2707,8.982
2708,8.989
2709,9.660
2710,9.145
2711,8.823
2712,9.041
2713,9.287
2714,32.039
2715,8.860
2716,9.083
2717,8.927
2718,9.014
2719,10.181
2720,9.224
2721,9.073
2722,9.420
2723,9.140
2724,9.620
2725,9.370
2726,9.068
2727,8.782
2728,9.319
2729,9.300
2730,9.305
2731,9.100
2732,9.503
2733,9.642
2734,9.500
2735,9.108
2736,8.995
2737,12.278
2738,13.342
2739,8.959
2740,8.889
2741,9.459
2742,9.183
2743,9.418
2744,9.185
2745,8.600
2746,9.831
2747,9.333
2748,9.185
2749,9.333
2750,9.231
2751,73.408
2752,19.247
2753,120.456
2754,44.673
2755,10.180
2756,65.730
2757,23.123
2758,9.699
2759,9.509
2760,8.959
2761,11.978
2762,9.314
2763,9.035
2764,9.030
2765,9.022
2766,9.792
2767,9.294
2768,9.140
2769,9.581
2770,9.002
2771,9.099
2772,9.515
2773,16.306
2774,15.081
2775,9.339
2776,9.433
2777,9.022
2778,9.329
2779,8.955
2780,9.459
2781,9.446
2782,13.139
2783,9.065
2786,8.906
2787,9.515
2788,9.194
2784,0.0
2789,9.442
2790,8.560
2791,9.363
2792,9.891
2793,8.903
2794,9.575
2795,8.953
2796,8.963
2797,9.011
2798,10.024
2799,9.023
2800,9.054
2801,9.432
2802,9.440
2803,8.998
2804,9.516
2805,9.057
2806,9.347
2807,9.608
2808,9.145
2809,9.732
2810,8.689
2811,8.962
2812,8.787
2813,9.679
2814,9.121
2815,8.286
2816,9.131
2817,9.688
2818,8.887
2819,10.316
2822,8.909
2823,9.246
2824,9.278
2820,0.0
2825,8.855
2826,9.491
2827,9.138
2828,9.101
2829,9.949
2830,9.280
2831,9.218
2832,8.817
2833,9.048
2834,9.028
2835,9.501
2836,10.091
2837,8.850
2838,9.093
2839,9.584
2840,9.139
2841,8.960
2842,8.893
2843,9.084
2844,8.773
2845,8.975
2846,9.948
2847,9.099
2848,9.820
2849,14.436
2850,8.845
2851,9.037
2852,9.152
2853,9.554
2854,9.666
2855,9.255
2856,8.714
2857,9.206
2858,8.777
2859,8.988
2860,9.096
2861,9.506
2862,9.451
2863,10.614
2864,9.013
2865,9.074
2866,9.002
2867,9.418
2868,9.171
2869,8.782
2870,8.998
2871,9.352
2872,9.167
2873,9.459
2874,9.228
2875,9.162
2876,8.980
2877,9.139
2878,9.295
2879,9.014
2880,9.807
2881,9.449
2882,8.988
2883,9.105
2884,10.392
2885,9.314
2886,9.357
2887,9.716
2888,9.227
2889,8.989
2890,9.544
2891,9.321
2892,8.784
2893,9.082
2894,9.173
2895,12.328
2896,9.106
2897,9.470
2898,9.223
2899,9.586
2900,9.295
2901,9.207
2902,9.067
2903,9.137
2904,8.930
2905,9.002
2906,9.173
2907,9.091
2908,8.950
2909,9.237
2910,9.221
2911,9.387
2912,9.020
2913,9.214
2914,10.242
2915,10.810
2916,8.777
2917,8.800
2918,9.246
2919,9.119
2920,9.071
2921,9.241
2922,8.819
2923,9.001
2924,10.612
2925,8.920
2926,9.243
2927,9.188
2928,9.625
2929,9.690
2930,8.815
2931,8.891
2932,9.048
2933,8.731
2934,9.015
2935,9.144
2936,9.325
2937,9.863
2938,9.431
2939,9.713
2940,9.316
2941,9.248
2942,9.048
2943,9.014
2944,8.721
2945,9.424
2946,9.052
2947,10.033
2948,9.337
2949,9.188
2950,9.166
2951,9.318
2952,9.160
2953,9.084
2954,9.150
2955,8.869
2956,9.139
2957,9.235
2958,8.867
2959,9.452
2960,9.143
2961,8.782
2962,9.440
2963,9.619
2964,9.281
2965,8.863
2966,9.192
2967,9.464
2968,8.898
2969,8.507
2970,9.545
2971,9.616
2972,9.537
2973,9.028
2979,15.949
2974,0.0
2975,0.0
2976,0.0
2977,0.0
2983,9.249
2984,9.123
2980,0.0
2981,0.0
2985,9.661
2986,9.219
2987,9.576
2988,9.461
2989,9.273
2990,8.956
2991,8.921
2992,9.330
2993,8.801
2994,9.057
2995,9.693
2996,9.363
2997,9.433
2998,9.285
2999,9.372
3000,8.572
3001,9.311
3002,9.100
3003,9.132
3004,9.056
3005,9.307
3006,8.825
3007,9.391
3008,9.170
3009,8.976
3010,8.949
3011,9.101
3012,8.815
3013,8.503
3014,8.923
3015,9.173
3016,9.402
3017,9.569
3018,9.370
3019,9.138
3020,9.114
3021,9.007
3022,8.906
3023,9.564
3024,9.043
3025,8.928
3026,9.218
3027,9.396
3028,9.454
3029,11.378
3030,9.411
3031,8.975
3032,0.0
3038,9.397
3033,0.0
3034,0.0
3039,8.838
3036,0.0
3042,9.363
3043,8.852
3044,9.128
3040,0.0
3045,10.313
3046,9.647
3047,9.058
3048,12.070
3049,8.840
3050,9.010
3051,9.485
3052,8.754
3053,9.729
3054,9.009
3055,9.657
3056,9.099
3057,9.122
3058,9.493
3059,8.912
3060,8.925
3061,8.942
3062,8.855
3063,8.856
3064,9.061
3065,8.887
3066,9.423
3067,9.146
3068,9.106
3069,9.400
3070,8.918
3071,9.102
3072,9.352
3073,9.035
3074,8.877
3075,8.977
3076,9.519
3077,8.808
3078,9.259
3079,9.511
3085,9.457
3080,0.0
3081,0.0
3086,9.348
3087,9.494
3082,0.0
3083,0.0
3088,8.650
3089,8.736
3090,9.428
3091,9.080
3092,9.220
3093,9.136
3094,9.626
3095,8.865
3096,9.163
3097,9.146
3098,8.854
3099,9.067
3100,9.475
3101,9.479
3102,8.876
3103,9.168
3106,9.165
3107,9.353
3108,9.465
3104,0.0
3109,9.709
3110,8.843
3111,9.146
3112,9.031
3113,9.277
3114,10.067
3115,9.143
3116,9.344
3117,9.597
3118,9.439
3119,9.094
3120,8.747
3121,8.786
3122,9.601
3123,9.055
3124,9.078
3125,11.266
3126,8.853
3127,8.962
3128,9.026
3129,8.983
3130,9.244
3131,9.460
3132,9.309
3133,9.098
3134,8.892
3135,9.042
3136,9.313
3137,9.177
3138,9.575
3139,8.928
3140,8.713
3141,9.016
3142,9.130
3143,8.898
3144,9.102
3145,9.677
3146,8.584
3147,8.943
3148,8.856
3149,8.835
3150,9.064
3151,9.075
3152,9.349
3153,10.806
3154,8.834
3155,8.893
3156,9.056
3157,9.125
3158,8.818
3159,9.471
3160,9.439
3161,8.823
3162,9.711
3163,9.010
3164,9.058
3165,8.789
3166,8.989
3167,9.321
3168,9.364
3169,9.108
3173,9.292
3170,0.0
3174,9.274
3175,8.816
3171,0.0
3176,0.0
3177,0.0
3181,8.641
3182,9.545
3183,9.263
3178,0.0
3179,0.0
3184,9.490
3185,9.339
3186,9.295
3187,9.056
3188,8.656
3189,9.164
3190,9.113
3191,8.847
3192,10.232
3193,9.083
3194,8.633
3197,9.495
3198,9.184
3199,9.138
3200,8.946
3195,0.0
3201,9.452
3202,9.238
3203,8.984
3204,8.680
3205,8.682
3206,8.759
3207,9.582
3208,9.104
3209,8.589
3210,11.736
3211,8.756
3212,8.920
3213,9.286
3214,8.891
3215,8.752
3216,63.019
3217,68.747
3218,54.838
3219,35.792
3220,9.168
3221,9.651
3222,8.703
3223,8.963
3224,9.478
3225,8.721
3226,8.577
3227,8.625
3228,9.123
3229,11.587
3230,9.934
3231,9.104
3232,9.437
3233,9.024
3234,10.915
3235,8.574
3236,8.933
3237,9.012
3238,10.263
3239,8.942
3242,25.043
3240,0.0
3243,0.0
3244,0.0
3245,0.0
3246,0.0
3247,0.0
3252,12.285
3253,9.196
3248,0.0
3249,0.0
3250,0.0
3254,11.767
3255,12.789
3256,8.697
3257,8.942
3258,9.167
3259,9.060
3260,8.882
3261,8.855
3262,9.421
3263,9.103
3264,11.267
3265,9.555
3266,9.308
3267,9.060
3268,8.893
3269,9.783
3270,9.252
3271,8.864
3272,9.863
3273,9.083
3274,9.436
3275,9.084
3276,8.832
3277,9.162
3278,9.110
3279,9.598
3280,10.321
3281,9.026
3282,9.666
3283,9.013
3284,9.105
3285,9.377
3286,9.237
3287,9.926
3288,9.248
3289,9.128
3290,9.244
3291,8.753
3292,8.751
3293,8.829
3294,10.580
3295,8.871
3296,9.301
3297,8.943
3298,9.024
3299,9.206
3300,9.065
3301,9.002
3302,8.958
3303,9.576
3304,9.025
3305,9.065
3306,9.424
3307,8.899
3308,9.734
3309,8.909
3310,8.923
3311,8.902
3312,9.186
3313,9.730
3314,8.686
3315,9.437
3316,8.880
3317,8.915
3318,9.339
3319,9.191
3320,9.101
3321,8.860
3322,9.211
3323,9.336
3324,9.550
3325,9.055
3326,8.895
3327,9.097
3328,9.925
3329,9.279
3330,9.013
3331,8.878
3332,11.750
3333,8.998
3334,9.174
3335,8.748
3336,9.082
3337,9.364
3338,8.886
3339,8.971
3340,9.134
3341,12.099
3342,8.710
3343,8.531
3344,9.069
3345,8.901
3346,8.836
3347,8.991
3348,9.186
3349,9.265
3350,8.878
3351,8.946
3352,8.974
3353,9.038
3354,9.373
3355,8.861
3356,8.759
3357,8.899
3358,8.506
3359,9.646
3360,9.215
3361,8.642
3362,8.915
3363,9.242
3364,9.824
3365,8.976
3366,9.342
3367,9.783
3368,8.825
3369,9.231
3370,9.285
3371,9.106
3372,8.663
3373,8.968
3374,9.170
3375,10.648
3376,10.308
3377,9.020
3378,9.277
3379,8.916
3380,8.811
3381,9.375
3382,9.052
3383,8.761
3384,9.015
3385,9.642
3386,9.653
3387,9.107
3388,9.049
3389,10.317
3390,8.685
3391,11.186
3392,9.042
3393,8.976
3394,8.993
3395,9.280
3396,8.985
3397,8.948
3398,9.279
3399,9.231
3400,8.814
3401,10.004
3402,12.711
3403,9.219
3404,9.277
3405,9.058
3406,12.590
3407,8.712
3408,9.057
3409,8.832
3410,8.878
3411,9.512
3412,9.002
3413,9.232
3414,9.779
3415,9.098
3416,8.987
3417,9.063
3418,9.084
3419,8.879
3420,8.877
3421,8.908
3422,8.976
3423,8.821
3424,9.225
3425,11.627
3426,9.548
3427,9.593
3428,9.328
3429,9.582
3430,9.582
3431,8.479
3432,9.265
3433,10.150
3434,9.003
3435,8.982
3436,9.094
3437,9.178
3438,9.067
3439,8.831
3440,10.187
3441,8.955
3442,8.910
3443,8.969
3444,8.958
3445,8.808
3446,9.163
3447,8.979
3448,9.098
3449,9.071
3450,9.669
3451,9.060
3452,8.796
3453,9.346
3454,8.743
3455,8.974
3456,9.162
3457,10.376
3458,9.000
3459,9.073
3460,11.444
3461,8.576
3462,8.967
3463,12.956
3464,8.789
3465,9.012
3466,9.837
3467,9.372
3468,9.102
3469,8.967
3470,8.642
3471,9.255
3472,8.802
3473,8.820
3474,9.330
3475,8.982
3476,25.080
3477,33.900
3478,39.109
3479,8.862
3480,9.041
3481,9.148
3482,8.735
3483,9.009
3484,8.762
3485,8.882
3486,9.209
3487,9.012
3488,9.006
3489,9.663
3490,8.810
3491,9.067
3492,9.027
3493,9.993
3494,9.025
3497,9.090
3498,8.943
3499,9.197
3495,0.0
3500,10.630
3501,9.217
3502,8.805
3503,9.071
3504,8.944
3505,8.819
3506,8.996
3507,8.701
3508,0.0
3509,0.0
3513,8.727
3514,8.660
3515,9.114
3510,0.0
3511,0.0
3516,9.118
3517,9.087
3518,9.188
3519,9.169
3520,9.232
3521,8.706
3522,9.395
3523,8.765
3524,9.429
3525,9.950
3526,9.362
3527,8.892
3528,9.414
3529,8.954
3530,9.538
3531,9.600
3532,10.067
3533,9.204
3534,9.612
3535,9.062
3536,9.016
3537,9.240
3538,9.222
3539,8.927
3540,9.605
3541,9.290
3542,9.290
3543,9.164
3544,8.810
3545,8.790
3546,8.706
3547,9.401
3548,9.361
3549,8.953
3550,8.608
3551,8.904
3552,9.365
3553,9.038
3554,9.181
3555,9.199
3556,10.508
3557,9.264
3558,9.032
3559,8.837
3560,8.778
3561,9.325
3562,9.398
3563,9.226
3564,8.758
3565,8.825
3566,9.313
3567,8.917
3568,8.641
3569,9.018
3570,9.368
3571,8.878
3572,9.085
3573,8.663
3574,9.045
3575,8.987
3576,9.403
3577,8.931
3578,8.986
3579,9.352
3580,9.176
3581,8.841
3582,9.936
3583,9.271
3584,8.704
3585,9.482
3586,9.110
3590,20.726
3591,19.990
3592,9.076
3587,0.0
3588,0.0
3593,9.269
3594,9.179
3595,9.618
3596,9.359
3597,9.127
3598,9.277
3599,9.944
3600,8.926
3601,8.812
3602,8.966
3603,9.390
3604,9.314
3605,9.429
3606,8.798
3607,9.026
3608,9.444
3609,9.116
3610,9.499
3611,9.277
3612,9.470
3613,8.927
3614,9.149
3615,8.965
3616,9.083
3617,8.973
3618,8.822
3619,9.256
3620,8.900
3621,9.578
3622,9.388
3623,10.460
3624,9.290
3625,10.193
3626,9.425
3627,9.847
3628,9.242
3629,9.314
3630,9.131
3631,9.652
3632,8.905
3633,9.100
3634,9.528
3635,9.433
3636,9.264
3637,9.446
3638,21.977
3639,9.637
3640,9.423
3641,8.872
3642,8.931
3643,8.749
3644,8.976
3645,8.769
3646,10.098
3647,9.173
3648,8.789
3649,9.270
3650,9.363
3651,9.268
3652,8.658
3653,8.933
3654,8.931
3655,8.897
3656,9.285
3657,8.740
3658,10.739
3659,8.848
3660,9.400
3661,9.826
3662,19.986
3663,8.967
3664,8.997
3665,9.015
3666,9.464
3667,9.074
3668,9.009
3669,9.165
3670,9.232
3671,9.574
3672,9.229
3673,9.080
3674,9.434
3675,8.956
3676,8.835
3677,8.773
3678,9.580
3679,9.576
3680,9.202
3681,9.157
3682,9.051
3683,18.389
3684,9.538
3685,9.288
3686,9.254
3687,9.311
3688,8.759
3689,10.237
3690,8.433
3691,8.785
3692,9.412
3693,9.235
3694,9.040
3695,8.412
3696,8.963
3697,9.415
3698,8.698
3699,9.194
3700,9.399
3701,9.227
3702,8.434
3703,9.212
3704,9.036
3705,8.850
3708,8.959
3709,9.323
3706,0.0
3710,8.867
3711,8.676
3712,9.177
3713,8.816
3714,8.884
3715,8.904
3716,9.427
3717,8.744
3718,8.500
3719,9.065
3720,9.049
3721,15.747
3722,8.843
3723,9.231
3724,9.672
3725,8.989
3726,8.955
3727,8.875
3728,9.808
3729,8.769
3730,9.164
3731,12.825
3732,12.608
3733,13.425
3734,12.116
3735,12.536
3736,12.387
3737,12.845
3738,13.094
3739,13.247
3740,13.055
3741,12.994
3742,12.783
3743,13.086
3744,12.641
3745,12.665
3746,12.210
3747,12.627
3748,9.579
3749,9.212
3750,9.168
3751,9.133
3752,8.858
3753,8.731
3754,9.445
3755,9.372
3756,9.901
3757,9.353
3758,9.217
3759,8.932
3760,9.204
3761,8.612
3762,9.250
3763,8.781
3764,9.196
3765,8.933
3766,9.253
3767,9.072
3768,9.125
3769,8.754
3770,9.492
3771,9.186
3772,8.898
3773,8.674
3774,9.771
3775,9.091
3776,9.557
3777,8.686
3778,8.590
3779,8.932
3780,8.841
3781,8.989
3782,9.291
3783,0.0
3787,9.165
3788,8.750
3784,0.0
3785,0.0
3789,9.374
3790,9.436
3791,9.846
3792,9.310
3793,8.923
3794,8.973
3795,9.336
3796,9.032
3797,8.855
3798,8.821
3799,9.479
3800,9.594
3801,8.902
3802,9.243
3803,8.772
3804,9.416
3805,9.279
3806,9.432
3807,8.786
3808,9.544
3809,9.158
3810,9.357
3811,9.209
3812,9.047
3813,8.795
3814,8.781
3815,9.380
3816,8.711
3817,9.028
3818,9.152
3819,8.914
3820,8.762
3821,9.107
3822,9.061
3823,8.696
3824,8.949
3825,9.215
3826,8.957
3827,10.150
3828,9.175
3829,9.151
3830,9.273
3831,9.410
3832,8.662
3833,8.943
3834,8.987
3835,8.827
3836,9.484
3837,8.886
3838,8.974
3839,8.813
3840,9.882
3841,8.757
3842,9.365
3843,9.105
3844,9.344
3845,8.766
3846,8.663
3847,9.416
3848,8.719
3849,10.359
3850,9.044
3851,9.144
3852,9.106
3853,9.512
3854,8.971
3855,9.099
3856,9.365
3857,8.805
3858,9.516
3859,9.246
3860,9.536
3861,9.564
3862,9.294
3863,8.804
3864,8.881
3865,9.179
3866,9.184
3867,10.840
3868,9.680
3869,9.451
3870,10.636
3871,9.314
3872,9.483
3873,8.895
3874,9.423
3875,9.173
3876,8.812
3877,8.815
3878,9.102
3879,9.119
3880,8.850
3881,9.149
3882,9.183
3883,8.953
3884,9.218
3885,9.029
3886,9.143
3887,9.013
3888,9.236
3889,9.197
3890,9.041
3891,9.310
3892,8.917
3893,9.453
3894,8.742
3895,8.879
3896,8.987
3897,8.887
3898,9.096
3899,9.529
3900,9.025
3901,9.511
3902,9.318
3903,8.831
3904,9.012
3905,9.110
3906,9.496
3907,8.492
3908,8.674
3909,8.816
3910,8.878
3911,8.957
3912,8.798
3913,9.327
3914,12.538
3915,9.014
3916,9.257
3917,9.081
3918,9.335
3919,9.108
3920,9.229
3921,8.843
3922,11.017
3923,9.020
3924,8.879
3925,8.735
3926,9.230
3927,9.497
3928,8.933
3929,9.080
3930,8.809
3931,8.857
3932,8.782
3933,8.783
3934,9.823
3935,8.670
3936,9.007
3937,50.472
3938,13.494
3939,16.963
3940,8.699
3941,21.011
3942,8.727
3943,8.622
3944,8.949
3945,9.164
3946,9.215
3947,9.536
3948,9.401
3949,9.073
3950,9.256
3951,8.724
3952,9.114
3953,8.986
3954,10.587
3955,9.476
3956,9.343
3957,8.964
3958,11.377
3959,17.277
3960,16.964
3961,19.137
3962,8.932
3963,9.565
3964,10.210
3965,8.839
3966,9.163
3967,8.996
3968,9.184
3969,9.139
3970,9.362
3971,8.749
3972,8.709
3973,9.104
3974,8.814
3975,8.963
3976,9.066
3977,9.213
3978,9.019
3979,8.919
3980,8.805
3981,9.245
3982,9.358
3983,9.116
3984,9.088
3985,10.172
3986,9.725
3987,9.373
3988,9.462
3989,9.143
3990,9.096
3991,8.982
3992,8.714
3993,8.860
3994,9.059
3995,9.931
3998,8.837
3999,9.553
3996,0.0
4000,9.355
4001,9.463
4002,8.894
4003,9.100
4004,8.758
4005,9.127
4006,8.842
4007,9.040
4008,8.690
4009,10.055
4010,9.595
4011,9.261
4012,9.108
4013,9.293
4014,9.139
4015,9.255
4016,9.323
4017,9.090
4018,9.631
4019,9.488
4020,9.659
4021,9.526
4022,8.995
4023,9.103
4024,9.351
4025,9.323
4026,8.854
4027,9.127
4028,8.794
4029,9.176
4030,9.043
4031,9.082
4032,8.818
4033,8.563
4034,0.0
4035,0.0
4036,0.0
4037,0.0
4038,0.0
4043,9.407
4044,9.115
4039,0.0
4040,0.0
4045,60.344
4046,31.015
4047,9.777
4041,0.0
4048,9.789
4053,15.750
4049,0.0
4054,8.828
4055,18.576
4050,0.0
4051,0.0
4056,9.459
4057,15.351
4058,9.224
4059,30.552
4062,12.588
4063,32.749
4064,10.080
4060,0.0
4065,11.735
4066,13.684
4067,33.787
4068,10.789
4069,9.300
4070,11.364
4073,13.514
4074,10.838
4075,9.454
4076,37.346
4071,0.0
4077,9.279
4078,10.121
4079,9.094
4080,9.786
4081,8.913
4082,8.832
4083,14.082
4084,8.792
4085,10.702
4086,8.622
4087,8.927
4088,9.204
4089,35.734
4090,11.690
4091,9.509
4092,8.826
4093,33.449
4094,9.077
4095,8.813
4096,0.0
4097,0.0
4098,0.0
4103,9.375
4104,47.601
4099,0.0
4101,0.0
4107,10.965
4108,35.649
4105,0.0
4112,9.327
4109,0.0
4110,0.0
4115,21.893
4116,9.359
4117,8.674
4113,0.0
4120,9.489
4118,0.0
4126,9.097
4121,0.0
4122,0.0
4127,10.389
4124,0.0
4130,8.807
4131,22.103
4132,28.119
4128,0.0
4135,9.107
4136,41.205
4137,39.518
4138,9.007
4133,0.0
4142,15.242
4143,10.042
4144,12.134
4139,0.0
4140,0.0
4145,26.868
4148,8.724
4149,25.482
4150,15.844
4151,14.878
4146,0.0
4154,12.499
4152,0.0
4160,8.920
4155,0.0
4161,9.141
4162,29.964
4157,0.0
4158,0.0
4163,8.270
4164,8.607
4168,10.625
4171,9.590
4165,0.0
4166,0.0
4169,0.0
4175,11.364
4176,28.385
4172,0.0
4173,0.0
4180,8.970
4177,0.0
4181,8.943
4182,10.575
4183,10.230
4178,0.0
4184,20.693
4185,10.892
4186,11.445
4187,11.604
4188,28.250
4189,14.051
4190,12.305
4191,13.957
4192,27.344
4195,9.398
4196,8.941
4197,11.217
4198,9.041
4193,0.0
4199,9.545
4200,9.056
4201,23.722
4202,12.517
4203,8.916
4204,9.342
4205,36.817
4206,9.306
4207,12.781
4208,8.872
4209,49.941
4210,13.425
4211,18.087
4212,22.435
4213,17.925
4214,12.162
4215,8.674
4216,18.179
4219,10.990
4220,12.614
4221,10.795
4222,54.669
4217,0.0
4223,17.231
4224,8.938
4225,8.774
4226,9.028
4227,24.506
4228,11.282
4229,11.150
4230,9.044
4231,9.686
4232,18.617
4233,17.656
4234,18.949
4235,10.622
4236,12.846
4237,13.866
4238,24.193
4239,33.971
4240,10.019
4241,29.098
4242,8.759
4243,20.309
4246,8.931
4247,9.264
4248,10.637
4244,0.0
4249,11.371
4250,15.575
4251,16.296
4252,32.624
4253,12.199
4254,23.344
4255,8.729
4256,8.894
4257,13.774
4258,8.853
4259,16.273
4260,19.368
4261,9.471
4262,9.867
4263,8.902
4264,9.093
4265,29.860
4266,10.699
4267,28.913
4268,8.811
4269,9.350
4270,12.013
4271,9.251
4272,12.830
4273,10.334
4274,10.926
4275,10.484
4276,9.960
4277,9.435
4278,9.464
4279,11.992
4280,9.000
4281,9.150
4282,9.380
4283,15.318
4284,18.738
4285,10.919
4286,9.280
4287,27.137
4288,11.494
4289,15.405
4290,18.392
4291,9.904
4292,46.968
4293,9.733
4294,9.186
4295,32.204
4296,18.530
4297,35.819
4298,9.138
4299,8.969
4300,9.802
4301,10.946
4302,10.014
4303,8.796
4304,11.574
4305,9.232
4306,9.833
4307,9.374
4308,9.529
4309,12.157
4310,9.467
4311,9.204
4312,8.743
4313,10.949
4314,11.078
4315,12.066
4316,8.949
4317,29.373
4318,9.183
4319,9.468
4320,9.184
4321,11.610
4322,11.306
4323,10.522
4324,35.373
4325,9.546
4326,11.347
4327,8.951
4328,11.137
4329,13.102
4330,10.481
4331,10.935
4332,12.014
4333,8.883
4334,9.665
4335,9.036
4336,8.851
4337,11.653
4338,10.867
4339,11.414
4340,9.487
4341,11.845
4342,10.306
4343,12.446
4344,12.561
4345,10.915
4346,18.434
4347,30.532
4348,10.644
4349,10.986
4350,10.015
4351,11.464
4352,10.583
4353,11.605
4354,9.437
4355,14.480
4356,24.983
4357,18.392
4358,9.008
4359,8.604
4360,49.222
4361,10.360
4362,10.452
4363,24.023
4364,9.785
4365,12.390
4366,8.786
4367,8.836
4368,9.572
4369,16.640
4370,9.606
4371,10.936
4372,12.224
4373,57.356
4374,9.358
4375,9.253
4376,8.927
4377,38.560
4378,10.726
4379,10.662
4380,8.926
4381,33.079
4382,16.088
4383,9.499
4384,9.630
4385,11.365
4386,26.749
4387,8.901
4388,8.839
4389,10.589
4390,10.605
4391,8.909
4392,8.739
4393,13.445
4394,9.838
4395,10.641
4396,19.160
4397,12.074
4398,9.386
4399,10.098
4400,28.470
4401,12.522
4402,8.865
4403,11.360
4404,11.291
4405,9.128
4406,9.951
4407,28.053
4408,9.011
4409,8.646
4410,18.967
4411,9.420
4412,16.667
4413,11.190
4414,11.827
4415,9.654
4416,41.650
4417,11.360
4418,9.212
4419,9.218
4420,22.579
4421,11.716
4422,9.722
4423,10.224
4424,126.868
4425,11.554
4426,10.219
4427,12.279
4428,62.102
4429,27.100
4430,9.157
4431,9.205
4432,9.099
4433,32.453
4434,9.494
4435,11.421
4436,15.781
4437,11.307
4438,10.300
4439,40.629
4440,10.824
4441,11.660
4442,20.613
4443,8.811
4444,9.112
4445,17.290
4446,9.600
4447,8.726
4448,11.560
4449,9.319
4450,11.046
4451,11.687
4452,8.926
4453,8.918
4454,10.467
4455,20.221
4456,12.572
4457,38.783
4458,10.107
4459,47.044
4460,9.076
4461,10.350
4462,9.561
4463,9.955
4464,8.600
4465,9.662
4466,10.860
4467,41.018
4468,11.833
4469,9.596
4470,18.977
4471,11.794
4472,22.559
4473,13.136
4474,11.919
4475,10.341
4476,30.307
4477,11.943
4478,11.318
4479,9.437
4480,31.258
4481,15.952
4482,11.739
4483,9.136
4484,9.102
4485,11.347
4486,11.663
4487,9.403
4488,9.230
4489,11.876
4490,11.531
4491,18.494
4492,8.857
4493,28.484
4494,10.004
4495,9.593
4496,31.059
4497,11.476
4498,11.191
4499,12.248
4500,8.685
4501,52.607
4502,12.346
4503,8.751
4504,9.710
4505,11.344
4506,33.126
4507,10.583
4508,10.855
4509,8.897
4510,8.853
4511,16.147
4512,8.795
4513,9.518
4514,9.621
4515,11.349
4516,45.928
4517,10.567
4518,9.508
4519,11.822
4520,11.678
4521,10.532
4522,9.790
4523,30.576
4524,8.810
4525,11.104
4526,8.933
4527,9.584
4528,11.246
4529,11.348
4530,14.968
4531,9.121
4532,16.976
4533,11.973
4534,11.072
4535,10.059
4536,12.388
4537,12.297
4538,10.860
4539,12.101
4540,8.854
4541,23.354
4542,10.142
4543,13.457
4544,9.116
4545,10.774
4546,9.993
4547,9.908
4548,9.827
4549,9.141
4550,12.056
4551,16.362
4552,9.769
4553,10.747
4554,11.126
4555,9.116
4556,8.718
4557,8.726
4558,10.930
4559,10.232
4560,9.719
4561,10.431
4562,12.052
4563,9.293
4564,9.417
4565,9.051
4566,31.606
4567,11.477
4568,11.584
4569,9.539
4570,11.235
4571,54.429
4572,9.011
4573,10.632
4574,10.227
4575,18.964
4576,22.488
4577,10.246
4578,10.393
4579,9.666
4580,11.120
4581,10.955
4582,8.893
4583,14.360
4584,12.265
4585,9.543
4586,13.218
4587,10.939
4588,11.871
4589,10.481
4590,11.263
4591,9.597
4592,28.717
4593,9.365
4594,10.643
4595,9.686
4596,9.333
4597,15.862
4598,9.199
4599,8.930
4600,12.071
4601,30.026
4602,10.790
4603,9.460
4604,12.746
4605,12.432
4606,10.579
4607,9.053
4608,11.026
4611,18.242
4612,35.830
4609,0.0
4613,20.783
4614,10.767
4615,9.465
4616,9.225
4617,9.720
4618,11.674
4619,15.881
4620,9.652
4621,16.526
4622,42.294
4623,12.779
4624,19.110
4625,15.433
4626,11.546
4630,46.306
4631,28.804
4627,0.0
4628,0.0
4632,12.819
4633,11.458
4634,9.427
4635,39.375
4636,10.618
4637,9.643
4638,10.175
4639,35.167
4640,15.959
4641,10.042
4642,8.860
4643,9.841
4644,9.840
4645,9.320
4646,11.951
4647,12.809
4648,9.169
4649,10.529
4650,19.209
4651,23.846
4652,60.837
4653,53.815
4654,8.878
4655,10.112
4656,11.089
4657,26.638
4658,17.245
4659,9.165
4660,30.922
4663,9.602
4664,9.191
4661,0.0
4665,9.734
4666,10.630
4667,9.318
4668,9.308
4671,8.877
4669,0.0
4672,0.0
4676,11.758
4677,9.194
4678,9.157
4674,0.0
4679,14.747
4680,10.823
4681,10.375
4682,35.965
4683,16.928
4684,9.141
4685,9.466
4686,10.615
4687,27.715
4688,10.762
4689,10.777
4690,10.528
4691,11.088
4692,9.869
4693,9.570
4694,9.626
4695,9.287
4696,17.637
4697,13.217
4698,9.993
4699,9.489
4700,19.346
4701,12.637
4702,9.214
4703,11.238
4704,31.615
4705,13.516
4706,9.780
4707,10.305
4708,9.564
4709,11.423
4710,16.673
4711,9.476
4712,16.331
4713,23.821
4714,9.149
4715,9.182
4716,57.972
4717,27.775
4718,11.553
4719,9.572
4720,10.506
4721,27.987
4722,9.350
4723,12.305
4724,13.064
4725,9.735
4726,20.788
4727,9.379
4728,10.058
4729,14.856
4730,13.732
4731,10.494
4732,10.782
4733,9.472
4734,10.202
4735,26.111
4736,20.402
4737,12.711
4738,15.683
4739,11.045
4740,10.371
4741,10.346
4742,9.482
4743,21.838
4744,9.413
4745,10.734
4746,9.472
4749,9.423
4747,0.0
4752,9.231
4753,9.178
4750,0.0
4754,11.164
4755,10.806
4756,10.967
4760,28.023
4757,0.0
4761,9.543
4762,9.595
4763,9.221
4758,0.0
4764,8.845
4765,10.610
4766,11.618
4767,12.008
4768,10.201
4769,11.106
4770,9.958
4771,11.345
4772,9.809
4773,11.085
4774,9.869
4775,11.013
4776,9.364
4777,34.614
4778,9.345
4779,10.643
4780,9.846
4781,10.120
4782,11.019
4783,12.701
4784,9.690
4785,9.390
4786,11.075
4787,9.523
4788,10.537
4789,15.314
4790,31.588
4791,9.909
4792,10.455
4793,10.006
4794,9.891
4795,11.415
4796,9.771
4797,9.421
4798,8.668
4799,14.677
4800,11.838
4801,10.555
4802,9.073
4803,28.439
4804,9.525
4805,10.072
4806,17.966
4807,10.045
4808,11.095
4811,9.322
4812,17.144
4809,0.0
4813,12.416
4814,9.766
4815,11.403
4816,23.870
4817,10.258
4818,8.880
4819,10.437
4820,25.541
4821,9.731
4822,10.409
4823,9.278
4824,39.545
4825,13.591
4826,9.139
4827,8.843
4828,0.0
4829,0.0
4830,0.0
4834,9.970
4835,8.786
4836,28.338
4831,0.0
4832,0.0
4840,15.789
4837,0.0
4838,0.0
4843,8.448
4844,9.200
4841,0.0
4845,9.335
4846,9.172
4847,11.489
4848,9.483
4849,10.204
4850,12.194
4851,12.106
4852,9.105
4853,9.448
4854,9.238
4855,17.685
4856,10.523
4857,10.146
4858,8.802
4859,12.135
4860,13.899
4861,10.266
4862,8.914
4863,25.732
4864,8.700
4865,11.995
4866,9.081
4867,13.142
4868,14.322
4869,10.936
4870,9.945
4871,8.778
4872,10.604
4873,9.298
4874,9.043
4875,10.552
4879,9.011
4876,0.0
4877,0.0
4880,0.0
4882,0.0
4887,8.975
4888,8.969
4883,0.0
4884,0.0
4889,23.864
4890,18.438
4885,0.0
4891,8.912
4892,9.209
4893,28.299
4894,31.695
4895,21.514
4896,12.202
4897,8.896
4898,23.842
4899,9.202
4900,20.473
4901,10.576
4902,36.853
4903,12.353
4904,9.580
4907,9.164
4908,13.767
4909,9.135
4905,0.0
4910,8.762
4911,9.358
4912,10.457
4913,8.666
4914,8.902
4915,24.168
4916,10.733
4917,10.533
4918,10.602
4919,16.949
4920,8.609
4921,9.242
4922,11.090
4923,9.516
4924,18.424
4925,12.797
4926,9.152
4927,12.511
4928,53.709
4929,9.592
4930,9.260
4931,12.273
4932,34.659
4933,19.351
4934,9.143
4935,10.387
4936,11.239
4937,8.759
4938,8.931
4939,8.563
4940,9.713
4941,9.580
4942,8.677
4943,9.432
4944,8.698
4945,11.144
4946,8.843
4947,9.731
4948,8.944
4949,11.317
4950,9.460
4951,8.949
4952,10.515
4953,35.243
4954,18.249
4955,8.870
4956,8.680
4957,12.768
4958,75.926
4959,112.375
4960,11.635
4963,25.120
4964,8.948
4965,11.773
4966,9.446
4961,0.0
4967,10.210
4968,9.727
4969,12.141
4970,10.714
4971,23.317
4972,9.469
4973,11.053
4974,9.100
4975,11.002
4976,9.647
4977,10.766
4978,9.376
4979,9.359
4980,9.634
4981,8.824
4982,9.310
4983,57.699
4984,22.290
4985,11.148
4986,9.349
4987,11.173
4988,9.787
4989,11.533
4990,9.629
4991,9.758
4992,9.783
4993,20.051
4994,8.754
4995,10.759
4996,9.471
4997,13.770
4998,9.031
4999,9.253
5000,9.014
5001,11.639
5002,19.789
5006,9.850
5003,0.0
5007,8.844
5008,9.029
5004,0.0
5009,11.283
5010,9.860
5011,9.503
5012,8.903
5013,9.643
5014,28.523
5015,8.981
5016,9.527
5017,10.070
5018,44.761
5019,9.793
5020,9.711
5021,10.754
5022,9.561
5023,28.719
5024,9.054
5025,10.551
5026,13.317
5027,12.918
5028,0.0
5034,8.796
5030,0.0
5032,0.0
5038,11.623
5039,8.798
5035,0.0
5036,0.0
5040,29.104
5041,0.0
5046,9.240
5047,10.430
5043,0.0
5044,0.0
5048,0.0
5049,0.0
5054,8.873
5055,10.217
5050,0.0
5051,0.0
5052,0.0
5056,8.795
5057,11.325
5058,9.518
5059,10.552
5060,9.941
5061,35.453
5062,0.0
5063,0.0
5064,0.0
5065,0.0
5066,0.0
5067,0.0
5068,0.0
5069,0.0
5070,0.0
5071,0.0
5072,0.0
5073,0.0
5074,0.0
5075,0.0
5080,12.769
5081,10.347
5076,0.0
5077,0.0
5078,0.0
5082,9.105
5083,12.001
5084,10.518
5085,10.006
5086,8.970
5087,9.938
5088,39.463
5089,10.265
5090,11.389
5091,9.264
5092,18.919
5093,24.466
5094,8.972
5095,0.0
5101,13.315
5096,0.0
5097,0.0
5102,8.552
5103,9.070
5098,0.0
5099,0.0
5104,10.826
5105,10.958
5106,8.744
5107,8.873
5108,9.482
5111,8.913
5112,9.639
5113,22.034
5109,0.0
5114,11.847
5115,0.0
5116,0.0
5117,0.0
5118,0.0
5119,0.0
5120,0.0
5121,0.0
5122,0.0
5127,12.210
5123,0.0
5128,8.905
5129,8.906
5130,30.921
5125,0.0
5131,10.891
5134,38.159
5137,10.767
5132,0.0
5138,40.179
5139,38.207
5135,0.0
5140,14.053
5141,9.302
5142,13.464
5143,26.566
5144,8.820
5145,9.599
5146,9.431
5147,8.876
5148,29.827
5149,12.791
5150,10.036
5151,8.950
5152,12.591
5153,9.901
5154,8.864
5155,10.146
5156,15.255
5157,9.259
5158,13.651
5159,9.022
5160,32.244
5161,12.127
5162,9.328
5163,0.0
5167,21.191
5168,9.516
5169,11.474
5164,0.0
5165,0.0
5170,8.844
5171,9.002
5172,11.102
5173,30.845
5174,10.995
5175,8.759
5176,9.237
5177,10.335
5178,11.311
5179,9.429
5180,9.202
5181,9.385
5182,27.865
5183,9.478
5184,8.968
5185,10.447
5186,12.152
5187,9.092
5188,9.417
5189,11.940
5190,9.790
5191,10.320
5192,9.945
5193,9.282
5194,8.869
5195,10.595
5196,0.0
5197,0.0
5198,0.0
5200,0.0
5206,11.934
5202,0.0
5207,8.902
5208,23.685
5209,20.500
5203,0.0
5204,0.0
5210,19.948
5211,19.285
5212,29.142
5213,9.142
5214,8.934
5215,8.882
5216,31.307
5217,10.142
5218,9.528
5219,8.960
5220,57.298
5223,12.888
5224,8.943
5221,0.0
5225,27.729
5226,9.102
5227,9.316
5228,8.844
5229,27.713
5230,11.033
5231,8.978
5232,9.006
5233,60.330
5234,11.090
5235,9.323
5236,9.403
5240,9.448
5237,0.0
5238,0.0
5241,0.0
5246,56.186
5242,0.0
5243,0.0
5249,10.814
5244,0.0
5250,8.824
5251,11.046
5247,0.0
5252,8.759
5253,8.508
5254,8.516
5255,32.322
5256,8.537
5257,9.789
5258,9.206
5259,34.348
5260,46.445
5261,17.546
5262,8.534
5263,0.0
5264,0.0
5265,0.0
5266,0.0
5267,0.0
5273,9.213
5268,0.0
5269,0.0
5270,0.0
5274,12.767
5275,8.846
5276,8.663
5271,0.0
5277,12.087
5278,24.398
5279,8.321
5280,17.228
5281,25.945
5282,8.953
5283,9.042
5284,8.734
5285,12.838
5286,9.109
5287,9.188
5288,10.378
5289,50.360
5290,20.098
5291,8.653
5292,8.404
5293,11.786
5294,27.457
5295,31.405
5296,8.980
5297,11.028
5298,31.616
5299,16.849
5300,8.880
5301,10.346
5302,32.700
5303,22.908
5304,8.795
5305,9.663
5306,0.0
5307,0.0
5309,0.0
5313,10.377
5314,11.810
5315,49.061
5310,0.0
5311,0.0
5316,8.474
5317,18.657
5318,13.181
5319,43.260
5320,18.119
5321,0.0
5322,0.0
5323,0.0
5328,25.678
5325,0.0
5326,0.0
5332,33.492
5333,14.835
5329,0.0
5330,0.0
5334,13.245
5335,15.697
5336,0.0
5340,8.961
5341,33.266
5342,9.188
5338,0.0
5343,38.612
5344,10.779
5345,37.528
5346,17.183
5347,44.836
5348,9.289
5349,9.976
5350,20.938
5351,8.605
5352,11.072
5353,14.244
5354,27.861
5355,9.702
5356,16.147
5357,8.975
5358,29.161
5359,12.718
5360,9.167
5361,0.0
5367,24.235
5368,8.344
5363,0.0
5364,0.0
5369,8.586
5370,8.899
5365,0.0
5373,9.586
5371,0.0
5376,13.576
5377,21.308
5378,8.877
5374,0.0
5379,10.946
5380,24.017
5381,24.861
5382,9.064
5383,8.642
5384,32.890
5385,10.287
5386,10.333
5387,9.849
5388,32.097
5389,12.767
5390,10.265
5391,8.861
5392,12.996
5393,27.349
5394,8.373
5395,13.684
5396,8.284
5397,27.973
5398,14.465
5399,31.163
5400,13.690
5401,33.512
5402,12.146
5403,9.846
5404,9.523
5405,9.605
5406,10.255
5407,11.065
5410,12.059
5411,23.920
5412,8.374
5408,0.0
5413,19.176
5414,26.887
5415,9.339
5416,8.911
5419,22.800
5420,8.946
5421,11.207
5417,0.0
5422,8.507
5423,37.666
5427,31.288
5428,10.547
5424,0.0
5425,0.0
5429,10.953
5430,11.011
5433,17.903
5434,41.859
5435,12.012
5436,18.627
5431,0.0
5437,23.475
5440,32.046
5441,10.603
5442,10.228
5438,0.0
5443,10.572
5444,11.977
5445,9.272
5446,9.126
5447,9.197
5448,9.179
5449,17.771
5450,9.603
5451,22.204
5452,11.228
5453,25.877
5454,9.691
5455,8.704
5456,9.818
5457,39.187
5458,9.349
5459,8.688
5460,19.836
5461,34.337
5462,14.957
5463,8.747
5464,10.560
5465,9.607
5466,24.566
5467,9.484
5468,9.060
5469,10.848
5470,10.289
5471,9.294
5472,8.956
5473,9.311
5474,32.652
5475,10.486
5476,0.0
5477,0.0
5478,0.0
5479,0.0
5484,8.900
5485,16.219
5480,0.0
5481,0.0
5482,0.0
5486,0.0
5487,0.0
5488,0.0
5489,0.0
5490,0.0
5491,0.0
5492,0.0
5493,0.0
5499,8.904
5495,0.0
5500,27.383
5501,35.874
5496,0.0
5497,0.0
5502,8.849
5503,10.895
5504,35.857
5505,18.082
5511,9.166
5506,0.0
5507,0.0
5512,10.430
5513,32.779
5514,9.185
5508,0.0
5509,0.0
5515,13.308
5516,9.161
5517,35.693
5518,0.0
5519,0.0
5525,9.192
5526,30.135
5521,0.0
5522,0.0
5523,0.0
5527,13.506
5528,9.561
5529,9.129
5530,10.660
5531,11.221
5532,14.251
5533,23.708
5536,9.648
5537,11.094
5538,8.958
5534,0.0
5541,8.936
5542,9.442
5539,0.0
5543,0.0
5544,0.0
5545,0.0
5549,39.461
5550,27.051
5551,8.903
5546,0.0
5547,0.0
5552,24.214
5553,9.192
5554,43.709
5555,9.066
5556,24.645
5557,16.961
5558,0.0
5559,0.0
5561,0.0
5565,44.988
5566,9.687
5567,8.934
5562,0.0
5563,0.0
5568,9.329
5569,28.955
5570,11.875
5571,10.998
5575,9.352
5576,9.008
5577,9.173
5572,0.0
5573,0.0
5578,13.468
5579,25.798
5580,9.916
5581,14.908
5582,27.667
5583,12.747
5584,0.0
5585,0.0
5590,9.339
5586,0.0
5587,0.0
5588,0.0
5591,0.0
5596,12.472
5597,9.032
5592,0.0
5594,0.0
5598,11.310
5599,36.297
5600,13.035
5601,11.240
5602,9.209
5603,12.109
5604,13.264
5605,10.860
5606,11.867
5607,9.456
5608,10.181
5609,63.580
5610,10.044
5611,9.145
5612,10.512
5613,10.350
5614,8.883
5615,9.526
5616,33.225
5617,10.816
5618,9.161
5619,9.350
5620,9.625
5621,11.662
5622,11.180
5623,8.892
5624,9.126
5625,11.650
5626,9.546
5627,9.085
5628,10.818
5629,51.841
5630,12.190
5631,8.702
5632,10.878
5633,10.702
5634,0.0
5635,0.0
5640,9.542
5636,0.0
5638,0.0
5643,9.689
5644,8.844
5641,0.0
5648,8.936
5649,11.794
5650,14.694
5645,0.0
5646,0.0
5653,10.349
5654,11.675
5655,30.368
5656,13.873
5651,0.0
5659,53.023
5660,8.759
5661,13.014
5657,0.0
5662,9.272
5663,11.287
5664,19.361
5665,9.683
5666,9.424
5667,9.102
5668,31.608
5671,9.231
5672,8.664
5669,0.0
5673,12.718
5674,9.066
5675,9.701
5676,11.886
5677,16.294
5678,28.725
5679,10.435
5680,9.512
5681,25.343
5682,8.702
5683,9.529
5684,25.425
5685,37.775
5686,0.0
5687,0.0
5692,9.056
5693,10.457
5688,0.0
5690,0.0
5694,24.367
5695,10.329
5696,10.351
5697,13.631
5698,31.101
5699,12.111
5700,9.992
5701,9.278
5702,60.442
5706,9.644
5703,0.0
5707,14.186
5708,11.963
5709,9.346
5704,0.0
5710,10.332
5711,10.738
5712,9.079
5713,12.644
5714,19.361
5715,60.546
5716,9.707
5717,10.089
5720,11.453
5721,40.914
5722,12.264
5723,10.926
5718,0.0
5724,30.554
5725,9.704
5726,9.958
5727,9.706
5728,27.557
5729,30.598
5730,10.317
5731,9.794
5732,11.962
5733,15.876
5738,9.986
5734,0.0
5735,0.0
5739,9.162
5740,8.795
5736,0.0
5743,12.203
5744,8.775
5741,0.0
5745,35.060
5746,8.996
5747,17.942
5748,12.052
5749,11.903
5750,0.0
5751,0.0
5756,8.987
5757,8.960
5752,0.0
5754,0.0
5761,11.196
5762,8.998
5758,0.0
5759,0.0
5763,10.788
5764,9.713
5765,9.454
5766,11.867
5767,0.0
5772,9.880
5773,8.587
5768,0.0
5769,0.0
5770,0.0
5774,9.065
5775,9.741
5776,11.104
5777,15.866
5778,10.859
5781,11.579
5782,38.240
5779,0.0
5783,10.238
5784,37.032
5785,9.205
5786,9.398
5787,9.568
5788,32.621
5789,24.144
5790,15.516
5791,9.136
5792,9.710
5793,21.024
5794,12.693
5795,9.827
5796,8.522
5797,28.593
5798,9.195
5799,11.334
5800,10.759
5801,29.831
5802,9.514
5803,9.984
5804,20.632
5805,8.935
5806,10.045
5807,9.277
5808,8.612
5809,49.073
5810,26.061
5811,11.194
5812,11.269
5813,9.457
5814,27.778
5815,13.981
5816,8.901
5817,10.966
5818,35.523
5819,44.425
5820,9.708
5825,25.407
5821,0.0
5823,0.0
5830,28.638
5831,34.573
5826,0.0
5828,0.0
5832,48.114
5833,12.161
5834,11.595
5835,15.148
5836,21.464
5842,8.878
5837,0.0
5839,0.0
5843,9.373
5844,61.483
5845,9.378
5840,0.0
5846,0.0
5848,0.0
5849,0.0
5855,9.532
5851,0.0
5856,8.655
5857,24.818
5858,20.667
5853,0.0
5859,8.742
5860,32.996
5861,0.0
5865,9.612
5862,0.0
5863,0.0
5866,0.0
5872,24.836
5867,0.0
5873,10.616
5874,61.309
5875,21.947
5869,0.0
5870,0.0
5878,10.113
5879,35.628
5880,21.919
5876,0.0
5881,14.873
5884,18.715
5885,12.675
5882,0.0
5889,13.672
5890,9.280
5886,0.0
5887,0.0
5891,0.0
5892,0.0
5896,11.640
5897,65.271
5898,9.037
5894,0.0
5899,9.494
5900,28.956
5901,40.180
5904,56.197
5905,17.588
5906,11.202
5907,9.568
5902,0.0
5908,9.170
5909,23.278
5910,8.712
5911,11.005
5912,9.955
5913,32.366
5914,10.451
5915,9.115
5916,11.852
5917,9.267
5918,11.764
5919,10.488
5920,8.794
5921,8.845
5922,21.333
5923,8.963
5924,9.115
5925,8.914
5926,10.714
5927,10.731
5928,10.024
5929,27.138
5930,11.864
5931,9.794
5932,12.916
5933,10.116
5934,10.221
5935,11.702
5936,14.797
5937,8.868
5938,9.356
5939,153.898
5940,9.160
5941,10.262
5942,8.810
5943,10.593
5944,28.510
5945,10.325
5946,10.213
5947,10.478
5948,16.600
5949,14.036
5950,8.856
5953,9.848
5954,23.236
5955,9.595
5951,0.0
5958,8.664
5959,9.020
5960,9.085
5956,0.0
5961,9.939
5962,10.116
5963,9.408
5964,48.277
5965,21.753
5966,10.363
5967,13.657
5968,10.045
5969,34.473
5970,12.146
5971,10.281
5972,10.373
5973,10.683
5974,30.379
5975,8.856
5976,8.823
5977,8.866
5978,21.175
5979,11.613
5980,11.209
5981,10.076
5984,8.998
5985,9.430
5982,0.0
5988,9.525
5989,8.933
5990,8.895
5991,10.397
5986,0.0
5992,9.202
5993,9.877
5994,9.988
5995,10.703
5996,10.053
5997,15.394
5998,10.179
5999,33.849
6000,11.666
6001,10.595
6002,11.638
6003,13.266
6004,10.438
6005,14.905
6006,8.783
6007,9.126
6008,22.517
6009,9.822
6010,9.004
6011,22.807
6012,43.826
6013,11.250
6014,16.568
6015,10.820
6016,13.059
6017,8.919
6018,9.012
6019,30.326
6020,9.868
6021,14.106
6022,8.962
6023,9.276
6024,9.069
6025,26.875
6026,40.282
6027,9.626
6028,11.401
6029,27.232
6030,10.528
6031,8.851
6032,10.179
6033,9.348
6034,17.208
6035,10.714
6036,11.312
6037,9.001
6038,13.108
6039,13.354
6040,10.336
6041,10.427
6042,14.710
6043,10.627
6044,12.139
6045,9.951
6046,9.890
6050,46.126
6047,0.0
6051,21.038
6052,9.445
6053,22.716
6048,0.0
6054,53.916
6055,13.252
6056,15.379
6057,12.414
6058,9.957
6059,32.901
6060,10.671
6061,9.959
6062,12.018
6063,10.969
6064,63.391
6065,9.679
6066,9.508
6067,9.531
6068,10.308
6069,11.451
6070,13.060
6071,10.635
6072,11.888
6073,10.312
6074,9.142
6075,9.461
6076,11.573
6077,10.291
6078,11.618
6079,9.459
6080,9.391
6081,10.544
6082,9.286
6083,13.779
6084,12.328
6085,13.131
6086,10.301
6087,9.734
6088,12.922
6089,34.574
6090,9.976
6091,42.920
6092,8.696
6093,12.734
6094,24.344
6095,9.742
6096,9.642
6097,9.817
6098,31.456
6099,28.485
6100,10.740
6101,9.029
6102,10.388
6103,9.250
6104,10.352
6105,9.090
6106,9.684
6107,9.544
6108,11.228
6109,14.737
6110,8.833
6111,13.210
6112,35.722
6113,9.451
6114,9.737
6115,9.903
6116,14.275
6117,9.139
6118,9.772
6119,8.681
6120,9.022
6121,8.747
6122,10.008
6123,10.820
6124,26.494
6125,12.424
6126,9.013
6127,9.601
6128,9.774
6129,10.658
6130,8.920
6131,8.817
6132,9.340
6133,8.666
6134,8.915
6135,8.850
6136,0.0
6137,0.0
6138,0.0
6140,0.0
6141,0.0
6145,41.650
6146,20.060
6147,10.634
6143,0.0
6150,33.367
6151,124.412
6152,8.568
6153,9.059
6148,0.0
6154,27.247
6155,13.622
6156,10.434
6160,10.058
6157,0.0
6158,0.0
6161,0.0
6163,0.0
6169,13.984
6164,0.0
6165,0.0
6166,0.0
6170,9.680
6171,9.053
6172,8.534
6167,0.0
6173,8.787
6174,0.0
6175,0.0
6176,0.0
6177,0.0
6182,8.742
6183,8.976
6184,30.975
6178,0.0
6179,0.0
6180,0.0
6185,17.158
6186,11.549
6187,8.748
6190,8.982
6191,39.760
6188,0.0
6192,0.0
6193,0.0
6195,0.0
6196,0.0
6201,10.778
6197,0.0
6198,0.0
6202,13.723
6203,9.586
6204,8.386
6199,0.0
6205,0.0
6206,0.0
6207,0.0
6208,0.0
6209,0.0
6210,0.0
6214,25.423
6215,16.240
6216,17.274
6211,0.0
6212,0.0
6217,9.566
6218,11.355
6221,13.121
6222,39.067
6223,10.053
6219,0.0
6224,25.794
6225,8.706
6226,9.248
6227,0.0
6228,0.0
6229,0.0
6230,0.0
6231,0.0
6232,0.0
6236,9.930
6237,9.169
6234,0.0
6238,9.607
6239,9.102
6240,45.355
6241,9.157
6242,9.646
6243,8.915
6244,11.069
6245,10.548
6246,9.660
6247,11.580
6248,10.880
6249,13.407
6250,39.457
6251,9.699
6252,10.455
6253,23.017
6254,12.988
6255,17.286
6256,12.075
6257,18.388
6258,11.944
6261,27.028
6262,12.112
6263,11.974
6264,12.206
6259,0.0
6265,13.509
6268,12.635
6269,13.062
6266,0.0
6270,23.220
6271,12.866
6274,58.572
6275,12.064
6276,16.099
6272,0.0
6277,13.788
6278,16.195
6279,15.812
6280,11.393
6281,11.600
6282,11.269
6283,61.845
6284,15.060
6285,12.250
6286,11.901
6287,13.107
6288,12.808
6289,15.745
6290,8.973
6291,29.543
6292,10.322
6293,11.123
6294,0.0
6299,13.771
6295,0.0
6296,0.0
6297,0.0
6300,0.0
6301,0.0
6302,0.0
6306,9.276
6303,0.0
6304,0.0
6310,10.199
6307,0.0
6311,9.997
6312,10.492
6313,24.922
6308,0.0
6314,11.338
6315,9.349
6316,10.434
6317,37.215
6318,8.785
6319,9.229
6320,11.197
6321,9.273
6322,9.788
6323,8.638
6324,9.075
6325,9.687
6326,10.055
6327,12.411
6328,8.742
6329,8.966
6330,11.415
6331,9.740
6332,11.026
6333,9.496
6334,29.943
6335,14.729
6336,9.811
6337,13.944
6338,11.378
6339,19.509
6340,20.183
6341,10.044
6342,11.038
6343,27.610
6344,9.059
6345,8.854
6346,10.757
6347,11.066
6348,10.259
6349,10.733
6350,22.400
6351,11.212
6352,16.590
6355,9.884
6356,11.988
6357,9.835
6353,0.0
6358,10.344
6359,9.760
6360,16.195
6361,10.423
6362,13.030
6363,10.696
6364,12.107
6365,16.448
6366,10.075
6367,10.198
6368,10.412
6369,28.439
6370,14.550
6371,13.751
6372,10.200
6373,12.631
6374,8.624
6375,9.509
6376,8.872
6377,30.925
6378,11.913
6379,12.615
6380,8.871
6381,9.070
6382,22.877
6383,12.744
6384,9.044
6385,10.056
6386,10.206
6387,8.709
6388,10.379
6389,10.408
6390,26.504
6391,9.071
6392,9.212
6393,10.090
6394,8.859
6395,15.992
6396,9.005
6397,10.220
6398,9.879
6399,26.075
6400,10.364
6401,9.155
6402,10.148
6403,64.007
6404,10.669
6405,10.767
6406,8.730
6407,9.051
6408,9.154
6409,102.998
6410,10.708
6411,9.229
6412,11.884
6413,21.468
6414,12.416
6415,9.101
6416,16.524
6417,9.677
6418,9.182
6421,9.168
6422,9.505
6419,0.0
6423,8.950
6424,9.096
6425,19.284
6426,8.933
6427,19.079
6428,20.170
6429,29.342
6430,12.586
6433,36.892
6434,10.369
6435,8.573
6431,0.0
6436,8.866
6437,35.846
6438,14.094
6439,10.392
6440,9.212
6441,10.626
6442,33.276
6443,9.124
6444,15.763
6445,12.208
6446,25.531
6447,11.610
6448,33.087
6449,20.761
6450,48.603
6451,54.989
6452,52.782
6453,11.055
6454,12.124
6455,26.756
6456,9.202
6457,10.971
6458,11.002
6459,14.077
6460,9.230
6461,9.017
6462,11.262
6463,8.695
6467,9.234
6464,0.0
6465,0.0
6470,9.196
6471,11.004
6472,28.045
6468,0.0
6473,11.063
6474,10.561
6475,11.540
6476,9.144
6477,9.666
6478,9.484
6479,9.335
6480,9.388
6481,12.254
6482,10.580
6483,9.339
6484,9.321
6485,31.925
6486,18.854
6487,9.071
6488,15.204
6489,31.144
6490,9.473
6491,10.419
6492,11.247
6493,33.616
6494,13.595
6495,9.910
6496,9.599
6497,9.376
6498,27.388
6499,9.165
6500,9.573
6501,9.280
6502,35.755
6503,29.467
6504,10.028
6505,9.318
6506,10.308
6507,9.205
6508,9.687
6509,11.050
6510,9.106
6511,10.682
6512,10.426
6513,9.933
6514,10.469
6515,34.276
6516,9.221
6517,9.361
6518,8.733
6519,28.722
6520,9.446
6521,10.447
6522,9.661
6523,8.966
6524,21.136
6525,8.852
6526,11.200
6527,8.771
6528,10.194
6529,9.919
6530,10.327
6531,9.522
6532,25.702
6533,10.729
6534,12.678
6535,9.157
6536,8.962
6537,10.500
6538,9.035
6539,9.442
6540,8.901
6541,10.284
6542,8.939
6543,8.374
6544,9.172
6545,34.378
6546,10.865
6547,9.106
6548,9.428
6549,32.287
6550,10.921
6551,8.698
6552,8.687
6553,10.620
6554,20.431
6555,9.675
6556,9.097
6557,13.722
6558,9.619
6559,36.583
6560,8.890
6563,9.928
6564,9.177
6565,14.112
6561,0.0
6566,13.650
6567,12.733
6568,8.828
6569,33.382
6570,9.495
6571,24.739
6572,9.103
6573,9.055
6574,14.623
6575,34.934
6576,8.944
6577,13.693
6578,10.165
6579,37.408
6580,16.137
6581,30.871
6582,9.058
6583,8.964
6584,25.068
6585,22.283
6586,18.273
6587,9.705
6588,0.0
6589,0.0
6595,8.723
6591,0.0
6596,9.815
6593,0.0
6600,11.065
6601,14.973
6597,0.0
6598,0.0
6604,9.059
6605,9.605
6606,11.213
6602,0.0
6609,9.397
6610,12.762
6611,9.080
6607,0.0
6612,9.062
6615,10.188
6616,8.832
6617,11.434
6613,0.0
6618,28.395
6619,9.983
6620,15.086
6623,10.359
6624,13.083
6621,0.0
6625,14.385
6626,10.468
6627,10.647
6628,10.448
6629,28.475
6630,10.588
6631,10.372
6632,8.811
6633,10.991
6634,31.831
6635,36.152
6636,9.607
6639,8.996
6640,9.783
6637,0.0
6641,10.496
6642,12.775
6643,9.026
6644,10.868
6645,9.135
6646,8.606
6647,8.666
6648,8.728
6649,8.676
6650,8.643
6651,10.903
6655,8.646
6656,9.469
6657,31.519
6652,0.0
6653,0.0
6658,8.996
6659,9.069
6660,8.970
6661,10.131
6662,9.719
6663,38.221
6666,11.454
6667,10.556
6664,0.0
6668,10.654
6669,9.735
6670,13.579
6671,9.150
6672,9.164
6673,8.647
6674,35.041
6675,11.820
6676,9.319
6677,59.755
6678,10.036
6683,10.504
6679,0.0
6681,0.0
6684,0.0
6685,0.0
6689,8.619
6687,0.0
6692,11.364
6693,9.310
6694,8.850
6690,0.0
6695,11.681
6696,45.376
6697,10.422
6698,12.302
6699,8.700
6704,11.472
6705,11.075
6700,0.0
6702,0.0
6708,8.852
6709,14.630
6706,0.0
6710,0.0
6716,41.471
6711,0.0
6712,0.0
6713,0.0
6717,25.748
6718,10.315
6719,11.054
6714,0.0
6720,12.090
6721,10.218
6722,41.915
6725,12.313
6726,12.363
6723,0.0
6727,13.054
6728,9.756
6729,9.869
6732,9.207
6733,9.003
6734,28.780
6730,0.0
6737,11.114
6738,9.420
6735,0.0
6739,10.822
6740,9.569
6741,8.690
6744,9.432
6745,9.291
6746,10.517
6747,10.474
6742,0.0
6748,9.399
6749,14.922
6750,10.734
6751,9.461
6752,19.213
6753,17.286
6754,10.858
6759,20.706
6760,12.860
6755,0.0
6757,0.0
6763,10.210
6764,33.158
6765,13.809
6761,0.0
6766,8.919
6767,0.0
6771,11.046
6772,9.487
6769,0.0
6775,9.042
6776,9.404
6777,30.411
6778,8.774
6773,0.0
6779,8.633
6780,10.240
6781,8.846
6782,9.563
6783,20.884
6784,8.854
6785,46.008
6786,26.672
6787,10.784
6788,11.529
6789,27.547
6790,28.226
6791,9.344
6792,9.568
6793,9.082
6794,35.120
6795,29.789
6796,10.697
6797,31.620
6798,10.352
6799,25.842
6800,14.477
6801,10.796
6802,10.699
6803,24.585
6804,11.653
6805,17.685
6806,13.055
6807,33.722
6808,14.984
6809,12.448
6810,12.328
6811,40.798
6812,26.265
6813,10.848
6814,10.810
6815,11.211
6816,31.992
6817,10.945
6818,30.069
6819,10.879
6820,30.941
6821,11.147
6822,10.678
6823,16.584
6824,10.010
6825,19.302
6826,10.265
6827,10.839
6828,67.463
6829,26.511
6830,8.595
6831,11.080
6832,8.847
6833,32.675
6834,10.793
6835,10.512
6836,9.066
6837,35.992
6838,17.309
6839,11.887
6840,9.254
6841,9.445
6842,55.082
6843,8.967
6844,14.338
6845,10.238
6846,67.540
6847,8.724
6848,9.571
6849,9.324
6850,36.748
6851,14.225
6852,9.268
6853,15.828
6854,49.532
6855,21.892
6856,11.170
6857,10.156
6858,8.691
6859,30.543
6860,9.045
6861,8.809
6862,11.079
6863,41.893
6864,10.668
6865,8.968
6866,14.451
6867,9.240
6868,19.784
6869,10.300
6870,12.496
6871,8.753
6872,29.552
6873,17.810
6874,10.248
6875,16.041
6876,28.303
6877,9.613
6878,12.791
6879,10.752
6880,37.673
6881,19.402
6882,8.720
6883,9.548
6884,14.287
6885,32.063
6886,9.113
6887,8.748
6888,97.006
6889,163.577
6890,118.239
6891,47.087
6892,96.773
6893,39.191
6894,19.510
6895,11.192
6896,10.678
6897,48.970
6898,28.873
6899,9.160
6900,9.411
6901,21.768
6902,58.201
6903,8.935
6904,9.088
6905,9.213
6906,38.138
6907,41.485
6908,8.673
6909,10.273
6910,8.642
6911,43.105
6912,9.641
6913,10.589
6914,19.685
6915,35.648
6916,10.017
6917,9.216
6918,9.211
6919,31.293
6920,42.805
6921,8.729
6922,9.781
6923,36.579
6924,24.508
6925,10.194
6926,9.126
6929,9.977
6930,10.764
6927,0.0
6931,11.670
6932,28.980
6933,9.075
6934,10.894
6935,10.099
6936,49.314
6937,19.065
6938,12.131
6939,9.235
6940,9.787
6941,24.339
6942,18.987
6945,10.438
6946,12.321
6947,10.325
6948,12.189
6943,0.0
6949,34.511
6950,17.785
6954,22.164
6955,20.865
6951,0.0
6956,8.596
6957,47.535
6958,30.765
6952,0.0
6959,15.377
6960,8.895
6961,18.128
6962,14.893
6963,10.274
6966,8.910
6967,17.168
6964,0.0
6968,8.953
6969,8.366
6970,14.610
6974,9.353
6975,11.242
6971,0.0
6976,9.685
6977,8.687
6972,0.0
6978,9.066
6979,8.811
6980,17.429
6983,11.900
6984,12.818
6985,14.956
6981,0.0
6986,11.224
6987,9.208
6988,9.593
6989,11.557
6990,9.400
6991,10.142
6992,33.212
6993,8.750
6994,9.494
6995,17.977
6996,9.788
6997,25.056
6998,10.532
6999,10.931
7000,8.851
7001,30.651
7002,14.848
7003,9.177
7004,8.858
7005,29.452
7006,13.475
7007,8.794
7008,9.759
7009,9.467
7010,19.510
7011,12.488
7012,9.169
7016,10.230
7017,8.729
7018,27.927
7013,0.0
7014,0.0
7019,9.102
7020,8.704
7021,9.942
7022,8.895
7023,16.927
7024,8.912
7025,9.465
7026,10.239
7027,24.464
7028,14.962
7029,10.745
7030,9.387
7031,24.359
7032,9.789
7033,10.312
7034,9.546
7035,33.951
7036,15.477
7037,8.762
7038,15.411
7039,8.759
7040,23.370
7041,8.864
7042,26.187
7043,9.008
7044,29.627
7045,8.691
7046,24.026
7047,8.679
7048,36.125
7049,12.130
7050,39.453
7051,9.721
7054,70.669
7052,0.0
7059,12.807
7055,0.0
7060,8.690
7061,26.684
7057,0.0
7064,9.019
7065,9.583
7066,18.134
7067,11.257
7062,0.0
7068,10.089
7069,8.573
7070,15.657
7071,10.571
7072,8.886
7073,8.428
7078,9.418
7074,0.0
7079,9.637
7080,15.026
7076,0.0
7081,9.023
7082,12.991
7083,10.495
7084,23.373
7085,8.382
7086,10.610
7087,28.632
7088,9.438
7091,16.338
7092,12.863
7089,0.0
7093,9.852
7096,18.412
7097,8.873
7098,9.497
7099,10.407
7094,0.0
7100,9.608
7101,11.283
7102,14.589
7108,8.987
7103,0.0
7104,0.0
7109,16.890
7110,9.415
7106,0.0
7115,8.915
7116,11.138
7111,0.0
7113,0.0
7117,32.345
7118,10.641
7119,9.477
7120,14.218
7121,8.562
7126,22.955
7122,0.0
7127,11.062
7128,9.485
7129,8.986
7124,0.0
7130,11.379
7131,10.321
7132,9.569
7133,10.734
7134,0.0
7135,0.0
7142,10.867
7137,0.0
7139,0.0
7143,9.767
7144,8.685
7145,37.841
7140,0.0
7146,10.897
7147,28.284
7150,10.964
7151,9.971
7148,0.0
7152,24.403
7156,25.955
7157,8.649
7158,10.841
7153,0.0
7154,0.0
7163,12.474
7159,0.0
7164,11.588
7165,10.648
7161,0.0
7166,10.361
7167,9.767
7172,8.919
7168,0.0
7169,0.0
7170,0.0
7175,8.999
7176,11.808
7173,0.0
7177,30.936
7178,15.877
7179,8.269
7180,12.394
7181,39.178
7182,21.741
7183,15.016
7184,8.857
7187,9.062
7188,16.636
7185,0.0
7191,9.572
7192,11.989
7189,0.0
7195,10.496
7196,8.883
7197,9.239
7193,0.0
7198,8.937
7199,0.0
7200,0.0
7201,0.0
7202,0.0
7204,0.0
7206,0.0
7212,28.468
7207,0.0
7208,0.0
7209,0.0
7210,0.0
7213,0.0
7214,0.0
7216,0.0
7218,0.0
7219,0.0
7225,12.562
7221,0.0
7222,0.0
7223,0.0
7226,0.0
7227,0.0
7232,13.544
7228,0.0
7229,0.0
7230,0.0
7233,0.0
7235,0.0
7237,0.0
7238,0.0
7242,24.995
7243,8.969
7244,9.535
7240,0.0
7245,0.0
7246,0.0
7247,0.0
7248,0.0
7249,0.0
7250,0.0
7251,0.0
7252,0.0
7253,0.0
7254,0.0
7255,0.0
7256,0.0
7257,0.0
7258,0.0
7259,0.0
7260,0.0
7261,0.0
7262,0.0
7263,0.0
7264,0.0
7265,0.0
7266,0.0
7267,0.0
7268,0.0
7269,0.0
7270,0.0
7271,0.0
7272,0.0
7273,0.0
7274,0.0
7275,0.0
7276,0.0
7277,0.0
7278,0.0
7279,0.0
7280,0.0
7281,0.0
7282,0.0
7283,0.0
7284,0.0
7285,0.0
7286,0.0
7287,0.0
7288,0.0
7289,0.0
7290,0.0
7291,0.0
7292,0.0
7293,0.0
7294,0.0
7295,0.0
7296,0.0
7297,0.0
7298,0.0
7299,0.0
7300,0.0
7301,0.0
7302,0.0
7303,0.0
7304,0.0
7305,0.0
7306,0.0
7307,0.0
7308,0.0
7309,0.0
7310,0.0
7311,0.0
7312,0.0
7313,0.0
7314,0.0
7315,0.0
7316,0.0
7317,0.0
7318,0.0
7319,0.0
7320,0.0
7321,0.0
7322,0.0
7323,0.0
7324,0.0
7325,0.0
7326,0.0
7327,0.0
7328,0.0
7329,0.0
7330,0.0
7331,0.0
7332,0.0
7333,0.0
7334,0.0
7335,0.0
7336,0.0
7337,0.0
7338,0.0
7339,0.0
7340,0.0
7341,0.0
7342,0.0
7343,0.0
7344,0.0
7345,0.0
7346,0.0
7347,0.0
7348,0.0
7349,0.0
7350,0.0
7351,0.0
7352,0.0
7353,0.0
7354,0.0
7355,0.0
7356,0.0
7357,0.0
7358,0.0
7359,0.0
7360,0.0
7361,0.0
7362,0.0
7363,0.0
7364,0.0
7365,0.0
7366,0.0
7367,0.0
7368,0.0
7369,0.0
7370,0.0
7371,0.0
7372,0.0
7373,0.0
7374,0.0
7375,0.0
7376,0.0
7377,0.0
7378,0.0
7379,0.0
7380,0.0
7381,0.0
7382,0.0
7383,0.0
7384,0.0
7385,0.0
7386,0.0
7387,0.0
7388,0.0
7389,0.0
7390,0.0
7391,0.0
7392,0.0
7393,0.0
7394,0.0
7395,0.0
7396,0.0
7397,0.0
7398,0.0
7399,0.0
7400,0.0
7401,0.0
7402,0.0
7403,0.0
7404,0.0
7405,0.0
7406,0.0
7407,0.0
7408,0.0
7409,0.0
7410,0.0
7411,0.0
7412,0.0
7413,0.0
7414,0.0
7415,0.0
7416,0.0
7417,0.0
7418,0.0
7419,0.0
7420,0.0
7421,0.0
7422,0.0
7423,0.0
7424,0.0
7425,0.0
7426,0.0
7427,0.0
7428,0.0
7429,0.0
7430,0.0
7431,0.0
7432,0.0
7433,0.0
7434,0.0
7435,0.0
7436,0.0
7437,0.0
7438,0.0
7439,0.0
7440,0.0
7441,0.0
7442,0.0
7443,0.0
7444,0.0
7445,0.0
7446,0.0
7447,0.0
7448,0.0
7449,0.0
7450,0.0
7451,0.0
7452,0.0
7453,0.0
7454,0.0
7455,0.0
7456,0.0
7457,0.0
7458,0.0
7459,0.0
7460,0.0
7461,0.0
7462,0.0
7463,0.0
7464,0.0
7465,0.0
7466,0.0
7467,0.0
7468,0.0
7469,0.0
7470,0.0
7471,0.0
7472,0.0
7473,0.0
7474,0.0
7475,0.0
7476,0.0
7477,0.0
7478,0.0
7479,0.0
7480,0.0
7481,0.0
7482,0.0
7483,0.0
7484,0.0
7485,0.0
7486,0.0
7487,0.0
7488,0.0
7489,0.0
7490,0.0
7491,0.0
7492,0.0
7493,0.0
7494,0.0
7495,0.0
7496,0.0
7497,0.0
7498,0.0
7499,0.0
7500,0.0
7501,0.0
7502,0.0
7503,0.0
7504,0.0
7505,0.0
7506,0.0
7507,0.0
7508,0.0
7509,0.0
7510,0.0
7511,0.0
7512,0.0
7513,0.0
7514,0.0
7515,0.0
7516,0.0
7517,0.0
7518,0.0
7519,0.0
7520,0.0
7521,0.0
7522,0.0
7523,0.0
7524,0.0
7525,0.0
7526,0.0
7527,0.0
7528,0.0
7529,0.0
7530,0.0
7531,0.0
7532,0.0
7533,0.0
7534,0.0
7535,0.0
7536,0.0
7537,0.0
7541,9.517
7542,12.286
7538,0.0
7539,0.0
7543,18.688
7544,34.348
7545,9.394
7546,14.664
7547,58.622
7548,37.166
7549,11.445
7550,10.153
7551,9.330
7552,12.237
7553,49.532
7554,8.722
7555,10.221
7556,11.578
7557,12.267
7558,10.732
7559,11.055
7560,9.030
7561,41.627
7562,26.102
7563,14.594
7564,9.022
7565,9.060
7566,17.531
7567,12.798
7568,8.688
7569,8.820
7570,32.534
7571,8.922
7572,9.383
7573,9.338
7574,9.548
7575,10.549
7576,9.101
7577,11.054
7578,9.768
7579,13.585
7580,9.255
7581,8.824
7582,9.479
7583,11.646
7584,13.904
7585,12.227
7586,10.872
7589,10.833
7590,8.854
7587,0.0
7591,31.441
7592,11.046
7593,8.734
7594,10.714
7595,8.657
7596,11.622
7597,8.837
7598,9.442
7599,9.953
7600,32.504
7601,9.252
7602,10.496
7603,13.339
7604,28.987
7605,8.875
7606,9.422
7607,9.269
7608,9.819
7609,9.654
7610,9.476
7611,9.064
7612,8.805
7613,11.323
7614,9.821
7615,10.519
7616,10.336
7619,11.713
7620,9.003
7621,9.321
7617,0.0
7622,11.169
7623,10.786
7624,8.970
7625,10.960
7626,11.564
7627,9.665
7628,10.267
7629,12.502
7630,36.722
7631,9.215
7632,10.308
7633,10.080
7634,31.575
7635,10.598
7636,8.902
7637,9.393
7638,52.803
7639,19.949
7640,8.828
7641,9.031
7642,9.456
7643,12.547
7644,9.286
7645,9.022
7646,16.170
7647,9.792
7648,11.900
7649,8.862
7650,12.147
7651,8.953
7652,9.827
7653,11.546
7654,25.332
7655,73.271
7656,17.852
7657,30.203
7658,26.032
7659,22.478
7660,29.283
7661,9.585
7662,8.354
7663,11.824
7664,11.239
7665,14.278
7666,12.088
7667,10.043
7668,9.350
7669,22.924
7670,11.466
7671,9.308
7672,8.857
7673,17.592
7674,9.602
7675,15.223
7676,9.469
7677,9.588
7678,10.285
7679,8.976
7680,9.679
7681,9.154
7682,29.163
7683,10.800
7684,9.925
7685,9.014
7686,29.050
7687,11.421
7688,9.105
7689,8.885
7690,59.165
7691,9.533
7692,9.245
7693,9.503
7694,9.588
7695,19.623
7696,9.911
7697,12.295
7698,9.482
7699,10.892
7700,9.255
7701,9.018
7702,9.363
7703,26.516
7704,8.732
7705,8.967
7706,9.536
7707,10.205
7708,11.343
7709,37.337
7710,9.585
7711,35.515
7712,15.600
7713,9.183
7714,13.771
7715,8.997
7716,11.415
7717,10.951
7718,10.133
7719,10.455
7720,32.295
7721,15.811
7722,9.535
7723,8.867
7724,8.905
7725,11.352
7726,8.927
7727,8.655
7728,9.147
7729,18.241
7730,12.762
7731,12.066
7732,9.687
7733,12.767
7734,9.578
7735,9.250
7736,9.086
7737,8.948
7738,11.243
7739,146.450
7740,9.263
7741,11.666
7742,10.008
7743,9.908
7744,9.501
7745,8.521
7746,27.397
7747,31.325
7748,12.290
7749,8.818
7750,38.405
7751,21.926
7752,8.967
7753,8.905
7754,9.269
7755,30.900
7756,9.840
7757,9.576
7758,9.957
7759,10.046
7760,9.140
7761,8.762
7762,8.731
7765,11.925
7766,9.507
7767,9.208
7768,10.219
7763,0.0
7769,9.068
7770,14.051
7771,42.165
7772,28.879
7773,9.688
7774,9.077
7775,9.281
7778,9.319
7779,11.019
7776,0.0
7780,9.301
7781,9.996
7782,21.717
7783,8.976
7784,10.187
7785,26.680
7786,9.480
7787,10.984
7788,9.589
7789,13.321
7790,8.988
7791,9.114
7792,11.649
7793,9.322
7794,10.016
7795,9.719
7796,9.104
7797,8.838
7798,11.433
7799,10.693
7800,9.699
7801,9.859
7802,10.128
7803,9.520
7804,11.368
7805,8.846
7806,33.059
7807,10.115
7808,8.894
7809,14.132
7810,10.540
7811,13.165
7812,8.705
7813,9.265
7814,9.284
7815,30.504
7816,22.922
7817,9.214
7818,10.197
7819,10.778
7820,10.596
7821,8.996
7822,11.432
7823,10.751
7824,10.765
7825,8.916
7826,10.421
7827,9.225
7828,12.060
7829,8.948
7830,9.287
7831,11.765
7834,12.503
7835,23.332
7832,0.0
7836,9.079
7837,12.362
7838,12.301
7839,9.832
7840,10.154
7841,38.548
7842,9.598
7843,9.069
7844,9.790
7845,34.507
7846,8.966
7847,8.930
7848,14.835
7849,70.504
7850,36.125
7851,16.849
7852,9.531
7853,9.478
7854,20.958
7855,11.092
7856,9.333
7857,10.955
7858,23.238
7859,11.824
7860,15.766
7861,11.038
7862,9.273
7863,10.469
7864,8.933
7865,12.139
7866,8.722
7867,47.049
7868,18.158
7869,12.405
7870,8.660
7871,11.641
7872,9.112
7873,9.385
7874,11.510
7875,39.275
7876,10.641
7877,13.824
7880,15.829
7881,8.795
7882,8.737
7883,9.437
7878,0.0
7884,11.379
7885,36.560
7886,11.220
7887,10.473
7888,11.041
7889,8.891
7890,9.616
7891,10.565
7892,9.066
7893,17.310
7894,13.274
7895,10.398
7896,9.213
7897,26.439
7898,9.112
7899,12.502
7900,13.026
7901,21.312
7902,9.644
7903,9.412
7904,15.862
7905,35.430
7906,21.260
7907,10.514
7908,10.661
7909,12.851
7910,62.382
7911,13.306
7912,9.340
7913,23.707
7916,9.171
7917,10.634
7914,0.0
7918,11.297
7919,8.858
7920,9.929
7921,8.783
7922,9.355
7923,11.157
7924,9.583
7925,12.564
7926,8.956
7927,11.553
7928,31.188
7929,9.175
7930,10.062
7933,11.017
7934,9.370
7935,59.500
7936,22.613
7931,0.0
7937,12.194
7938,9.078
7939,11.222
7940,20.929
7941,10.501
7942,14.162
7943,9.164
7946,9.063
7947,9.710
7944,0.0
7950,9.523
7951,8.849
7948,0.0
7952,10.176
7953,18.268
7954,10.455
7955,17.614
7956,9.956
7957,9.913
7958,9.510
7959,9.860
7960,9.580
7961,10.816
7962,11.878
7963,9.925
7964,12.465
7965,9.134
7966,16.324
7967,11.744
7968,9.375
7969,65.060
7970,11.118
7971,11.028
7972,9.091
7973,11.612
7974,39.956
7975,8.706
7976,10.251
7977,61.568
7978,9.512
7979,16.752
7980,8.747
7981,9.083
7982,9.340
7983,10.491
7984,9.771
7985,8.992
7986,11.831
7987,47.126
7988,10.261
7989,9.241
7990,8.928
7991,9.814
7992,9.328
7993,9.429
7994,8.479
7995,10.067
7996,48.758
7997,8.912
7998,9.566
7999,9.169
8000,11.454
8001,9.554
8002,8.872
8003,10.595
8004,34.233
8005,9.397
8006,8.881
8007,8.715
8008,8.951
8009,43.437
8010,9.389
8011,11.802
8012,9.124
8013,13.130
8014,39.699
8015,10.424
8016,8.934
8017,9.602
8018,10.473
8019,17.972
8020,10.307
8021,40.888
8022,18.039
8023,10.220
8024,9.116
8025,9.363
8026,23.300
8027,9.207
8028,11.128
8029,8.849
8030,62.322
8031,10.487
8032,9.165
8033,8.864
8034,36.183
8035,10.776
8036,9.829
8037,10.412
8038,11.895
8039,109.273
8040,9.610
8041,9.077
8042,8.997
8043,10.720
8044,9.650
8045,9.170
8046,17.385
8047,12.019
8048,9.047
8049,17.257
8050,9.040
8051,10.591
8054,10.200
8055,9.073
8056,28.004
8057,9.328
8052,0.0
8058,8.694
8059,9.506
8060,9.615
8061,9.287
8062,12.233
8063,12.834
8064,0.0
8068,9.134
8069,28.368
8070,35.729
8066,0.0
8071,9.499
8075,9.359
8076,10.407
8077,31.682
8072,0.0
8073,0.0
8078,9.342
8079,9.065
8080,8.798
8081,11.415
8082,24.925
8083,10.511
8084,9.121
8085,9.422
8086,21.107
8087,9.549
8088,9.985
8089,14.958
8092,9.034
8093,8.961
8090,0.0
8094,9.487
8095,22.189
8096,10.764
8097,8.836
8098,9.261
8099,29.054
8100,9.604
8101,9.458
8102,8.848
8103,12.256
8104,13.133
8105,12.615
8106,9.178
8107,9.306
8108,15.982
8109,53.160
8110,9.233
8111,9.712
8112,12.409
8113,11.273
8114,16.944
8115,11.383
8116,32.370
8117,9.003
8118,11.225
8119,8.644
8120,37.240
8121,9.496
8122,10.508
8123,10.802
8124,9.309
8125,21.358
8126,9.721
8127,11.878
8128,0.0
8129,0.0
8133,11.297
8134,8.921
8135,8.902
8130,0.0
8131,0.0
8136,9.053
8137,9.332
8138,10.189
8139,12.835
8140,8.956
8141,10.119
8142,12.498
8143,9.360
8144,9.195
8145,9.592
8146,26.609
8147,12.462
8148,8.901
8149,9.366
8150,10.926
8151,11.071
8152,22.632
8155,23.558
8156,22.553
8157,8.817
8158,9.229
8153,0.0
8159,32.926
8160,11.366
8161,10.128
8162,9.116
8163,14.140
8164,12.437
8165,9.670
8166,11.870
8167,9.659
8168,10.445
8169,9.184
8170,9.305
8173,9.552
8174,9.111
8175,8.862
8176,31.029
8171,0.0
8177,9.150
8178,38.418
8179,10.647
8180,9.013
8181,12.439
8184,9.449
8185,9.986
8182,0.0
8186,11.404
8187,11.052
8188,10.947
8189,9.436
8190,9.579
8191,9.921
8192,9.460
8193,9.498
8194,19.034
8195,8.810
8196,9.763
8202,52.640
8197,0.0
8198,0.0
8203,10.234
8204,8.975
8199,0.0
8200,0.0
8205,9.244
8206,58.474
8207,21.661
8208,9.351
8209,8.867
8210,9.623
8211,21.677
8212,9.269
8213,9.508
8214,8.907
8215,12.055
8219,34.231
8216,0.0
8217,0.0
8222,9.655
8223,10.881
8224,25.723
8220,0.0
8230,9.227
8225,0.0
8226,0.0
8227,0.0
8231,8.893
8232,11.540
8233,9.851
8228,0.0
8234,10.848
8235,11.144
8236,37.384
8239,10.452
8240,9.034
8241,9.598
8237,0.0
8242,0.0
8243,0.0
8244,0.0
8246,0.0
8247,0.0
8251,12.301
8249,0.0
8256,15.281
8252,0.0
8253,0.0
8254,0.0
8257,0.0
8258,0.0
8260,0.0
8261,0.0
8262,0.0
8263,0.0
8264,0.0
8265,0.0
8266,0.0
8273,8.431
8268,0.0
8269,0.0
8270,0.0
8271,0.0
8274,0.0
8275,0.0
8276,0.0
8278,0.0
8279,0.0
8286,12.197
8280,0.0
8281,0.0
8282,0.0
8287,11.532
8284,0.0
8288,0.0
8289,0.0
8290,0.0
8291,0.0
8292,0.0
8293,0.0
8294,0.0
8295,0.0
8296,0.0
8297,0.0
8298,0.0
8299,0.0
8300,0.0
8301,0.0
8302,0.0
8303,0.0
8304,0.0
8305,0.0
8306,0.0
8307,0.0
8308,0.0
8309,0.0
8310,0.0
8311,0.0
8312,0.0
8313,0.0
8314,0.0
8315,0.0
8316,0.0
8317,0.0
8318,0.0
8319,0.0
8320,0.0
8321,0.0
8322,0.0
8323,0.0
8324,0.0
8325,0.0
8326,0.0
8327,0.0
8328,0.0
8329,0.0
8330,0.0
8331,0.0
8332,0.0
8333,0.0
8334,0.0
8335,0.0
8336,0.0
8337,0.0
8338,0.0
8339,0.0
8340,0.0
8341,0.0
8342,0.0
8343,0.0
8344,0.0
8345,0.0
8346,0.0
8347,0.0
8348,0.0
8349,0.0
8350,0.0
8351,0.0
8352,0.0
8353,0.0
8354,0.0
8355,0.0
8356,0.0
8357,0.0
8358,0.0
8359,0.0
8360,0.0
8361,0.0
8362,0.0
8363,0.0
8364,0.0
8365,0.0
8366,0.0
8367,0.0
8368,0.0
8369,0.0
8370,0.0
8371,0.0
8372,0.0
8373,0.0
8374,0.0
8375,0.0
8376,0.0
8377,0.0
8378,0.0
8379,0.0
8380,0.0
8381,0.0
8382,0.0
8383,0.0
8384,0.0
8385,0.0
8386,0.0
8387,0.0
8388,0.0
8389,0.0
8390,0.0
8391,0.0
8392,0.0
8393,0.0
8394,0.0
8395,0.0
8396,0.0
8397,0.0
8398,0.0
8399,0.0
8400,0.0
8401,0.0
8402,0.0
8403,0.0
8404,0.0
8405,0.0
8406,0.0
8407,0.0
8408,0.0
8409,0.0
8410,0.0
8411,0.0
8412,0.0
8413,0.0
8414,0.0
8415,0.0
8416,0.0
8417,0.0
8418,0.0
8419,0.0
8420,0.0
8421,0.0
8422,0.0
8423,0.0
8424,0.0
8425,0.0
8426,0.0
8427,0.0
8428,0.0
8429,0.0
8430,0.0
8431,0.0
8432,0.0
8433,0.0
8434,0.0
8435,0.0
8436,0.0
8437,0.0
8438,0.0
8439,0.0
8440,0.0
8441,0.0
8442,0.0
8443,0.0
8444,0.0
8445,0.0
8446,0.0
8447,0.0
8448,0.0
8449,0.0
8450,0.0
8451,0.0
8452,0.0
8453,0.0
8454,0.0
8455,0.0
8456,0.0
8457,0.0
8458,0.0
8459,0.0
8460,0.0
8461,0.0
8462,0.0
8463,0.0
8464,0.0
8465,0.0
8466,0.0
8467,0.0
8468,0.0
8469,0.0
8470,0.0
8471,0.0
8472,0.0
8473,0.0
8474,0.0
8475,0.0
8476,0.0
8477,0.0
8478,0.0
8479,0.0
8480,0.0
8481,0.0
8482,0.0
8483,0.0
8484,0.0
8485,0.0
8486,0.0
8487,0.0
8488,0.0
8489,0.0
8490,0.0
8491,0.0
8492,0.0
8493,0.0
8494,0.0
8495,0.0
8496,0.0
8497,0.0
8498,0.0
8499,0.0
8500,0.0
8501,0.0
8502,0.0
8503,0.0
8504,0.0
8505,0.0
8506,0.0
8507,0.0
8508,0.0
8509,0.0
8510,0.0
8511,0.0
8512,0.0
8513,0.0
8514,0.0
8515,0.0
8516,0.0
8517,0.0
8518,0.0
8519,0.0
8520,0.0
8521,0.0
8522,0.0
8523,0.0
8524,0.0
8525,0.0
8526,0.0
8527,0.0
8528,0.0
8529,0.0
8530,0.0
8531,0.0
8532,0.0
8533,0.0
8534,0.0
8535,0.0
8536,0.0
8537,0.0
8538,0.0
8539,0.0
8540,0.0
8541,0.0
8542,0.0
8543,0.0
8544,0.0
8545,0.0
8546,0.0
8547,0.0
8548,0.0
8549,0.0
8550,0.0
8551,0.0
8552,0.0
8553,0.0
8554,0.0
8555,0.0
8556,0.0
8557,0.0
8558,0.0
8559,0.0
8560,0.0
8561,0.0
8562,0.0
8563,0.0
8564,0.0
8565,0.0
8566,0.0
8567,0.0
8568,0.0
8569,0.0
8570,0.0
8571,0.0
8572,0.0
8573,0.0
8574,0.0
8575,0.0
8576,0.0
8577,0.0
8578,0.0
8579,0.0
8580,0.0
8581,0.0
8582,0.0
8583,0.0
8584,0.0
8585,0.0
8586,0.0
8587,0.0
8588,0.0
8595,11.440
8589,0.0
8590,0.0
8591,0.0
8592,0.0
8596,10.310
8597,22.920
8598,8.990
8593,0.0
8599,9.247
8600,9.038
8601,10.444
8602,9.702
8603,9.108
8604,9.743
8605,10.189
8606,20.943
8607,9.225
8608,10.198
8609,9.390
8610,20.016
8611,9.232
8612,12.332
8613,9.105
8614,46.326
8615,10.967
8616,19.693
8617,11.789
8618,11.051
8619,9.624
8620,9.552
8621,14.287
8622,64.235
8623,16.352
8624,9.691
8625,11.607
8626,9.059
8627,22.836
8628,9.952
8629,12.027
8630,13.193
8631,34.301
8632,9.239
8633,9.984
8634,93.285
8635,36.476
8636,10.260
8637,9.749
8638,9.295
8639,9.543
8640,25.673
8641,9.550
8642,9.423
8643,10.942
8644,10.732
8645,8.824
8646,8.971
8647,9.731
8648,11.981
8649,10.377
8650,9.175
8651,9.156
8652,12.901
8653,16.623
8654,8.936
8655,9.107
8656,10.811
8657,10.617
8658,8.877
8659,9.019
8660,10.290
8661,21.485
8662,10.417
8663,8.821
8664,10.425
8665,12.211
8666,10.779
8667,9.944
8668,10.018
8669,10.626
8670,11.020
8671,9.681
8672,8.978
8673,9.055
8674,37.658
8675,31.657
8678,29.984
8679,11.785
8680,8.918
8681,9.210
8676,0.0
8682,10.152
8683,18.499
8684,19.785
8685,20.359
8686,9.953
8687,27.170
8688,11.197
8689,10.089
8690,9.589
8691,11.773
8692,13.198
8693,9.293
8694,9.224
8695,9.424
8696,11.331
8697,10.690
8698,9.252
8699,14.105
8700,11.818
8701,8.934
8702,10.869
8703,10.438
8704,24.688
8705,9.386
8706,12.027
8707,10.537
8708,98.287
8709,42.552
8710,9.163
8711,8.770
8712,9.063
8713,11.586
8714,12.089
8715,9.172
8716,10.253
8717,10.042
8718,9.493
8719,8.919
8720,10.377
8721,10.557
8722,10.497
8723,9.959
8724,9.277
8725,9.564
8726,37.444
8727,9.571
8728,11.047
8729,31.909
8730,28.638
8731,9.191
8732,11.175
8733,11.849
8734,31.976
8735,30.639
8736,9.203
8737,9.189
8738,9.545
8739,10.542
8740,16.670
8741,8.952
8742,13.211
8743,25.596
8744,9.119
8745,9.692
8746,10.022
8747,24.420
8750,10.434
8751,33.930
8748,0.0
8752,10.913
8753,10.229
8754,9.569
8755,14.756
8758,8.739
8759,9.485
8760,25.350
8761,9.689
8756,0.0
8762,10.557
8763,9.455
8764,10.996
8765,8.755
8766,10.203
8767,10.144
8768,11.922
8769,10.887
8770,11.228
8771,9.684
8772,11.207
8773,16.409
8774,10.800
8775,12.379
8776,9.304
8777,28.537
8778,9.037
8779,17.935
8780,20.429
8781,10.787
8782,9.516
8783,13.375
8784,10.979
8785,10.104
8786,18.785
8787,10.396
8788,9.567
8789,9.751
8790,10.851
8791,8.822
8792,18.492
8793,69.145
8794,11.563
8795,10.080
8796,10.988
8797,10.760
8798,9.494
8799,11.455
8800,11.834
8801,10.509
8802,9.267
8803,30.844
8804,15.722
8805,16.836
8806,9.251
8807,10.206
8808,17.375
8809,42.174
8810,10.903
8811,12.029
8812,12.989
8813,10.114
8814,9.748
8815,10.156
8816,11.425
8817,9.153
8818,15.741
8821,12.278
8822,10.872
8823,8.899
8824,23.355
8819,0.0
8827,16.513
8828,12.810
8829,10.876
8825,0.0
8830,10.145
8831,10.002
8832,9.729
8833,11.307
8834,10.198
8835,9.688
8836,11.968
8837,36.179
8838,17.335
8839,10.790
8840,9.328
8841,9.425
8842,10.366
8843,17.654
8846,15.082
8847,10.237
8844,0.0
8850,9.387
8851,10.667
8848,0.0
8852,10.135
8853,9.366
8854,0.0
8860,49.145
8856,0.0
8857,0.0
8858,0.0
8863,96.327
8866,9.317
8861,0.0
8867,67.412
8864,0.0
8870,9.036
8871,9.729
8872,12.157
8868,0.0
8873,9.658
8874,9.149
8875,10.339
8876,9.357
8877,22.646
8878,9.077
8879,11.960
8880,58.088
8881,10.076
8882,10.284
8883,9.866
8884,13.759
8885,9.733
8886,11.163
8887,9.182
8888,10.771
8889,23.634
8890,13.287
8891,9.453
8892,10.763
8893,10.763
8894,11.360
8895,10.102
8896,11.056
8897,9.438
8898,11.985
8899,9.419
8900,9.892
8901,9.699
8902,10.639
8903,12.766
8904,9.954
8905,11.140
8908,9.253
8909,14.764
8906,0.0
8913,8.805
8910,0.0
8911,0.0
8914,0.0
8920,9.987
8921,8.630
8915,0.0
8916,0.0
8917,0.0
8922,10.233
8918,0.0
8923,0.0
8925,0.0
8930,14.851
8927,0.0
8933,9.304
8928,0.0
8934,17.977
8931,0.0
8935,0.0
8940,10.467
8941,27.755
8937,0.0
8938,0.0
8944,8.989
8945,29.485
8942,0.0
8946,0.0
8947,0.0
8948,0.0
8949,0.0
8950,0.0
8951,0.0
8952,0.0
8953,0.0
8954,0.0
8955,0.0
8961,8.936
8956,0.0
8962,27.393
8958,0.0
8959,0.0
8963,0.0
8968,9.360
8964,0.0
8965,0.0
8966,0.0
8969,0.0
8973,9.686
8970,0.0
8971,0.0
8974,0.0
8975,0.0
8976,0.0
8977,0.0
8978,0.0
8979,0.0
8980,0.0
8981,0.0
8982,0.0
8983,0.0
8984,0.0
8985,0.0
8986,0.0
8987,0.0
8988,0.0
8989,0.0
8990,0.0
8991,0.0
8992,0.0
8993,0.0
8994,0.0
8995,0.0
8996,0.0
8997,0.0
8998,0.0
8999,0.0
9000,0.0
9001,0.0
9002,0.0
9003,0.0
9004,0.0
9005,0.0
9006,0.0
9007,0.0
9008,0.0
9009,0.0
9010,0.0
9011,0.0
9012,0.0
9013,0.0
9014,0.0
9015,0.0
9016,0.0
9017,0.0
9018,0.0
9019,0.0
9020,0.0
9021,0.0
9022,0.0
9023,0.0
9024,0.0
9025,0.0
9026,0.0
9027,0.0
9028,0.0
9029,0.0
9030,0.0
9031,0.0
9032,0.0
9033,0.0
9034,0.0
9035,0.0
9036,0.0
9037,0.0
9038,0.0
9039,0.0
9040,0.0
9041,0.0
9042,0.0
9043,0.0
9044,0.0
9045,0.0
9046,0.0
9047,0.0
9048,0.0
9049,0.0
9050,0.0
9051,0.0
9052,0.0
9053,0.0
9054,0.0
9055,0.0
9056,0.0
9057,0.0
9058,0.0
9059,0.0
9060,0.0
9061,0.0
9062,0.0
9063,0.0
9064,0.0
9065,0.0
9066,0.0
9067,0.0
9068,0.0
9069,0.0
9070,0.0
9071,0.0
9072,0.0
9073,0.0
9074,0.0
9075,0.0
9076,0.0
9077,0.0
9078,0.0
9079,0.0
9080,0.0
9081,0.0
9082,0.0
9083,0.0
9084,0.0
9085,0.0
9086,0.0
9087,0.0
9088,0.0
9089,0.0
9090,0.0
9091,0.0
9092,0.0
9093,0.0
9094,0.0
9095,0.0
9096,0.0
9097,0.0
9098,0.0
9099,0.0
9100,0.0
9101,0.0
9102,0.0
9103,0.0
9104,0.0
9105,0.0
9106,0.0
9107,0.0
9108,0.0
9109,0.0
9110,0.0
9111,0.0
9112,0.0
9113,0.0
9114,0.0
9115,0.0
9116,0.0
9117,0.0
9118,0.0
9119,0.0
9120,0.0
9121,0.0
9122,0.0
9123,0.0
9124,0.0
9125,0.0
9126,0.0
9127,0.0
9128,0.0
9129,0.0
9130,0.0
9131,0.0
9132,0.0
9133,0.0
9134,0.0
9135,0.0
9136,0.0
9137,0.0
9138,0.0
9139,0.0
9140,0.0
9141,0.0
9142,0.0
9143,0.0
9144,0.0
9145,0.0
9146,0.0
9147,0.0
9148,0.0
9149,0.0
9150,0.0
9151,0.0
9152,0.0
9153,0.0
9154,0.0
9155,0.0
9156,0.0
9157,0.0
9158,0.0
9159,0.0
9160,0.0
9161,0.0
9162,0.0
9163,0.0
9164,0.0
9165,0.0
9166,0.0
9167,0.0
9168,0.0
9169,0.0
9170,0.0
9171,0.0
9172,0.0
9173,0.0
9174,0.0
9175,0.0
9176,0.0
9177,0.0
9178,0.0
9179,0.0
9180,0.0
9181,0.0
9182,0.0
9183,0.0
9184,0.0
9185,0.0
9186,0.0
9187,0.0
9188,0.0
9189,0.0
9190,0.0
9191,0.0
9192,0.0
9193,0.0
9194,0.0
9195,0.0
9196,0.0
9197,0.0
9198,0.0
9199,0.0
9200,0.0
9201,0.0
9202,0.0
9203,0.0
9204,0.0
9205,0.0
9206,0.0
9207,0.0
9208,0.0
9209,0.0
9210,0.0
9211,0.0
9212,0.0
9213,0.0
9214,0.0
9215,0.0
9216,0.0
9217,0.0
9218,0.0
9219,0.0
9220,0.0
9221,0.0
9222,0.0
9223,0.0
9224,0.0
9225,0.0
9226,0.0
9227,0.0
9228,0.0
9229,0.0
9230,0.0
9231,0.0
9232,0.0
9233,0.0
9234,0.0
9235,0.0
9236,0.0
9237,0.0
9238,0.0
9239,0.0
9240,0.0
9241,0.0
9242,0.0
9243,0.0
9244,0.0
9245,0.0
9246,0.0
9247,0.0
9248,0.0
9249,0.0
9250,0.0
9251,0.0
9252,0.0
9253,0.0
9254,0.0
9255,0.0
9256,0.0
9257,0.0
9258,0.0
9259,0.0
9260,0.0
9261,0.0
9262,0.0
9263,0.0
9264,0.0
9265,0.0
9266,0.0
9267,0.0
9268,0.0
9269,0.0
9270,0.0
9271,0.0
9272,0.0
9273,0.0
9274,0.0
9275,0.0
9276,0.0
9277,0.0
9278,0.0
9279,0.0
9280,0.0
9281,0.0
9282,0.0
9283,0.0
9284,0.0
9285,0.0
9286,0.0
9287,0.0
9291,10.505
9292,11.322
9293,8.976
9288,0.0
9289,0.0
9294,14.317
9295,11.433
9296,9.273
9297,8.797
9298,19.120
9299,9.161
9300,18.108
9301,8.599
9302,28.940
9303,16.475
9304,10.301
9305,8.957
9306,29.294
9307,12.633
9308,19.411
9309,10.982
9310,9.022
9311,22.756
9312,14.662
9313,8.990
9314,9.624
9315,13.085
9316,8.877
9317,9.752
9318,9.068
9319,13.652
9320,10.226
9321,13.950
9322,10.085
9323,40.490
9324,16.404
9325,25.800
9326,10.006
9327,11.113
9328,23.940
9329,12.384
9330,9.080
9331,21.465
9332,57.202
9333,9.123
9334,10.051
9335,8.656
9336,32.838
9337,12.204
9338,9.817
9339,8.470
9340,14.174
9341,69.862
9342,9.326
9343,9.672
9344,9.201
9345,29.645
9346,14.219
9347,9.523
9348,9.865
9349,30.270
9350,14.344
9351,16.018
9352,9.537
9353,11.135
9354,21.859
9355,9.680
9356,9.487
9357,8.572
9358,9.808
9359,12.190
9360,10.301
9361,9.209
9362,27.433
9363,13.400
9364,22.825
9365,8.677
9366,9.903
9367,45.477
9368,8.865
9369,9.485
9370,11.152
9371,10.858
9372,14.624
9373,9.077
9374,9.435
9375,24.629
9376,14.382
9377,9.323
9378,11.681
9379,32.819
9380,9.131
9381,9.136
9382,8.962
9383,9.021
9384,23.260
9385,9.969
9386,10.218
9387,9.371
9388,32.688
9389,13.495
9390,33.242
9391,16.286
9392,30.304
9393,14.575
9394,9.561
9395,8.641
9396,11.358
9397,21.289
9398,8.874
9399,10.964
9400,19.176
9401,30.595
9402,8.671
9403,8.712
9404,9.734
9405,30.496
9406,9.782
9407,8.744
9408,27.354
9409,66.868
9410,16.141
9411,8.756
9412,10.522
9413,10.634
9414,29.325
9415,8.725
9416,10.061
9417,9.395
9418,9.063
9419,9.026
9420,9.245
9421,9.356
9422,33.193
9423,43.552
9424,8.915
9425,11.078
9426,8.919
9427,9.950
9428,11.429
9429,8.640
9430,14.798
9431,30.352
9432,15.587
9433,9.123
9434,9.015
9435,30.064
9436,14.939
9437,11.431
9438,35.407
9439,8.676
9440,11.433
9441,17.609
9442,11.288
9443,8.772
9444,10.362
9445,10.148
9446,11.954
9447,58.430
9448,17.722
9449,15.070
9450,9.089
9451,11.897
9452,8.566
9453,15.954
9454,12.986
9455,8.994
9456,9.061
9457,11.056
9458,8.525
9459,10.510
9460,10.155
9461,59.785
9462,11.312
9463,26.304
9464,222.958
9465,88.745
9466,29.670
9467,67.770
9468,11.218
9469,10.934
9470,49.976
9471,9.230
9472,8.620
9473,9.725
9474,10.711
9475,8.593
9476,10.323
9477,10.236
9478,30.330
9479,11.881
9480,9.510
9481,8.966
9482,11.255
9483,19.149
9484,10.512
9485,9.614
9486,12.200
9487,9.907
9488,11.790
9489,9.316
9490,9.203
9493,10.354
9494,10.195
9495,9.682
9496,26.343
9491,0.0
9497,8.918
9498,10.657
9499,10.630
9500,28.001
9501,10.790
9502,9.112
9503,9.215
9504,25.163
9505,8.926
9506,8.769
9507,28.756
9508,35.265
9509,41.755
9510,9.740
9511,11.565
9512,9.756
9513,22.416
9514,8.572
9515,21.105
9516,11.670
9517,30.452
9518,10.481
9519,9.885
9520,9.636
9521,35.379
9522,10.378
9523,8.811
9524,10.303
9525,8.722
9526,20.688
9527,10.351
9528,10.410
9529,9.440
9530,9.310
9531,9.599
9532,11.431
9533,13.120
9534,32.060
9535,11.086
9536,37.042
9537,9.139
9538,10.876
9539,17.679
9540,14.892
9541,9.078
9542,9.508
9543,29.042
9544,17.176
9545,10.360
9546,9.751
9547,11.675
9548,8.768
9549,11.228
9550,11.141
9551,34.805
9552,18.912
9553,11.659
9554,8.973
9555,9.206
9556,21.977
9557,10.075
9558,9.169
9559,9.689
9560,30.109
9561,8.576
9562,38.350
9563,9.021
9564,29.557
9565,11.309
9566,18.435
9567,11.335
9568,9.010
9569,20.174
9570,23.350
9571,10.743
9572,10.592
9573,28.868
9574,29.562
9575,9.232
9576,8.798
9577,29.590
9578,11.938
9579,9.288
9580,8.942
9581,9.122
9582,16.544
9583,9.586
9584,11.585
9585,39.403
9586,42.320
9587,9.243
9588,10.574
9589,10.657
9590,9.567
9591,9.486
9592,9.234
9593,8.847
9594,35.789
9595,11.941
9596,11.212
9597,10.255
9598,9.327
9599,24.956
9600,10.541
9601,10.399
9602,9.756
9603,51.161
9604,11.301
9605,9.126
9609,11.284
9610,8.797
9606,0.0
9611,9.089
9607,0.0
9614,9.056
9615,12.006
9616,29.972
9612,0.0
9617,15.065
9618,11.123
9619,11.080
9620,31.051
9621,14.392
9622,15.820
9623,10.083
9624,9.149
9625,9.907
9626,9.274
9627,8.879
9628,9.286
9629,32.217
9630,40.859
9631,18.273
9632,13.446
9633,38.331
9634,8.914
9635,9.205
9636,10.156
9637,9.319
9638,11.946
9639,11.077
9640,8.915
9641,9.617
9642,11.412
9643,8.889
9644,10.934
9645,10.754
9646,29.017
9647,8.644
9648,19.537
9649,9.302
9650,45.209
9651,10.919
9652,9.936
9653,33.427
9654,13.060
9655,21.428
9656,9.489
9657,8.746
9658,9.009
9659,10.717
9660,8.881
9661,10.433
9662,8.848
9663,34.429
9664,8.825
9665,11.175
9666,9.198
9667,8.872
9668,11.357
9669,10.097
9670,8.746
9671,9.146
9672,12.379
9673,10.105
9674,40.118
9675,93.432
9676,57.528
9677,73.157
9678,8.988
9679,8.858
9680,9.328
9681,20.144
9682,8.812
9683,9.265
9684,8.905
9685,24.169
9686,11.634
9687,9.309
9688,9.791
9689,45.424
9690,10.400
9691,8.964
9692,8.835
9693,9.084
9694,12.195
9695,8.870
9696,9.844
9697,9.764
9698,10.785
9699,19.024
9700,8.884
9701,11.348
9702,11.680
9703,9.572
9706,11.224
9707,14.393
9704,0.0
9708,12.930
9709,10.136
9710,9.122
9711,9.754
9712,9.179
9713,9.342
9714,8.946
9715,13.875
9716,9.305
9717,8.991
9718,14.582
9719,14.736
9720,9.441
9721,9.234
9722,9.474
9723,38.635
9724,9.657
9725,8.688
9726,8.619
9727,8.753
9728,12.170
9729,10.841
9730,10.890
9735,8.803
9731,0.0
9736,10.979
9737,11.085
9738,8.999
9733,0.0
9739,10.613
9740,14.353
9741,14.110
9742,9.939
9743,9.304
9744,9.057
9747,10.178
9748,9.190
9749,14.709
9750,9.609
9745,0.0
9751,8.953
9752,8.781
9753,38.067
9754,18.134
9755,8.819
9756,9.272
9757,11.638
9758,15.642
9759,9.483
9760,9.728
9761,9.009
9762,28.328
9763,9.933
9764,9.252
9765,9.248
9766,10.455
9767,11.057
9768,9.392
9769,10.113
9770,10.426
9771,10.132
9772,9.192
9773,9.895
9774,8.828
9775,9.473
9776,9.956
9777,9.639
9778,9.173
9779,9.499
9780,9.195
9781,9.628
9782,9.220
9783,10.709
9784,25.237
9785,9.571
9786,9.384
9787,9.405
9788,10.092
9789,9.168
9790,9.014
9791,9.942
9792,9.500
9793,10.940
9794,9.213
9795,9.129
9796,9.666
9797,9.667
9798,10.692
9799,22.395
9800,10.532
9801,9.449
9802,11.736
9803,16.427
9804,9.354
9805,11.688
9806,9.200
9807,10.076
9808,14.831
9809,16.456
9810,9.175
9811,9.442
9812,9.874
9813,10.679
9814,9.233
9815,9.195
9816,25.699
9817,10.518
9818,9.454
9819,9.774
9820,9.965
9821,10.422
9822,9.453
9823,13.057
9824,10.060
9825,9.600
9826,9.194
9827,10.688
9828,9.315
9829,10.172
9830,9.601
9831,10.179
9832,12.233
9833,10.740
9834,11.534
9835,10.542
9836,10.221
9837,35.001
9838,10.266
9839,10.009
9840,10.054
9841,9.164
9842,10.035
9843,9.560
9844,9.248
9845,11.117
9846,9.361
9847,10.998
9848,9.594
9849,9.297
9850,9.661
9851,10.460
9852,14.941
9853,10.064
9854,9.433
9855,10.765
9856,9.394
9857,9.360
9858,10.589
9859,24.438
9860,9.172
9861,10.972
9862,9.631
9863,9.466
9864,9.332
9865,9.813
9866,9.599
9867,10.566
9868,9.805
9869,12.479
9870,9.105
9871,9.325
9872,10.481
9873,10.409
9874,28.169
9875,9.718
9876,9.753
9877,10.934
9878,10.602
9879,10.528
9880,9.314
9881,11.344
9882,15.039
9883,9.772
9884,11.219
9885,46.064
9886,9.131
9887,9.532
9888,9.232
9889,10.962
9890,9.096
9891,9.656
9892,13.002
9893,33.761
9894,11.136
9895,9.118
9896,9.709
9897,9.094
9898,11.248
9899,9.284
9900,9.526
9901,10.868
9902,11.528
9903,10.826
9904,9.186
9905,9.721
9906,9.413
9907,9.168
9908,10.138
9909,10.908
9910,33.921
9911,15.787
9912,9.416
9913,9.217
9914,9.270
9915,9.948
9916,8.888
9917,11.431
9918,8.991
9919,10.574
9920,9.401
9921,9.634
9922,12.269
9923,10.329
9924,9.091
9925,10.621
9926,9.362
9927,9.279
9928,9.335
9929,40.323
9930,9.428
9931,9.565
9932,10.534
9933,20.796
9934,9.934
9935,9.102
9936,9.358
9937,9.494
9938,9.092
9939,9.142
9940,9.687
9941,9.828
9942,12.603
9943,10.852
9944,12.319
9945,9.687
9946,9.798
9947,9.717
9948,12.585
9949,9.200
9950,9.504
9951,9.984
9952,9.013
9953,9.168
9954,10.211
9955,8.820
9956,9.484
9957,10.898
9958,9.895
9959,12.583
9960,9.802
9961,8.875
9962,12.099
9963,9.383
9964,8.984
9965,9.484
9966,9.394
9967,9.301
9968,22.027
9969,8.890
9970,10.426
9971,12.344
9972,9.578
9973,10.785
9974,9.232
9975,9.629
9976,11.951
9977,9.222
9978,9.131
9979,12.097
9980,9.550
9981,10.596
9982,9.342
9983,9.363
9984,10.017
9985,9.580
9986,9.679
9987,9.730
9988,10.506
9989,10.379
9990,9.188
9991,9.040
9992,9.221
9993,9.270
9994,9.409
9995,10.801
9996,9.215
9997,15.300
9998,9.597
9999,9.399
10000,10.076
10001,21.128
10002,9.398
10003,9.677
10004,9.256
10005,30.734
10006,9.327
10007,9.295
10008,9.248
10009,10.956
10010,12.768
10011,8.656
10012,9.228
10013,9.415
10014,10.607
10015,9.135
10016,24.191
10017,11.363
10018,10.572
10019,10.282
10020,8.765
10021,9.175
10022,9.221
10023,9.266
10024,9.169
10025,10.381
10026,8.982
10027,11.857
10028,8.889
10029,11.395
10030,9.125
10031,28.357
10032,9.293
10033,9.057
10034,8.998
10035,18.735
10036,12.887
10037,11.199
10038,8.931
10039,11.340
10040,9.425
10041,8.841
10042,9.178
10043,9.412
10044,12.333
10045,8.802
10046,11.577
10047,11.167
10048,11.586
10049,9.250
10050,9.114
10051,8.962
10052,36.196
10053,9.605
10054,9.359
10055,8.929
10056,9.077
10057,9.584
10058,9.962
10059,8.887
10060,8.951
10061,14.289
10062,9.317
10063,10.897
10064,8.857
10065,9.972
10066,16.422
10067,87.603
10068,9.369
10069,66.344
10070,51.099
10071,9.110
10072,9.022
10073,9.539
10074,10.591
10075,9.004
10076,9.974
10077,12.066
10078,13.179
10079,8.899
10080,12.136
10081,9.369
10082,9.138
10083,12.005
10084,9.257
10085,10.650
10086,18.495
10087,26.735
10088,9.032
10089,8.900
10090,12.387
10091,9.798
10092,9.182
10093,11.172
10094,8.955
10095,13.255
10096,9.866
10097,8.894
10098,10.501
10099,10.018
10100,10.279
10101,11.082
10102,11.688
10103,9.586
10104,10.457
10105,8.721
10106,9.076
10107,9.384
10108,30.738
10109,10.331
10110,10.437
10111,9.757
10112,9.455
10113,10.917
10114,10.590
10115,9.292
10116,9.048
10117,10.815
10118,13.144
10119,10.265
10120,9.764
10121,24.511
10122,10.837
10123,8.764
10124,10.505
10125,9.068
10126,10.607
10127,9.632
10128,10.402
10129,11.278
10130,11.539
10131,11.317
10132,11.345
10133,9.155
10134,11.334
10135,8.698
10136,8.863
10137,9.095
10138,8.760
10139,13.755
10140,9.095
10141,9.764
10142,9.772
10143,10.783
10144,9.219
10145,9.110
10146,11.993
10147,13.401
10148,11.148
10149,10.814
10150,9.725
10151,14.162
10152,9.235
10153,10.845
10154,9.007
10155,9.090
10156,12.028
10157,8.992
10158,9.849
10159,9.660
10162,8.806
10163,11.521
10160,0.0
10164,30.568
10167,9.219
10168,8.762
10169,10.532
10170,10.390
10171,9.473
10165,0.0
10172,8.563
10173,22.859
10174,8.938
10175,10.598
10176,10.065
10177,15.852
10178,9.200
10179,9.370
10180,11.842
10183,11.223
10184,13.699
10181,0.0
10185,8.852
10186,15.445
10187,8.951
10188,13.250
10189,10.361
10190,10.565
10191,9.147
10192,10.624
10193,8.916
10196,9.199
10197,11.211
10198,10.454
10194,0.0
10199,9.374
10200,10.966
10201,13.132
10202,9.804
10203,17.675
10204,8.822
10205,8.905
10206,8.968
10209,9.234
10210,9.230
10211,8.959
10212,19.300
10207,0.0
10213,10.880
10214,11.691
10215,10.040
10216,12.153
10217,10.594
10218,9.956
10219,8.600
10220,23.718
10221,10.543
10222,9.698
10223,11.186
10224,38.495
10225,11.007
10226,11.931
10227,10.807
10228,9.411
10229,23.740
10230,9.062
10231,11.637
10232,9.342
10233,64.668
10234,11.577
10235,11.734
10236,9.173
10237,9.907
10238,9.546
10239,9.925
10240,9.900
10241,10.651
10242,13.470
10243,9.286
10244,9.229
10245,10.505
10246,16.217
10247,10.725
10248,10.601
10249,12.008
10250,10.009
10251,10.925
10252,9.987
10253,8.884
10254,39.466
10255,18.977
10256,12.577
10257,9.046
10258,32.306
10259,24.921
10260,9.541
10261,10.063
10262,14.063
10263,29.414
10264,9.598
10265,10.871
10266,11.909
10267,36.004
10268,13.083
10269,8.990
10270,14.327
10271,10.549
10272,30.430
10273,10.959
10274,8.511
10275,9.349
10278,10.336
10279,58.552
10280,32.215
10281,12.071
10276,0.0
10282,12.936
10283,8.781
10284,9.200
10285,19.183
10286,15.453
10287,10.595
10288,8.864
10289,33.565
10290,8.702
10291,12.911
10292,9.053
10293,27.936
10294,12.934
10295,13.288
10296,9.210
10297,40.730
10298,17.016
10299,11.285
10300,10.788
10301,14.003
10302,24.610
10303,9.465
10304,8.658
10305,53.519
10306,25.552
10307,9.088
10308,11.079
10309,9.273
10310,58.221
10311,18.412
10312,10.785
10313,9.311
10314,61.274
10315,29.334
10316,13.012
10317,10.950
10318,11.119
10319,30.807
10320,8.994
10321,10.379
10322,8.700
10323,32.266
10324,18.629
10325,11.530
10326,9.122
10327,8.877
10328,24.901
10329,20.482
10330,8.881
10331,9.845
10332,29.486
10333,11.289
10334,33.643
10335,9.068
10336,29.955
10337,17.185
10338,8.506
10339,8.819
10340,9.040
10341,17.485
10342,8.624
10343,9.053
10344,52.605
10345,25.630
10346,16.929
10347,10.047
10348,9.244
10349,25.879
10350,18.074
10351,9.312
10352,9.251
10353,34.061
10354,9.980
10355,11.028
10356,8.735
10357,10.998
10358,26.043
10359,8.827
10360,9.091
10361,14.163
10362,13.227
10363,9.379
10364,9.347
10365,8.987
10366,33.076
10367,17.282
10368,8.647
10369,9.180
10370,8.599
10371,29.596
10372,8.656
10373,9.353
10374,10.002
10375,15.186
10376,8.595
10377,8.911
10378,9.568
10379,35.705
10380,29.207
10381,11.994
10382,10.867
10383,37.301
10384,23.258
10385,16.677
10386,11.387
10387,9.518
10388,29.397
10389,9.457
10390,9.153
10391,9.012
10392,30.033
10393,8.912
10394,11.179
10395,14.895
10396,39.898
10397,14.548
10398,9.485
10399,9.231
10400,9.620
10401,22.679
10402,8.988
10403,9.245
10404,9.124
10405,12.918
10406,13.144
10407,8.860
10408,9.279
10409,32.574
10410,9.444
10411,9.431
10412,10.295
10413,10.139
10414,11.397
10415,9.063
10416,9.038
10417,8.880
10418,19.987
10419,8.949
10420,11.620
10421,10.737
10422,62.094
10423,9.138
10424,13.752
10425,12.796
10426,9.007
10427,18.499
10428,9.447
10429,10.125
10430,8.624
10431,27.731
10432,8.996
10433,11.424
10434,8.767
10435,36.483
10436,9.062
10437,9.650
10438,10.679
10439,34.840
10440,14.355
10441,8.870
10442,9.071
10443,9.438
10444,33.956
10445,10.428
10446,9.629
10447,8.749
10448,31.278
10449,12.485
10450,15.619
10451,60.659
10452,34.229
10453,22.138
10454,8.752
10455,26.439
10456,9.820
10457,25.099
10458,9.221
10459,10.223
10460,11.250
10461,12.015
10462,9.640
10463,9.376
10464,9.696
10465,29.046
10466,15.971
10467,8.992
10468,9.051
10469,14.037
10470,22.417
10471,13.981
10472,9.111
10473,9.036
10474,12.495
10475,8.857
10476,34.670
10477,13.853
10478,27.910
10479,9.195
10480,12.506
10481,14.529
10482,35.574
10483,16.127
10484,9.309
10485,10.902
10486,10.812
10487,30.669
10488,9.066
10489,12.678
10490,10.638
10491,10.083
10492,10.509
10493,8.665
10494,11.426
10495,37.934
10496,11.899
10497,9.910
10498,9.016
10499,9.011
10500,11.622
10501,9.336
10502,8.864
10503,10.971
10504,34.390
10505,13.440
10506,9.176
10507,16.564
10508,34.266
10509,10.439
10510,10.129
10511,16.142
10512,38.478
10513,18.614
10514,12.591
10515,9.354
10516,10.172
10517,15.277
10518,32.129
10519,8.931
10520,10.802
10521,28.190
10522,9.443
10523,8.976
10524,22.866
10525,10.368
10526,14.886
10527,8.573
10528,35.137
10529,9.379
10530,11.975
10531,10.055
10532,9.200
10533,8.809
10534,10.571
10535,9.086
10536,74.484
10537,48.572
10538,57.611
10539,49.117
10540,79.025
10541,10.280
10542,16.187
10543,15.946
10544,9.995
10545,13.314
10546,11.086
10547,29.723
10548,8.964
10549,17.595
10550,32.337
10551,38.268
10552,9.605
10553,8.960
10554,9.128
10555,10.976
10556,21.677
10557,8.677
10558,10.541
10559,10.765
10560,26.715
10561,9.657
10562,11.414
10563,8.983
10564,12.647
10565,10.290
10566,9.305
10567,8.896
10568,9.240
10569,9.442
10570,9.256
10571,9.864
10572,9.755
10573,25.161
10574,9.504
10575,10.746
10576,8.894
10577,26.523
10578,9.358
10579,11.179
10580,9.266
10581,35.342
10582,12.794
10583,8.847
10584,8.947
10585,8.931
10586,10.328
10587,8.787
10588,9.563
10589,9.114
10590,35.355
10591,9.230
10592,13.672
10593,9.309
10594,34.267
10595,12.227
10596,12.501
10597,10.813
10598,10.278
10599,21.009
10600,9.897
10601,8.699
10602,10.166
10603,10.512
10604,8.766
10605,8.979
10606,13.947
10607,10.051
10608,9.316
10609,11.178
10610,11.366
10611,8.948
10612,11.093
10613,14.324
10614,9.222
10615,10.302
10616,31.032
10617,9.017
10618,10.294
10619,9.606
10620,24.624
10621,12.806
10622,9.300
10623,10.205
10624,10.605
10625,9.518
10626,10.269
10627,8.668
10628,8.867
10629,10.996
10630,16.370
10631,9.948
10632,9.720
10633,11.681
10634,8.692
10635,8.673
10636,9.698
10639,9.702
10640,8.956
10641,8.774
10637,0.0
10642,9.853
10643,9.892
10644,39.892
10645,9.044
10646,29.644
10647,11.934
10648,8.906
10649,8.900
10650,13.214
10651,14.459
10652,9.838
10653,9.082
10654,8.999
10655,9.570
10656,13.056
10657,9.341
10658,8.883
10659,10.340
10660,9.076
10661,9.242
10662,12.832
10663,25.372
10664,11.287
10665,26.633
10666,9.526
10667,8.987
10668,18.473
10669,119.868
10670,144.728
10671,66.247
10672,25.170
10673,9.194
10674,9.154
10675,8.839
10676,63.204
10677,9.452
10678,9.210
10679,8.816
10680,9.790
10681,11.115
10682,10.183
10683,10.441
10684,11.846
10685,13.010
10686,11.354
10687,11.075
10688,9.057
10689,11.610
10690,9.051
10691,9.613
10692,9.229
10693,28.508
10694,10.283
10695,8.851
10696,9.647
10697,8.956
10698,11.551
10699,8.868
10700,9.052
10701,9.847
10702,14.351
10703,10.616
10704,8.874
10705,9.074
10706,10.815
10707,9.271
10708,8.890
10709,9.576
10710,11.666
10711,9.410
10712,8.311
10713,8.951
10714,9.258
10715,11.875
10716,9.552
10717,9.737
10718,11.308
10719,50.165
10720,9.763
10721,8.803
10722,9.486
10723,31.488
10724,14.522
10725,9.106
10726,10.114
10727,9.188
10728,21.575
10729,9.475
10730,9.401
10731,9.197
10732,29.587
10733,9.599
10734,9.578
10735,10.405
10738,8.539
10739,9.530
10736,0.0
10740,9.094
10741,43.459
10742,10.190
10743,9.125
10744,9.626
10745,58.788
10746,8.665
10747,9.603
10748,9.188
10749,33.967
10750,10.200
10751,17.243
10752,10.446
10753,35.383
10754,14.682
10755,9.162
10756,10.053
10757,9.721
10758,24.246
10759,8.912
10760,9.531
10761,9.263
10764,9.321
10765,10.438
10766,13.250
10767,9.938
10762,0.0
10768,9.116
10769,11.975
10770,10.385
10771,14.306
10772,12.216
10773,9.904
10774,11.253
10775,19.451
10776,32.881
10777,9.167
10778,11.420
10779,13.020
10780,10.210
10781,9.593
10782,9.402
10783,10.782
10784,14.101
10785,11.471
10786,11.011
10787,10.028
10790,10.474
10791,10.380
10788,0.0
10794,9.323
10795,9.153
10792,0.0
10796,8.664
10797,21.070
10798,11.261
10799,10.990
10800,15.382
10801,30.066
10802,9.398
10803,8.939
10804,10.904
10805,14.137
10806,8.799
10807,8.769
10808,9.194
10809,32.659
10810,15.857
10811,12.654
10812,9.514
10813,10.344
10814,22.767
10815,18.298
10816,9.106
10817,13.242
10818,16.149
10819,9.234
10820,8.936
10821,11.504
10822,10.350
10823,9.971
10824,9.995
10825,9.234
10826,11.235
10827,9.879
10828,9.132
10829,9.309
10830,9.710
10831,41.119
10832,19.106
10833,9.276
10834,9.645
10835,10.072
10836,12.410
10837,11.572
10838,9.814
10839,34.906
10840,18.162
10841,9.748
10842,10.506
10843,10.449
10844,23.238
10845,11.644
10846,10.731
10847,8.927
10848,32.266
10849,9.868
10850,16.872
10851,13.106
10852,9.223
10853,85.186
10854,9.370
10855,9.800
10856,9.658
10857,10.700
10858,8.511
10859,10.711
10860,9.072
10861,30.150
10862,13.750
10863,8.987
10864,9.458
10865,30.509
10866,18.257
10867,10.585
10868,24.471
10869,9.100
10870,18.115
10871,9.914
10872,13.675
10873,8.873
10874,12.020
10875,8.946
10876,8.686
10877,8.948
10878,11.013
10879,12.433
10880,8.935
10881,10.091
10882,10.776
10883,10.786
10884,9.376
10885,11.128
10886,11.154
10887,14.160
10888,19.527
10889,9.010
10890,8.894
10891,25.833
10892,10.508
10893,8.872
10894,67.559
10895,33.102
10896,14.192
10897,12.160
10898,11.191
10899,8.748
10900,21.633
10901,8.702
10902,19.331
10903,9.809
10904,62.557
10905,8.759
10906,20.654
10907,24.586
10908,30.657
10909,20.673
10910,9.341
10911,9.111
10912,11.065
10913,18.205
10914,10.436
10915,8.711
10916,10.197
10917,12.139
10918,10.943
10919,10.123
10920,9.075
10921,29.718
10922,13.552
10923,9.696
10924,9.961
10925,9.026
10926,17.170
10927,8.929
10928,9.155
10929,9.226
10932,9.438
10933,9.738
10930,0.0
10936,9.630
10937,9.284
10938,12.822
10934,0.0
10939,12.566
10940,12.790
10941,9.194
10942,10.349
10943,12.244
10944,9.450
10945,10.376
10946,8.658
10947,60.797
10948,8.881
10949,9.181
10950,9.843
10951,11.306
10952,14.890
10953,9.524
10954,9.063
10955,9.497
10956,10.552
10957,10.429
10958,10.382
10959,26.127
10960,9.981
10961,8.872
10962,9.719
10963,15.868
10964,27.660
10965,10.191
10966,9.274
10967,8.862
10968,9.333
10969,20.673
10970,9.777
10971,9.135
10972,9.563
10973,26.833
10974,9.643
10975,9.621
10976,8.845
10977,10.242
10978,13.766
10979,9.093
10980,9.262
10981,9.333
10982,16.934
10983,9.184
10984,9.503
10985,8.630
10986,11.744
10987,9.385
10988,8.789
10989,9.555
10990,30.025
10991,9.653
10992,11.431
10993,8.971
10994,9.740
10995,9.685
10996,9.774
10997,25.917
10998,11.126
10999,9.039
11000,9.199
11001,9.045
11002,11.085
11003,11.157
11004,9.801
11005,13.538
11006,10.841
11007,13.412
11008,10.460
11009,8.990
11010,10.916
11011,10.852
11012,11.116
11013,9.104
11016,10.444
11017,9.538
11018,11.015
11014,0.0
11019,11.177
11020,8.782
11021,9.471
11022,10.241
11023,27.899
11024,10.577
11025,9.441
11026,10.968
11027,10.143
11028,9.099
11029,13.500
11032,11.837
11033,9.476
11034,9.724
11030,0.0
11035,12.308
11036,12.104
11037,12.256
11038,10.130
11039,9.350
11040,25.961
11041,9.148
11042,9.704
11043,11.442
11044,8.941
11045,10.470
11046,35.243
11047,9.744
11048,9.002
11049,24.412
11050,15.634
11051,8.662
11052,8.976
11053,31.679
11054,11.410
11055,40.306
11056,9.391
11057,10.790
11058,12.298
11059,12.050
11060,10.607
11061,8.939
11062,11.686
11063,10.741
11064,9.211
11065,9.240
11066,11.378
11067,9.599
11068,8.734
11069,10.436
11070,10.502
11071,9.792
11072,10.590
11073,12.979
11074,9.974
11075,9.901
11076,11.554
11077,10.906
11078,10.642
11079,11.916
11080,9.156
11081,17.685
11082,10.882
11083,12.594
11084,10.634
11085,12.923
11086,9.738
11087,8.921
11088,13.471
11089,10.787
11090,12.343
11091,15.815
11092,22.355
11093,33.175
11094,15.555
11095,51.899
11096,59.995
11097,18.045
11098,10.441
11099,58.602
11100,10.047
11101,37.819
11102,8.641
11103,9.163
11104,9.189
11105,20.350
11106,11.245
11107,8.775
11108,9.001
11109,12.761
11110,15.925
11111,11.430
11112,9.879
11113,10.452
11114,10.841
11115,26.647
11116,8.956
11117,9.082
11118,12.693
11119,8.733
11120,9.035
11121,9.154
11122,9.831
11123,10.554
11124,9.622
11125,9.965
11126,10.218
11127,10.869
11128,10.895
11129,10.530
11130,11.270
11131,12.110
11132,9.099
11133,9.254
11134,9.520
11135,12.391
11136,15.832
11137,9.025
11138,11.483
11139,12.117
11140,9.254
11141,8.650
11142,9.366
11143,8.890
11144,12.511
11145,10.014
11146,11.307
11147,12.214
11148,10.962
11149,9.588
11150,9.828
11151,9.090
11152,32.559
11153,9.127
11154,9.276
11155,10.906
11156,9.181
11157,9.027
11158,9.713
11159,9.438
11160,9.095
11161,19.320
11162,8.940
11163,30.694
11164,9.117
11165,10.344
11166,9.435
11167,9.419
11168,9.592
11169,10.828
11170,10.918
11171,9.170
11172,12.359
11173,8.551
11174,10.688
11175,11.973
11176,11.542
11177,8.759
11178,23.326
11179,11.030
11180,9.706
11181,9.013
11182,9.643
11183,8.968
11184,34.383
11185,9.143
11186,45.187
11187,12.574
11188,10.035
11189,9.913
11190,11.099
11191,11.454
11192,12.905
11193,9.993
11194,10.768
11195,32.378
11196,9.456
11197,10.586
11198,9.240
11199,10.051
11200,11.289
11201,11.835
11202,13.269
11203,11.442
11204,18.213
11205,10.526
11206,10.829
11207,9.491
11208,10.885
11209,13.298
11210,9.917
11211,12.180
11212,9.874
11213,10.195
11214,9.948
11215,12.413
11216,9.521
11217,11.284
11218,9.422
11219,9.392
11220,9.192
11221,14.378
11222,11.986
11223,9.890
11224,9.028
11225,32.693
11226,9.256
11227,12.298
11228,9.210
11229,10.494
11230,9.877
11231,11.505
11232,9.714
11233,8.835
11234,11.141
11235,9.027
11236,10.730
11237,11.832
11238,10.827
11239,9.720
11240,10.124
11241,9.313
11244,9.293
11245,9.276
11246,10.770
11242,0.0
11247,11.573
11248,8.849
11249,9.689
11250,8.929
11251,10.334
11252,14.819
11253,8.881
11254,10.872
11255,28.610
11256,30.194
11257,8.856
11258,9.888
11259,9.640
11260,9.502
11261,10.875
11262,9.408
11263,9.714
11266,8.950
11267,10.903
11264,0.0
11268,31.659
11269,13.394
11270,10.412
11271,10.703
11272,9.959
11273,49.478
11274,56.188
11275,124.295
11276,51.487
11277,11.971
11278,30.915
11279,9.150
11280,9.861
11281,30.210
11282,10.372
11283,8.958
11284,9.254
11285,30.097
11286,17.704
11287,9.318
11288,10.044
11289,9.835
11290,9.783
11291,9.316
11292,9.924
11293,9.552
11294,13.291
11295,9.612
11296,13.262
11297,8.849
11298,10.338
11299,8.880
11300,12.994
11301,9.270
11302,8.659
11303,48.767
11304,11.837
11305,12.345
11306,10.531
11307,12.776
11308,12.066
11309,15.559
11310,8.985
11311,27.673
11312,38.704
11313,9.264
11314,10.082
11315,33.019
11318,10.531
11319,10.409
11316,0.0
11322,9.073
11323,9.190
11324,35.501
11325,13.581
11320,0.0
11326,9.717
11327,8.761
11328,30.819
11329,13.084
11330,10.571
11331,10.684
11332,10.332
11333,19.362
11334,9.781
11335,8.871
11336,9.447
11337,11.551
11338,9.114
11339,10.863
11340,9.206
11341,28.462
11342,17.348
11343,9.393
11344,9.041
11345,11.291
11346,20.784
11347,9.688
11348,9.340
11349,9.338
11350,11.952
11351,9.662
11352,9.437
11353,8.926
11354,27.687
11355,11.168
11356,13.906
11357,9.730
11358,33.950
11359,15.146
11360,9.092
11361,9.077
11362,9.489
11363,11.360
11364,9.306
11365,9.459
11366,11.714
11369,9.248
11370,9.912
11367,0.0
11373,11.829
11374,9.032
11375,9.036
11371,0.0
11376,10.114
11377,10.238
11378,9.541
11379,11.464
11380,33.754
11381,8.798
11382,39.240
11383,20.575
11384,28.535
11385,9.211
11386,9.725
11387,9.064
11388,8.872
11389,10.295
11390,9.149
11391,9.164
11392,9.775
11393,12.808
11394,11.702
11395,14.637
11396,10.854
11397,10.054
11398,9.280
11399,9.136
11400,8.826
11401,8.926
11402,11.055
11403,9.455
11404,8.908
11405,11.776
11406,10.318
11407,11.503
11408,13.967
11409,9.441
11410,10.798
11411,9.102
11414,9.330
11415,13.036
11416,9.280
11417,11.755
11412,0.0
11418,9.132
11419,11.229
11420,10.182
11421,9.497
11422,8.955
11423,11.027
11424,11.539
11425,11.616
11426,9.137
11427,9.279
11428,9.728
11429,14.413
11430,11.199
11431,9.894
11432,18.889
11433,10.716
11434,9.198
11435,8.756
11436,25.985
11437,8.895
11438,9.166
11439,8.550
11440,37.409
11441,8.634
11442,12.236
11443,9.299
11444,36.280
11445,15.563
11446,9.310
11447,12.953
11448,10.162
11449,45.313
11450,10.012
11451,8.939
11452,8.761
11453,36.442
11454,29.721
11455,12.154
11456,9.954
11457,25.023
11458,12.445
11459,9.128
11460,10.005
11461,9.347
11462,24.153
11463,9.601
11464,11.120
11465,12.877
11466,11.656
11467,10.009
11468,10.788
11469,10.051
11470,34.811
11473,9.861
11474,39.112
11475,10.800
11476,10.032
11477,11.449
11471,0.0
11478,9.026
11479,26.788
11480,8.611
11481,11.569
11482,9.716
11483,29.186
11484,11.097
11485,9.363
11486,9.037
11487,17.288
11488,11.698
11489,8.927
11490,12.798
11491,57.970
11492,31.295
11493,15.111
11494,19.890
11495,11.459
11496,11.259
11497,13.146
11498,14.338
11499,10.679
11500,11.917
11501,11.560
11502,11.619
11503,10.061
11504,9.854
11505,25.839
11506,10.419
11507,12.823
11508,9.298
11509,31.197
11510,11.334
11511,16.992
11512,11.491
11513,28.510
11514,12.966
11515,10.448
11516,10.186
11517,11.574
11518,11.052
11519,9.906
11520,8.947
11521,9.448
11522,27.010
11523,9.778
11524,10.199
11525,12.028
11526,12.399
11527,11.564
11528,11.787
11529,9.885
11530,9.365
11531,9.586
11532,10.635
11533,9.291
11534,8.864
11535,23.191
11536,9.601
11537,8.995
11538,9.295
11539,10.133
11540,9.468
11541,8.808
11542,9.569
11543,10.721
11544,9.007
11545,9.781
11546,9.200
11547,9.805
11548,9.456
11549,11.308
11550,9.229
11551,10.279
11552,17.387
11553,8.923
11554,9.272
11555,9.675
11556,9.737
11557,11.270
11558,9.210
11559,9.554
11560,10.590
11561,25.199
11562,9.135
11563,10.138
11564,11.027
11565,32.640
11566,10.448
11567,9.436
11568,9.696
11569,26.461
11570,9.612
11571,9.687
11572,9.000
11573,8.823
11574,19.172
11575,9.024
11576,38.435
11577,9.890
11578,25.544
11579,9.286
11580,39.863
11581,9.812
11582,32.367
11583,11.227
11584,23.493
11585,10.012
11586,32.771
11587,12.901
11588,40.668
11589,11.977
11590,10.114
11591,21.415
11592,9.354
11593,10.456
11594,9.078
11595,38.356
11596,9.098
11597,9.786
11598,10.177
11599,29.895
11600,18.372
11601,10.718
11602,10.662
11603,10.771
11604,11.321
11605,11.175
11606,9.828
11607,9.030
11608,9.189
11609,9.613
11610,10.153
11611,9.845
11612,10.145
11613,9.610
11614,9.854
11615,9.914
11616,9.387
11617,10.036
11618,12.215
11619,9.553
11620,9.773
11621,10.189
11622,10.005
11623,9.804
11624,9.785
11625,32.392
11626,9.469
11627,11.275
11628,9.682
11629,9.660
11630,9.393
11631,10.458
11632,10.101
11633,9.198
11634,10.524
11635,9.271
11636,9.040
11637,12.005
11638,13.191
11639,10.291
11640,33.937
11641,9.244
11642,10.176
11643,8.751
11644,9.653
11645,10.104
11646,9.471
11647,21.071
11648,10.042
11649,9.305
11650,9.912
11651,15.489
11652,9.096
11653,9.931
11654,9.815
11655,10.694
11656,9.713
11657,9.475
11658,8.717
11659,10.245
11660,10.867
11661,12.320
11662,9.530
11663,9.778
11664,11.360
11665,9.353
11666,9.814
11667,10.194
11668,9.814
11669,8.582
11670,9.366
11671,11.446
11672,10.198
11673,15.591
11674,9.769
11675,9.620
11676,12.537
11677,24.736
11678,10.640
11679,9.209
11680,11.280
11681,31.132
11682,9.060
11683,11.470
11684,9.010
11685,56.176
11686,9.374
11687,10.056
11688,10.624
11689,11.619
11690,9.272
11691,10.043
11692,10.291
11693,12.067
11694,9.767
11695,9.691
11696,9.249
11697,9.994
11698,17.499
11699,8.949
11700,9.426
11701,9.861
11702,8.764
11703,17.324
11704,11.229
11705,77.170
11706,10.487
11707,32.861
11708,10.887
11709,11.110
11710,9.765
11711,9.956
11712,9.216
11713,20.525
11714,9.580
11715,34.641
11716,9.884
11717,9.970
11718,9.176
11719,10.980
11720,9.714
11721,20.165
11722,10.388
11723,10.924
11724,9.968
11725,15.377
11726,8.894
11727,11.743
11728,35.472
11729,11.085
11730,10.885
11731,12.918
11732,10.109
11733,9.955
11734,11.318
11735,9.143
11736,9.143
11737,10.040
11738,10.046
11739,9.469
11740,17.083
11741,9.639
11742,9.801
11743,10.031
11744,8.995
11745,10.336
11746,11.185
11747,11.511
11748,9.135
11749,9.933
11750,9.902
11751,10.698
11752,10.265
11753,9.345
11754,9.259
11755,9.781
11756,8.859
11757,10.519
11758,11.965
11759,11.110
11760,9.479
11761,11.679
11762,9.138
11763,10.506
11764,8.905
11765,12.291
11766,9.648
11767,9.250
11768,9.574
11769,9.796
11770,10.391
11771,10.513
11772,20.386
11773,9.734
11774,9.943
11775,48.028
11776,9.877
11777,12.454
11778,11.961
11779,10.662
11780,16.758
11781,9.707
11782,11.709
11783,9.655
11784,9.906
11785,11.206
11786,9.293
11787,9.335
11788,8.689
11789,11.007
11790,9.765
11791,13.252
11792,10.077
11793,8.840
11794,46.412
11795,11.330
11796,9.333
11797,8.650
11798,10.226
11799,11.619
11800,8.959
11801,36.891
11802,19.638
11803,9.784
11804,9.731
11805,9.653
11806,10.484
11807,10.453
11808,8.768
11809,8.965
11810,12.118
11811,9.190
11812,11.308
11813,9.121
11814,34.904
11815,10.928
11816,9.585
11817,9.559
11818,9.363
11819,10.652
11820,25.180
11821,9.771
11822,9.171
11823,10.206
11824,9.476
11825,10.382
11826,9.221
11827,9.965
11828,9.485
11829,10.878
11830,9.695
11831,8.901
11832,10.269
11833,8.976
11834,9.698
11835,13.591
11836,10.907
11837,9.500
11838,9.802
11839,16.569
11840,9.588
11841,9.497
11842,9.465
11843,11.541
11844,9.777
11845,15.090
11846,17.009
11847,11.961
11848,10.687
11849,9.760
11850,11.616
11851,12.897
11852,10.662
11853,10.336
11854,12.432
11855,8.825
11856,9.374
11857,41.977
11858,9.404
11859,9.670
11860,15.469
11861,9.220
11862,11.980
11863,13.027
11864,9.545
11865,10.940
11866,9.760
11867,12.161
11868,9.363
11869,9.540
11870,9.531
11871,9.126
11872,9.214
11873,9.200
11874,11.687
11875,21.101
11876,10.952
11877,26.293
11878,23.042
11879,9.983
11880,14.703
11881,10.079
11882,9.544
11883,10.340
11884,12.245
11885,22.904
11886,9.505
11887,35.637
11888,10.765
11889,10.070
11890,9.295
11891,10.514
11892,11.956
11893,9.382
11894,9.272
11895,9.318
11896,32.639
11897,10.743
11898,9.423
11899,10.048
11900,32.197
11901,11.851
11902,8.845
11903,10.732
11904,16.488
11905,15.318
11906,14.889
11907,9.757
11908,14.921
11909,11.896
11910,12.321
11911,9.504
11912,9.090
11913,29.230
11914,10.280
11915,10.953
11916,11.190
11917,11.318
11918,12.427
11919,9.130
11920,10.283
11921,9.145
11922,26.348
11923,8.942
11924,10.191
11925,13.158
11926,9.152
11927,11.337
11928,11.464
11929,9.797
11930,36.069
11931,11.347
11932,9.331
11933,9.573
11934,9.269
11935,11.336
11936,12.225
11937,9.932
11938,8.998
11939,9.520
11940,8.896
11941,9.332
11942,9.370
11943,12.841
11944,12.959
11945,10.496
11946,9.458
11947,11.235
11948,10.633
11949,9.723
11950,9.127
11951,8.813
11952,11.734
11953,9.504
11954,9.098
11955,8.899
11956,9.102
11957,10.068
11958,9.420
11959,10.226
11960,10.916
11961,10.843
11962,9.361
11963,8.978
11964,9.241
11965,13.017
11966,8.884
11967,14.946
11968,9.973
11969,26.689
11970,10.192
11971,12.648
11972,10.458
11973,9.692
11974,9.862
11975,11.908
11976,9.761
11977,11.626
11978,9.813
11979,10.845
11980,10.303
11981,11.497
11982,12.332
11983,9.377
11984,10.218
11985,10.516
11986,41.643
11987,15.062
11988,8.967
11989,13.847
11990,9.373
11991,25.082
11992,8.642
11993,9.186
11994,16.488
11995,30.995
11996,11.286
11997,9.099
11998,9.085
11999,31.255
12000,10.239
12001,8.740
12002,19.670
12003,12.117
12004,12.785
12005,9.090
12006,9.142
12007,10.457
12008,10.975
12009,9.247
12010,9.269
12011,12.029
12012,36.908
12013,10.179
12014,10.550
12015,11.759
12016,11.347
12017,10.023
12018,9.504
12019,12.753
12020,9.211
12021,11.373
12022,9.280
12023,11.042
12024,11.000
12025,30.094
12026,8.919
12027,9.593
12028,11.434
12029,9.584
12030,13.056
12031,9.444
12032,9.191
12033,11.709
12034,9.819
12035,13.504
12036,11.415
12037,9.956
12038,13.453
12039,8.931
12040,9.274
12041,8.747
12042,10.116
12043,9.708
12044,9.653
12045,8.791
12046,9.325
12047,22.627
12048,17.332
12049,11.941
12050,10.440
12051,13.230
12052,10.592
12053,11.123
12054,10.891
12055,9.164
12056,9.707
12057,9.909
12058,9.075
12059,9.545
12060,41.271
12061,9.256
12062,10.662
12063,9.625
12064,11.620
12065,9.277
12066,9.469
12067,11.563
12068,25.650
12069,9.711
12070,9.201
12071,12.927
12072,9.565
12073,9.958
12074,9.125
12075,11.036
12076,9.246
12077,10.829
12078,9.097
12079,12.411
12080,11.957
12081,31.792
12082,9.199
12083,30.581
12084,15.124
12085,9.487
12086,11.847
12087,8.973
12088,11.685
12089,9.278
12090,9.637
12091,8.674
12092,11.835
12093,10.555
12094,11.301
12095,9.311
12096,12.210
12097,9.797
12098,71.372
12099,9.466
12100,9.573
12101,10.632
12102,8.940
12103,22.972
12104,12.542
12105,10.002
12106,11.272
12107,12.873
12108,9.427
12109,11.589
12110,9.427
12111,25.661
12112,9.206
12113,8.752
12114,72.404
12115,36.629
12116,24.690
12117,16.866
12118,8.760
12119,72.604
12120,26.103
12121,13.157
12122,9.302
12123,14.430
12124,35.821
12125,10.062
12126,10.687
12127,9.553
12128,55.201
12129,18.867
12130,10.936
12131,10.010
12132,10.778
12133,49.154
12134,8.946
12135,10.443
12136,9.100
12137,28.656
12138,9.484
12139,10.892
12140,11.875
12141,27.450
12142,11.887
12143,14.094
12144,10.891
12145,9.229
12146,32.105
12147,13.332
12148,9.803
12149,9.268
12153,8.783
12154,29.470
12150,0.0
12155,9.598
12156,42.490
12157,10.767
12151,0.0
12158,10.731
12159,11.328
12160,17.724
12161,8.791
12162,8.810
12163,22.251
12164,10.211
12165,9.893
12166,0.0
12167,0.0
12168,0.0
12169,0.0
12170,0.0
12171,0.0
12176,19.295
12172,0.0
12173,0.0
12177,14.270
12178,9.097
12179,10.656
12174,0.0
12180,11.523
12181,12.485
12182,9.050
12183,13.635
12184,37.829
12185,12.024
12186,9.179
12187,35.352
12188,47.230
12189,21.350
12190,10.097
12191,9.735
12192,13.734
12193,31.753
12194,8.716
12195,9.842
12196,12.794
12197,8.646
12198,13.795
12199,8.408
12200,26.071
12201,9.281
12202,8.861
12203,10.411
12204,32.730
12205,9.717
12206,9.371
12207,9.640
12208,28.337
12209,32.940
12210,8.978
12211,8.793
12212,35.111
12213,18.401
12214,8.988
12215,13.081
12216,9.966
12217,41.069
12218,9.932
12219,9.629
12220,9.522
12221,31.448
12222,8.830
12223,9.936
12224,13.095
12225,36.731
12226,10.002
12227,8.789
12228,9.347
12229,9.336
12230,9.858
12231,10.574
12232,10.707
12233,8.950
12234,13.009
12235,9.353
12236,9.867
12237,9.034
12238,29.031
12239,9.262
12240,9.020
12241,9.522
12242,9.402
12243,11.896
12244,11.041
12245,8.845
12246,9.815
12247,14.155
12248,11.936
12249,10.774
12250,8.918
12251,28.313
12252,9.677
12253,11.084
12254,12.497
12255,13.232
12256,15.622
12257,9.711
12258,10.413
12261,9.450
12262,40.140
12263,11.385
12264,65.785
12259,0.0
12265,9.123
12266,10.643
12267,10.903
12268,36.859
12269,9.172
12270,10.249
12271,9.344
12272,10.409
12273,19.978
12274,10.172
12275,10.877
12276,12.996
12277,31.341
12278,10.157
12279,11.274
12280,11.514
12281,34.285
12282,8.789
12283,28.173
12284,9.445
12285,9.096
12286,21.438
12287,8.583
12288,11.499
12289,12.697
12290,32.859
12291,10.697
12292,11.317
12293,9.459
12296,9.050
12297,9.581
12294,0.0
12298,9.526
12299,11.718
12300,13.597
12301,8.710
12302,9.805
12303,11.396
12304,9.050
12305,9.991
12306,12.940
12307,25.891
12308,8.870
12309,19.888
12310,9.448
12311,33.834
12312,42.666
12313,11.122
12314,10.192
12315,10.831
12316,21.135
12317,10.114
12318,9.356
12319,9.142
12320,10.726
12321,9.136
12322,42.544
12323,8.923
12324,32.192
12325,9.062
12326,9.558
12327,11.162
12328,10.596
12329,9.733
12330,9.297
12331,9.216
12332,8.830
12333,12.022
12334,9.253
12335,13.058
12336,9.766
12337,63.722
12338,9.817
12339,9.584
12340,14.922
12341,62.715
12342,10.048
12343,9.752
12344,9.359
12345,8.551
12346,26.446
12347,9.948
12348,9.722
12349,9.441
12350,24.699
12351,9.911
12352,10.794
12353,9.404
12354,8.930
12355,11.021
12356,8.899
12357,9.284
12358,8.828
12359,22.921
12360,29.398
12361,8.929
12362,12.065
12363,30.883
12364,12.058
12365,10.111
12366,11.620
12367,13.860
12368,9.785
12369,9.298
12370,9.089
12371,39.914
12372,18.147
12373,8.965
12374,11.814
12375,9.106
12376,33.321
12377,9.714
12378,8.797
12379,8.789
12380,9.554
12381,372.921
12382,8.498
12383,10.552
12384,10.162
12385,21.523
12386,8.932
12387,18.188
12388,8.781
12389,12.514
12390,11.303
12391,12.509
12392,11.541
12393,24.371
12394,14.302
12395,11.532
12396,9.297
12397,9.232
12398,19.576
12399,17.182
12400,9.358
12401,10.408
12402,22.033
12403,27.968
12404,11.065
12405,9.296
12406,31.764
12407,12.192
12408,9.138
12409,9.012
12410,30.805
12411,15.623
12412,9.648
12413,12.898
12414,8.864
12415,10.828
12416,9.457
12417,8.686
12418,60.425
12419,29.562
12420,12.261
12421,9.915
12422,10.312
12423,9.546
12424,10.674
12425,13.465
12426,9.310
12427,9.295
12428,11.039
12429,8.764
12430,9.052
12431,9.131
12432,11.589
12433,8.410
12434,9.169
12435,13.303
12436,10.414
12437,9.052
12438,9.913
12439,28.173
12440,39.498
12441,14.411
12442,8.778
12443,10.382
12444,10.175
12445,26.121
12446,9.429
12447,11.220
12448,9.076
12449,10.470
12450,9.888
12451,9.941
12452,9.503
12457,9.308
12458,10.173
12453,0.0
12454,0.0
12459,12.602
12460,9.190
12461,21.741
12455,0.0
12464,11.403
12467,10.134
12462,0.0
12468,10.696
12469,9.313
12470,11.768
12465,0.0
12471,9.249
12472,9.647
12473,9.757
12474,9.867
12475,26.962
12476,11.554
12477,9.180
12478,80.516
12479,81.074
12480,30.214
12481,36.516
12482,8.973
12483,36.967
12484,14.352
12485,9.077
12486,9.091
12487,11.577
12488,11.381
12489,10.137
12490,10.396
12491,8.797
12492,18.449
12493,14.687
12494,14.034
12495,11.270
12498,11.517
12499,9.328
12500,10.902
12496,0.0
12501,22.529
12502,10.040
12503,15.685
12504,11.505
12505,31.060
12506,9.345
12507,9.666
12508,11.064
12509,28.598
12510,11.978
12511,10.328
12512,8.812
12513,9.300
12514,21.155
12515,10.068
12516,72.949
12517,12.958
12518,25.947
12519,9.363
12520,9.051
12521,11.602
12522,25.825
12523,8.947
12524,10.019
12525,9.090
12526,9.135
12527,16.351
12528,9.507
12529,8.907
12530,13.539
12531,22.682
12532,10.867
12533,9.409
12534,9.781
12535,9.902
12536,10.959
12537,32.800
12538,9.276
12539,10.618
12540,11.845
12541,9.329
12542,10.473
12543,9.935
12544,12.378
12545,19.234
12546,9.996
12547,9.046
12548,28.975
12549,9.899
12550,8.690
12551,13.683
12552,9.411
12553,10.196
12554,8.941
12555,8.787
12556,9.821
12557,24.678
12558,9.248
12559,9.750
12560,11.569
12561,30.920
12562,8.852
12563,9.469
12564,10.996
12565,11.166
12566,9.878
12567,9.143
12568,9.907
12569,35.857
12570,18.388
12571,10.058
12572,10.517
12573,11.508
12574,11.741
12575,11.954
12576,9.628
12577,8.931
12578,59.376
12579,9.175
12580,9.071
12581,9.858
12582,30.950
12583,21.658
12584,9.481
12585,9.233
12586,11.384
12587,26.339
12588,8.863
12589,11.014
12590,9.479
12591,33.445
12592,23.702
12593,16.299
12594,8.845
12598,9.250
12595,0.0
12599,36.963
12600,11.736
12596,0.0
12601,8.776
12602,8.913
12603,12.691
12604,29.119
12605,10.647
12606,9.699
12607,9.712
12608,34.196
12609,26.221
12610,10.241
12611,8.816
12612,35.968
12613,23.439
12614,8.780
12615,11.038
12616,8.876
12617,11.338
12618,8.752
12619,9.333
12620,13.780
12621,32.346
12622,9.231
12623,9.592
12624,8.913
12625,32.651
12626,15.705
12627,8.816
12628,9.300
12629,42.190
12630,17.523
12631,9.073
12632,8.720
12633,8.995
12634,31.524
12635,9.507
12636,15.517
12639,9.423
12640,12.673
12641,9.519
12637,0.0
12642,10.790
12643,18.803
12647,30.598
12644,0.0
12648,14.323
12649,8.748
12650,9.366
12645,0.0
12651,33.719
12652,13.598
12653,10.991
12654,9.093
12655,9.102
12656,9.148
12657,9.091
12658,14.653
12659,10.805
12662,8.364
12663,10.684
12660,0.0
12664,32.211
12665,8.654
12668,9.258
12669,12.969
12666,0.0
12674,8.848
12670,0.0
12671,0.0
12672,0.0
12678,8.244
12679,9.127
12675,0.0
12676,0.0
12680,12.028
12681,37.033
12682,11.262
12683,8.803
12684,10.165
12685,39.708
12686,10.051
12687,9.038
12688,17.256
12689,9.514
12690,41.569
12691,8.644
12692,12.511
12693,10.350
12694,31.940
12695,10.894
12696,9.585
12697,11.496
12698,0.0
12699,0.0
12700,0.0
12705,8.960
12706,9.198
12701,0.0
12702,0.0
12703,0.0
12711,8.925
12707,0.0
12712,20.472
12713,8.997
12714,10.542
12709,0.0
12715,48.984
12716,39.397
12717,50.556
12718,11.198
12723,14.717
12724,29.792
12719,0.0
12720,0.0
12725,8.614
12726,8.444
12727,10.396
12721,0.0
12728,9.033
12729,10.206
12730,9.239
12731,11.635
12732,9.702
12733,29.751
12734,8.894
12735,8.770
12736,10.538
12737,27.404
12738,9.287
12739,9.845
12740,8.966
12741,8.707
12742,11.593
12743,10.187
12744,10.541
12745,11.298
12746,11.462
12747,8.738
12748,10.619
12749,8.900
12750,25.498
12751,27.214
12752,8.515
12753,8.669
12757,12.285
12758,8.785
12754,0.0
12755,0.0
12761,21.287
12762,59.426
12759,0.0
12763,0.0
12765,0.0
12766,0.0
12767,0.0
12768,0.0
12769,0.0
12770,0.0
12771,0.0
12772,0.0
12773,0.0
12774,0.0
12775,0.0
12776,0.0
12777,0.0
12778,0.0
12779,0.0
12780,0.0
12781,0.0
12782,0.0
12783,0.0
12784,0.0
12785,0.0
12786,0.0
12787,0.0
12792,53.419
12789,0.0
12793,29.449
12794,9.202
12795,9.286
12790,0.0
12796,13.329
12797,34.247
12798,19.708
12799,10.737
12800,9.009
12801,8.876
12802,10.130
12803,10.102
12804,9.421
12805,9.141
12806,53.536
12807,8.988
12808,12.099
12809,9.738
12810,148.429
12811,11.100
12816,9.934
12812,0.0
12813,0.0
12817,9.003
12818,9.135
12819,10.064
12814,0.0
12820,10.148
12821,11.699
12822,9.853
12823,28.464
12824,11.773
12825,8.863
12826,9.497
12827,8.587
12828,21.732
12829,10.853
12830,8.819
12831,9.417
12832,10.365
12833,10.523
12834,9.996
12835,9.453
12836,27.080
12837,12.182
12838,9.493
12839,9.786
12840,9.176
12841,14.648
12842,9.054
12843,9.553
12844,9.999
12845,23.208
12846,9.264
12847,9.478
12848,10.189
12851,45.332
12852,9.805
12853,31.622
12854,12.730
12849,0.0
12855,9.907
12856,8.666
12857,39.613
12858,35.195
12859,12.611
12860,28.957
12861,9.205
12862,35.096
12863,9.020
12864,19.658
12865,11.214
12866,64.325
12867,31.908
12868,9.335
12869,11.142
12870,9.152
12871,9.485
12872,9.068
12873,9.367
12874,9.381
12875,14.769
12876,10.551
12877,9.263
12878,9.661
12879,22.433
12880,9.603
12883,45.770
12884,17.314
12881,0.0
12885,9.164
12886,9.332
12887,10.914
12888,25.558
12889,9.464
12890,9.296
12891,10.016
12894,8.807
12895,10.084
12896,32.726
12897,12.391
12892,0.0
12898,29.235
12899,9.332
12900,11.132
12901,23.052
12902,10.694
12903,9.946
12904,22.921
12905,28.989
12906,9.230
12907,9.176
12908,10.329
12909,12.383
12910,9.271
12911,8.927
12912,8.794
12913,11.081
12914,9.860
12915,9.538
12916,14.662
12917,44.845
12918,26.222
12919,9.078
12920,11.270
12921,9.419
12922,9.925
12923,13.839
12924,13.670
12925,8.778
12926,11.770
12927,10.615
12928,10.905
12929,11.345
12930,9.141
12931,10.813
12932,13.478
12933,9.188
12934,9.461
12935,17.051
12936,0.0
12938,0.0
12942,13.409
12943,14.426
12940,0.0
12946,21.205
12944,0.0
12950,9.040
12947,0.0
12948,0.0
12951,0.0
12952,0.0
12953,0.0
12954,0.0
12955,0.0
12956,0.0
12957,0.0
12962,8.791
12963,39.800
12964,10.715
12958,0.0
12959,0.0
12960,0.0
12965,56.273
12966,11.048
12967,8.542
12968,0.0
12969,0.0
12970,0.0
12971,0.0
12975,9.328
12976,10.156
12977,11.033
12973,0.0
12978,34.645
12979,0.0
12981,0.0
12982,0.0
12983,0.0
12984,0.0
12985,0.0
12986,0.0
12987,0.0
12988,0.0
12989,0.0
12990,0.0
12991,0.0
12992,0.0
12993,0.0
12994,0.0
12995,0.0
12996,0.0
12997,0.0
12998,0.0
12999,0.0
13000,0.0
13001,0.0
13002,0.0
13003,0.0
13004,0.0
13005,0.0
13006,0.0
13007,0.0
13008,0.0
13009,0.0
13010,0.0
13011,0.0
13012,0.0
13013,0.0
13014,0.0
13015,0.0
13016,0.0
13017,0.0
13018,0.0
13019,0.0
13020,0.0
13021,0.0
13022,0.0
13023,0.0
13024,0.0
13025,0.0
13026,0.0
13027,0.0
13028,0.0
13029,0.0
13030,0.0
13031,0.0
13032,0.0
13033,0.0
13034,0.0
13035,0.0
13036,0.0
13037,0.0
13038,0.0
13039,0.0
13040,0.0
13041,0.0
13042,0.0
13043,0.0
13044,0.0
13045,0.0
13046,0.0
13047,0.0
13048,0.0
13049,0.0
13050,0.0
13051,0.0
13052,0.0
13053,0.0
13054,0.0
13055,0.0
13056,0.0
13057,0.0
13058,0.0
13059,0.0
13060,0.0
13061,0.0
13062,0.0
13063,0.0
13064,0.0
13065,0.0
13066,0.0
13067,0.0
13068,0.0
13069,0.0
13070,0.0
13071,0.0
13072,0.0
13073,0.0
13074,0.0
13075,0.0
13076,0.0
13077,0.0
13078,0.0
13079,0.0
13080,0.0
13081,0.0
13082,0.0
13083,0.0
13084,0.0
13085,0.0
13086,0.0
13087,0.0
13088,0.0
13089,0.0
13090,0.0
13091,0.0
13092,0.0
13093,0.0
13094,0.0
13095,0.0
13096,0.0
13097,0.0
13098,0.0
13099,0.0
13100,0.0
13101,0.0
13102,0.0
13103,0.0
13104,0.0
13105,0.0
13106,0.0
13107,0.0
13108,0.0
13109,0.0
13110,0.0
13111,0.0
13112,0.0
13113,0.0
13114,0.0
13115,0.0
13116,0.0
13117,0.0
13118,0.0
13119,0.0
13120,0.0
13121,0.0
13122,0.0
13123,0.0
13124,0.0
13125,0.0
13126,0.0
13127,0.0
13128,0.0
13129,0.0
13130,0.0
13131,0.0
13132,0.0
13133,0.0
13134,0.0
13135,0.0
13136,0.0
13137,0.0
13138,0.0
13139,0.0
13140,0.0
13141,0.0
13142,0.0
13143,0.0
13144,0.0
13145,0.0
13146,0.0
13147,0.0
13148,0.0
13149,0.0
13150,0.0
13151,0.0
13152,0.0
13153,0.0
13154,0.0
13155,0.0
13156,0.0
13157,0.0
13158,0.0
13159,0.0
13160,0.0
13161,0.0
13162,0.0
13163,0.0
13164,0.0
13165,0.0
13166,0.0
13167,0.0
13168,0.0
13169,0.0
13170,0.0
13171,0.0
13172,0.0
13173,0.0
13174,0.0
13175,0.0
13176,0.0
13177,0.0
13178,0.0
13179,0.0
13180,0.0
13181,0.0
13182,0.0
13183,0.0
13184,0.0
13185,0.0
13186,0.0
13187,0.0
13188,0.0
13189,0.0
13190,0.0
13191,0.0
13192,0.0
13193,0.0
13194,0.0
13195,0.0
13196,0.0
13197,0.0
13198,0.0
13199,0.0
13200,0.0
13201,0.0
13202,0.0
13203,0.0
13204,0.0
13205,0.0
13206,0.0
13207,0.0
13208,0.0
13209,0.0
13210,0.0
13211,0.0
13212,0.0
13213,0.0
13214,0.0
13215,0.0
13216,0.0
13217,0.0
13218,0.0
13219,0.0
13220,0.0
13221,0.0
13222,0.0
13223,0.0
13224,0.0
13225,0.0
13226,0.0
13227,0.0
13228,0.0
13229,0.0
13230,0.0
13231,0.0
13232,0.0
13233,0.0
13234,0.0
13235,0.0
13236,0.0
13237,0.0
13238,0.0
13239,0.0
13240,0.0
13241,0.0
13242,0.0
13243,0.0
13244,0.0
13245,0.0
13246,0.0
13247,0.0
13248,0.0
13249,0.0
13250,0.0
13251,0.0
13252,0.0
13253,0.0
13254,0.0
13255,0.0
13256,0.0
13257,0.0
13258,0.0
13274,0.0
13275,0.0
13276,0.0
13277,0.0
13278,0.0
13279,0.0
13280,0.0
13281,0.0
13282,0.0
13283,0.0
13284,0.0
13285,0.0
13286,0.0
13287,0.0
13288,0.0
13289,0.0
13290,0.0
13291,0.0
13292,0.0
13293,0.0
13294,0.0
13299,8.883
13300,62.077
13295,0.0
13296,0.0
13301,24.985
13302,9.310
13297,0.0
13303,9.369
13304,10.535
13305,29.868
13306,10.175
13307,8.314
13308,9.420
13309,35.203
13310,10.197
13311,9.113
13312,16.785
13313,9.811
13314,9.900
13315,9.163
13316,9.433
13317,63.454
13318,10.095
13319,9.042
13320,9.074
13321,8.943
13322,9.634
13323,10.252
13324,9.183
13325,9.236
13328,8.871
13329,10.179
13330,9.105
13331,11.853
13326,0.0
13332,9.511
13333,9.329
13334,11.124
13335,14.679
13336,9.049
13337,9.280
13338,8.946
13339,10.215
13340,10.794
13341,10.353
13342,8.969
13343,9.883
13344,10.996
13345,9.255
13346,10.162
13347,9.284
13350,9.168
13351,11.003
13348,0.0
13354,9.720
13355,10.201
13352,0.0
13356,10.456
13357,11.184
13358,9.034
13359,8.755
13360,9.457
13361,34.822
13362,9.015
13363,10.931
13364,10.347
13365,42.215
13366,9.546
13367,9.835
13368,10.608
13369,40.112
13370,10.367
13371,10.162
13372,9.155
13373,8.766
13374,24.861
13375,9.314
13376,8.881
13377,9.315
13378,10.963
13379,10.102
13380,9.911
13381,9.437
13382,9.402
13383,12.574
13384,9.505
13385,11.636
13386,10.009
13387,11.591
13388,9.597
13389,9.940
13390,11.250
13391,32.906
13392,8.965
13393,9.656
13394,10.994
13395,11.917
13396,11.751
13397,9.216
13398,8.893
13399,9.426
13400,11.293
13401,14.979
13402,9.835
13403,16.218
13404,11.947
13405,12.873
13406,9.618
13407,13.979
13408,8.725
13409,10.461
13410,9.273
13411,10.019
13412,9.533
13413,10.114
13414,10.133
13415,19.103
13416,9.897
13417,9.728
13418,9.860
13419,9.682
13420,9.045
13421,8.975
13422,33.399
13423,10.252
13424,10.761
13425,9.410
13426,9.702
13427,9.105
13428,9.449
13429,9.348
13430,8.954
13431,10.646
13432,8.779
13433,8.932
13434,12.829
13435,10.218
13436,9.589
13437,9.262
13438,17.181
13439,9.837
13440,9.862
13441,10.738
13442,9.086
13443,8.836
13444,10.502
13445,11.655
13446,8.925
13447,8.890
13448,12.835
13449,9.194
13450,9.282
13451,11.622
13454,20.446
13455,9.298
13452,0.0
13456,11.771
13457,11.154
13458,21.080
13459,8.881
13460,9.068
13461,29.204
13462,8.886
13463,29.669
13464,8.606
13465,11.789
13466,9.140
13467,9.251
13468,12.235
13469,10.009
13470,9.135
13471,8.867
13472,9.412
13473,9.216
13474,10.586
13475,9.934
13476,31.354
13477,10.282
13478,12.154
13479,13.428
13480,9.432
13481,8.629
13482,26.526
13483,9.300
13484,24.567
13485,9.575
13486,9.230
13487,10.758
13488,9.070
13489,9.160
13490,12.957
13491,25.853
13492,9.327
13493,17.389
13494,13.995
13495,9.869
13496,9.366
13497,19.930
13498,9.166
13499,9.436
13500,15.373
13501,11.048
13502,20.544
13503,10.936
13504,10.402
13505,8.818
13506,9.717
13507,9.898
13508,11.950
13509,8.886
13510,9.181
13511,9.291
13512,34.942
13513,10.426
13514,8.796
13515,9.062
13516,8.901
13517,9.483
13518,8.905
13519,12.112
13520,9.762
13521,27.006
13522,13.390
13523,9.369
13524,12.817
13525,27.374
13526,26.246
13527,9.078
13528,9.111
13529,40.141
13530,10.346
13531,9.559
13532,8.606
13533,9.243
13534,23.625
13535,8.808
13536,9.326
13539,8.915
13540,9.127
13541,9.208
13537,0.0
13542,11.452
13543,13.171
13544,13.639
13545,12.453
13546,9.219
13547,13.231
13548,9.226
13549,12.424
13550,14.800
13553,12.464
13554,13.666
13551,0.0
13557,12.668
13558,13.449
13555,0.0
13561,13.899
13562,14.890
13563,12.398
13559,0.0
13564,30.732
13565,12.838
13566,15.980
13567,13.115
13568,13.397
13569,12.945
13570,14.221
13571,13.060
13572,12.852
13573,13.111
13574,12.711
13575,12.721
13576,15.877
13577,27.634
13578,14.908
13579,14.070
13580,15.105
13581,15.706
13582,13.243
13583,12.790
13584,12.638
13585,14.232
13586,12.990
13587,12.808
13588,14.399
13589,13.568
13590,14.691
13591,12.679
13592,12.216
13593,13.302
13594,37.875
13595,12.901
13596,12.933
13597,13.014
13600,12.739
13601,13.162
13598,0.0
13602,54.313
13603,26.445
13604,12.756
13605,12.502
13606,14.302
13607,13.734
13608,13.110
13609,13.003
13610,12.900
13613,12.721
13614,14.519
13615,14.677
13611,0.0
13616,15.008
13617,12.545
13618,15.150
13619,14.294
13620,32.283
13621,13.741
13622,13.115
13623,13.752
13626,13.003
13627,13.389
13624,0.0
13630,12.601
13631,12.665
13628,0.0
13632,13.531
13633,12.855
13634,12.756
13635,13.376
13636,14.438
13637,13.898
13638,12.825
13639,12.438
13640,12.732
13641,13.296
13642,21.104
13643,13.332
13644,12.546
13645,12.550
13646,24.005
13647,15.001
13648,12.331
13649,12.395
13652,12.606
13653,12.983
13654,27.463
13650,0.0
13655,12.628
13656,13.434
13657,12.416
13658,12.873
13659,24.797
13660,13.066
13661,12.954
13662,12.843
13663,15.376
13664,13.606
13665,13.925
13666,17.328
13667,14.493
13668,12.716
13669,13.261
13670,13.220
13671,13.227
13672,13.810
13673,17.585
13674,13.177
13675,13.361
13676,13.509
13677,13.353
13678,12.831
13679,14.807
13682,12.717
13683,12.340
13680,0.0
13684,13.599
13685,16.863
13686,12.296
13689,9.657
13690,8.854
13691,8.899
13687,0.0
13692,14.312
13693,10.783
13694,9.274
13695,9.887
13696,8.935
13699,9.121
13700,8.885
13701,10.575
13697,0.0
13702,9.852
13703,8.972
13704,10.179
13705,9.081
13709,8.913
13710,10.338
13706,0.0
13707,0.0
13715,9.691
13716,9.987
13717,8.648
13711,0.0
13713,0.0
13718,10.436
13719,11.434
13722,8.735
13720,0.0
13725,10.719
13726,11.594
13723,0.0
13729,9.483
13730,10.355
13731,9.199
13727,0.0
13732,10.628
13733,11.112
13734,9.106
13735,9.168
13736,10.666
13737,9.231
13738,11.002
13739,9.238
13740,28.659
13741,9.382
13742,8.570
13743,13.002
13744,10.422
13745,11.292
13746,11.614
13747,9.201
13748,11.354
13751,9.246
13752,8.906
13753,10.439
13749,0.0
13754,9.480
13755,12.649
13756,9.265
13757,9.786
13760,12.328
13761,8.800
13758,0.0
13762,10.864
13763,34.301
13764,9.776
13765,10.756
13766,14.155
13767,10.695
13768,9.353
13769,9.287
13770,9.402
13771,9.802
13772,9.335
13773,35.548
13774,9.452
13775,9.813
13776,10.861
13777,12.381
13778,11.869
13781,9.864
13782,8.777
13783,9.389
13784,9.190
13785,13.179
13779,0.0
13786,9.720
13787,11.673
13788,8.933
13789,13.080
13790,10.400
13791,11.740
13792,9.073
13793,9.056
13794,45.347
13795,23.805
13796,64.940
13797,57.436
13798,9.231
13799,9.469
13800,10.966
13801,9.377
13802,12.487
13803,9.613
13804,16.718
13805,13.860
13806,13.016
13807,8.809
13808,8.957
13809,9.427
13810,8.827
13811,11.663
13812,11.011
13813,8.781
13814,8.583
13815,9.268
13816,12.003
13817,12.653
13818,13.833
13819,12.329
13820,14.887
13821,41.232
13822,12.887
13823,13.564
13824,12.921
13825,23.797
13826,19.562
13827,14.110
13828,15.934
13829,46.082
13830,13.180
13831,12.522
13832,16.943
13833,14.741
13834,18.853
13835,12.525
13836,12.542
13837,12.789
13838,32.863
13839,12.537
13840,12.294
13841,13.298
13842,12.444
13843,12.589
13844,12.659
13845,19.846
13846,12.824
13847,12.452
13848,13.280
13849,13.140
13850,12.599
13851,12.470
13852,41.709
13853,16.050
13856,12.178
13857,14.032
13858,14.502
13859,12.483
13854,0.0
13860,12.784
13861,12.628
13862,16.419
13863,12.533
13864,16.680
13865,12.565
13866,13.008
13867,13.120
13868,13.543
13869,12.711
13870,13.370
13871,13.492
13872,12.877
13873,13.155
13874,13.825
13875,47.629
13876,45.384
13877,54.021
13878,102.220
13879,14.092
13880,15.181
13881,14.553
13882,12.945
13883,13.405
13884,12.661
13885,12.757
13886,12.395
13887,33.210
13888,17.805
13889,12.422
13890,12.963
13891,12.904
13892,26.928
13893,35.562
13894,14.040
13895,14.431
13896,12.792
13897,14.081
13898,12.658
13899,12.728
13900,12.788
13901,13.277
13902,13.076
13903,12.458
13904,12.848
13905,12.838
13906,12.741
13907,12.877
13908,17.041
13909,13.544
13910,13.392
13911,12.819
13912,13.523
13913,14.605
13914,12.602
13915,12.545
13916,46.228
13917,16.595
13918,12.714
13919,12.752
13920,13.352
13921,17.115
13922,12.594
13923,12.700
13924,12.248
13925,12.324
13926,13.443
13927,12.819
13928,13.551
13929,13.428
13930,13.936
13931,16.479
13932,13.816
13933,13.490
13934,12.669
13935,17.347
13936,12.628
13937,12.859
13938,12.962
13939,12.948
13940,12.386
13941,12.658
13942,14.557
13945,12.590
13946,12.758
13943,0.0
13947,12.504
13948,13.258
13949,12.600
13950,13.276
13951,15.300
13952,12.551
13953,14.501
13954,12.899
13955,16.120
13956,13.344
13957,13.831
13958,13.119
13959,14.493
13960,12.377
13961,12.557
13962,23.182
13963,13.997
13966,14.473
13967,12.404
13968,16.870
13969,13.099
13970,12.863
13964,0.0
13971,13.979
13972,13.035
13973,17.124
13974,12.664
13975,12.571
13976,13.500
13977,12.800
13978,13.299
13979,12.435
13980,12.517
13981,13.834
13982,13.507
13983,12.611
13984,14.688
13985,12.611
13986,13.911
13987,14.115
13990,16.491
13991,43.463
13992,16.005
13993,13.425
13988,0.0
13994,13.167
13995,12.558
13996,12.697
13997,12.839
13998,14.608
13999,13.133
14000,13.472
14001,13.801
14002,13.238
14003,14.812
14004,13.268
14005,12.806
14006,16.274
14009,13.286
14010,13.445
14011,21.089
14007,0.0
14012,13.424
14013,12.678
14014,13.061
14015,12.726
14016,12.661
14017,12.396
14018,12.408
14019,13.903
14020,42.046
14021,12.521
14022,12.371
14023,12.611
14024,17.739
14025,12.867
14026,13.191
14027,12.280
14028,12.387
14029,12.929
14030,17.154
14031,13.782
14032,12.994
14033,12.420
14034,12.647
14035,15.850
14036,12.337
14037,12.711
14038,13.278
14039,42.900
14040,15.663
14041,16.613
14042,12.668
14043,13.601
14044,12.644
14045,12.781
14046,15.022
14047,12.960
14048,12.992
14049,12.575
14050,12.635
14051,13.036
14052,16.359
14053,12.844
14054,14.003
14055,12.388
14056,12.815
14057,16.265
14058,15.657
14059,13.503
14060,14.539
14061,12.643
14062,13.286
14063,15.809
14064,12.703
14065,13.098
14066,13.495
14067,12.497
14068,12.681
14069,13.569
14070,12.923
14071,13.319
14072,13.194
14075,15.838
14076,12.791
14077,12.679
14078,16.600
14079,12.248
14073,0.0
14080,25.312
14081,12.657
14082,12.811
14083,12.388
14084,12.985
14085,13.478
14086,14.985
14087,12.890
14088,12.866
14089,12.518
14090,12.685
14091,16.062
14092,12.892
14093,13.526
14094,13.205
14095,13.212
14096,12.774
14097,15.654
14098,13.154
14099,14.903
14100,73.592
14101,63.995
14102,55.407
14103,98.870
14104,14.611
14105,13.340
14106,12.422
14107,12.970
14108,15.322
14109,15.035
14110,12.254
14113,12.733
14114,13.364
14115,12.728
14111,0.0
14116,13.573
14117,12.634
14118,12.968
14119,12.480
14120,0.0
14124,12.164
14125,14.740
14126,12.399
14122,0.0
14127,12.646
14130,12.807
14131,13.468
14128,0.0
14132,12.604
14133,13.601
14134,13.028
14135,12.408
14136,12.733
14137,15.020
14138,15.712
14139,12.603
14140,12.570
14141,12.318
14142,14.227
14143,13.318
14144,12.740
14145,12.354
14146,12.580
14147,12.760
14148,13.016
14149,14.556
14150,12.577
14151,12.675
14152,12.592
14153,12.361
14154,12.452
14155,13.112
14156,13.053
14157,13.422
14158,12.609
14159,15.498
14160,12.760
14161,12.924
14162,13.962
14163,13.531
14164,13.121
14165,13.678
14166,13.114
14167,13.828
14168,12.612
14169,14.907
14170,13.385
14171,37.429
14172,14.782
14173,12.608
14174,16.234
14175,12.319
14176,13.916
14177,15.967
14178,16.193
14179,12.580
14180,33.783
14181,12.600
14182,13.227
14183,13.796
14186,12.996
14187,13.307
14184,0.0
14188,14.804
14189,14.705
14190,12.959
14191,12.764
14192,12.434
14193,53.645
14194,12.737
14195,13.430
14196,15.503
14197,61.345
14198,12.399
14199,14.908
14200,13.468
14201,38.243
14202,43.501
14203,12.529
14204,12.746
14205,12.775
14206,14.671
14207,13.065
14208,13.287
14209,13.118
14210,14.599
14211,16.023
14212,12.889
14213,13.036
14214,33.010
14215,16.246
14216,30.238
14217,14.333
14218,12.767
14219,45.266
14220,12.565
14221,13.882
14222,13.669
14223,15.087
14224,12.690
14225,12.693
14226,13.217
14227,36.627
14228,15.813
14229,12.983
14230,12.395
14231,12.575
14232,15.602
14233,13.210
14234,13.411
14235,12.976
14238,13.458
14239,13.068
14236,0.0
14242,12.946
14243,15.771
14244,44.263
14245,15.920
14240,0.0
14246,13.275
14247,21.834
14248,12.619
14249,14.705
14250,12.904
14251,14.771
14252,13.049
14253,36.982
14254,13.129
14255,17.654
14256,32.849
14257,33.801
14258,19.674
14259,15.372
14260,12.391
14261,42.763
14262,32.617
14263,13.277
14264,12.224
14265,13.440
14266,33.688
14267,29.691
14268,14.664
14269,13.769
14270,32.848
14271,51.835
14272,12.357
14273,12.475
14274,16.408
14275,14.258
14276,14.202
14277,13.467
14278,14.572
14279,31.709
14280,12.565
14281,12.359
14282,12.454
14283,27.619
14284,18.759
14285,13.434
14286,12.655
14287,37.315
14288,25.184
14289,12.889
14290,13.397
14291,12.993
14292,29.863
14293,12.810
14294,14.787
14295,14.186
14298,13.325
14299,13.009
14296,0.0
14300,33.540
14301,17.090
14302,17.559
14303,17.932
14304,12.729
14305,26.286
14306,12.001
14307,13.911
14308,14.839
14309,32.606
14310,12.270
14311,12.902
14312,15.491
14313,16.149
14314,16.038
14315,12.523
14316,15.166
14317,12.706
14318,24.420
14319,12.167
14320,12.463
14321,12.600
14322,61.416
14323,12.831
14324,14.632
14325,15.390
14326,28.978
14327,27.570
14328,13.135
14329,13.557
14330,14.923
14331,15.824
14332,12.930
14333,12.170
14334,46.169
14335,31.514
14336,12.643
14337,12.523
14338,13.079
14339,57.077
14340,12.814
14341,12.764
14342,15.138
14343,34.545
14344,13.581
14345,12.839
14346,14.034
14347,16.634
14348,14.915
14349,13.060
14352,34.923
14353,12.222
14354,19.065
14350,0.0
14355,12.791
14358,13.014
14359,15.064
14360,13.409
14361,14.421
14362,12.990
14356,0.0
14363,16.215
14364,14.236
14365,49.132
14366,14.501
14367,14.762
14368,13.352
14371,12.675
14372,12.553
14373,67.879
14374,13.225
14369,0.0
14375,45.955
14376,14.579
14377,14.113
14378,15.077
14379,12.340
14380,14.709
14381,14.259
14382,28.793
14383,17.221
14384,13.414
14385,12.369
14388,20.268
14389,12.860
14390,12.356
14386,0.0
14391,27.106
14392,27.205
14393,14.449
14394,13.370
14395,36.241
14396,12.618
14397,16.593
14398,59.814
14399,16.199
14400,24.719
14401,12.793
14402,12.793
14403,12.658
14404,24.627
14405,13.900
14406,13.061
14407,13.614
14410,13.324
14411,13.065
14412,12.948
14408,0.0
14413,16.789
14414,12.888
14415,23.338
14416,13.017
14417,16.717
14418,14.506
14419,14.071
14420,12.979
14423,12.723
14424,13.813
14425,52.734
14426,13.625
14421,0.0
14427,13.772
14428,12.399
14429,37.687
14430,24.083
14431,16.450
14432,14.551
14433,12.601
14434,29.446
14435,13.472
14436,13.330
14437,12.255
14438,34.967
14439,13.247
14440,13.656
14441,12.594
14442,34.643
14443,47.324
14444,13.238
14445,13.900
14446,12.597
14447,15.141
14448,14.931
14449,14.510
14450,13.730
14451,38.691
14452,69.139
14453,12.660
14454,12.639
14455,13.563
14456,13.956
14457,13.063
14458,13.069
14459,14.287
14460,14.337
14461,12.630
14462,12.907
14463,12.779
14464,16.785
14465,14.307
14466,13.065
14467,12.208
14468,27.845
14469,13.982
14470,20.253
14471,21.938
14474,13.235
14475,16.926
14472,0.0
14478,13.647
14479,61.300
14480,60.408
14481,64.850
14476,0.0
14482,13.073
14483,14.931
14484,12.340
14485,38.778
14486,13.485
14487,12.817
14488,12.749
14489,12.654
14490,13.844
14491,13.982
14492,14.149
14493,14.331
14494,37.126
14495,14.280
14496,13.098
14497,12.851
14500,13.987
14501,12.598
14502,39.308
14503,22.411
14498,0.0
14504,12.899
14505,12.637
14506,12.754
14507,35.097
14508,12.716
14509,12.842
14510,12.444
14513,13.353
14514,13.132
14511,0.0
14515,35.998
14516,20.274
14517,13.728
14518,12.986
14519,12.847
14520,31.536
14521,12.573
14522,12.158
14523,12.916
14524,13.086
14525,13.032
14526,12.585
14527,13.100
14530,13.295
14531,12.799
14532,69.513
14528,0.0
14533,25.717
14534,12.667
14535,12.853
14536,13.465
14539,14.092
14540,12.883
14537,0.0
14541,29.685
14542,48.057
14543,12.925
14544,12.361
14545,12.335
14546,50.885
14547,12.629
14548,13.510
14549,12.839
14550,18.526
14551,13.884
14552,12.616
14553,12.973
14554,34.302
14555,12.962
14556,12.788
14557,12.744
14558,67.260
14559,23.369
14560,12.574
14561,13.832
14562,12.553
14563,28.330
14564,13.372
14565,12.912
14566,12.838
14567,40.619
14568,14.079
14569,12.878
14570,12.475
14571,34.154
14572,18.003
14573,12.611
14574,12.631
14575,12.728
14576,14.403
14577,13.278
14578,13.368
14579,12.206
14580,42.104
14581,13.044
14582,13.091
14583,15.978
14584,14.191
14585,15.841
14586,12.556
14587,14.059
14590,12.722
14591,13.303
14592,59.906
14588,0.0
14595,12.785
14596,16.544
14597,13.005
14593,0.0
14598,12.381
14599,14.869
14600,15.201
14601,22.337
14602,44.525
14603,22.225
14604,12.761
14605,29.099
14606,14.063
14607,12.354
14608,12.974
14609,13.940
14610,13.774
14611,13.033
14612,12.934
14613,12.988
14614,19.626
14615,12.452
14616,14.854
14617,13.545
14618,14.717
14619,13.083
14620,14.048
14621,12.392
14622,14.462
14623,13.534
14624,12.608
14625,12.856
14626,32.441
14627,13.789
14628,13.480
14629,34.134
14630,13.469
14631,28.750
14632,12.752
14633,12.881
14634,11.982
14635,40.417
14636,13.098
14637,12.589
14638,16.568
14639,30.153
14640,13.203
14641,13.168
14642,12.888
14643,12.914
14644,14.470
14645,13.019
14646,16.539
14647,14.259
14648,16.105
14649,12.871
14650,15.067
14651,15.722
14652,13.696
14653,41.291
14654,13.358
14655,12.376
14656,12.851
14657,13.451
14658,52.837
14659,12.651
14660,13.012
14661,28.095
14662,12.630
14663,23.871
14664,12.504
14665,25.662
14666,13.499
14667,14.356
14668,14.100
14671,12.883
14672,12.804
14669,0.0
14673,12.512
14674,14.672
14675,12.454
14676,13.135
14677,12.774
14678,46.944
14679,42.289
14680,15.081
14681,15.037
14682,30.739
14683,34.097
14684,14.446
14685,13.115
14686,13.767
14687,15.549
14688,13.268
14689,13.262
14690,12.748
14691,35.108
14692,12.960
14693,12.642
14694,12.839
14697,13.476
14698,12.627
14695,0.0
14699,13.086
14700,13.985
14701,31.448
14702,19.769
14703,12.636
14704,28.686
14705,13.505
14706,12.902
14707,21.974
14708,33.470
14709,32.087
14710,12.502
14711,15.134
14714,11.869
14715,20.019
14716,12.359
14712,0.0
14717,13.535
14718,13.123
14719,12.303
14720,12.767
14721,14.128
14722,12.301
14723,11.931
14724,12.734
14725,30.556
14726,12.407
14727,15.302
14728,12.365
14729,12.961
14730,13.521
14731,12.522
14732,14.223
14733,13.193
14734,30.474
14735,13.507
14736,31.703
14737,16.250
14738,32.006
14739,16.262
14740,13.161
14741,11.977
14742,36.625
14743,13.039
14744,12.499
14745,11.760
14746,13.336
14747,15.927
14748,12.943
14749,14.003
14750,16.263
14751,26.182
14752,12.741
14753,12.377
14754,11.840
14755,12.582
14756,12.736
14757,12.983
14758,11.618
14759,13.531
14760,46.546
14761,12.763
14762,12.360
14763,12.338
14766,12.587
14767,12.059
14768,15.420
14769,12.748
14764,0.0
14770,12.567
14771,12.119
14772,12.222
14773,53.256
14774,12.036
14775,12.463
14776,12.108
14777,15.279
14778,12.461
14779,12.675
14783,12.478
14784,14.531
14780,0.0
14781,0.0
14785,41.341
14786,19.870
14787,12.487
14788,11.880
14789,12.668
14792,23.062
14793,16.866
14794,15.953
14795,11.783
14790,0.0
14796,12.081
14797,12.057
14800,13.141
14801,24.711
14802,11.895
14798,0.0
14803,25.035
14804,12.222
14805,19.276
14806,18.403
14809,11.822
14810,12.339
14811,12.731
14807,0.0
14812,12.660
14813,12.057
14814,12.598
14815,12.159
14816,12.955
14817,12.369
14818,12.280
14819,12.155
14820,18.069
14821,12.517
14822,13.006
14823,13.606
14824,30.158
14825,18.257
14826,12.076
14827,12.282
14828,12.268
14829,13.246
14830,11.961
14831,12.195
14832,12.531
14833,13.869
14834,13.309
14835,12.409
14836,11.998
14839,12.397
14840,12.623
14841,12.181
14837,0.0
14842,17.956
14843,12.644
14844,12.340
14845,15.097
14846,25.845
14847,13.473
14848,13.376
14851,12.120
14852,15.506
14849,0.0
14853,13.278
14854,35.001
14855,12.797
14856,12.232
14857,13.853
14858,12.237
14859,28.615
14860,11.681
14861,15.731
14862,12.104
14863,33.706
14864,18.379
14865,13.580
14866,13.576
14867,16.709
14868,12.518
14869,12.069
14870,13.340
14871,12.194
14872,13.556
14873,11.861
14874,13.619
14875,12.983
14876,14.242
14877,14.923
14878,13.083
14879,11.881
14880,27.485
14881,14.482
14882,12.505
14883,12.432
14884,13.955
14885,19.879
14886,12.165
14887,11.569
14888,12.396
14889,27.256
14890,12.029
14891,12.186
14892,55.165
14893,35.998
14894,12.053
14895,13.564
14896,16.316
14897,34.758
14898,16.360
14899,12.628
14900,12.026
14901,12.672
14902,29.343
14903,11.898
14904,11.936
14905,12.522
14906,14.571
14907,13.830
14908,12.523
14909,12.891
14910,13.691
14911,13.088
14912,12.419
14913,11.915
14916,12.774
14917,11.976
14918,12.623
14914,0.0
14921,12.523
14922,12.195
14919,0.0
14923,33.271
14924,11.983
14925,12.457
14926,12.640
14927,12.144
14928,15.643
14929,14.704
14930,12.590
14931,12.231
14932,30.740
14933,13.075
14934,11.718
14935,13.168
14936,17.015
14937,12.362
14938,12.044
14939,12.173
14942,12.067
14943,12.982
14944,12.466
14940,0.0
14945,24.960
14946,12.153
14947,13.996
14948,12.332
14949,18.303
14950,13.202
14951,13.709
14952,12.431
14953,23.775
14954,18.553
14955,12.240
14956,12.350
14957,13.739
14958,13.482
14959,12.386
14960,14.045
14961,59.427
14962,16.917
14963,13.647
14964,12.529
14965,11.830
14966,16.382
14967,12.650
14968,13.219
14969,12.415
14970,12.035
14971,21.422
14972,13.339
14973,15.588
14974,11.699
14975,26.633
14976,12.577
14977,13.416
14978,12.480
14979,49.249
14980,13.756
14981,11.879
14982,12.174
14983,14.368
14984,15.457
14985,11.746
14986,18.219
14987,11.828
14988,13.649
14989,12.184
14990,13.905
14991,12.732
14992,14.573
14993,12.485
14994,12.522
14995,12.585
14996,13.246
14997,14.943
14998,11.680
14999,13.465
15000,11.519
15001,21.960
15002,11.827
15003,12.335
15004,12.045
15005,36.753
15006,30.559
15007,12.345
15008,12.924
15009,13.507
15010,12.683
15011,14.084
15012,12.028
15013,12.016
15014,17.134
15015,13.198
15016,11.713
15017,12.183
15018,17.352
15019,12.304
15020,13.013
15021,11.593
15022,14.103
15023,12.062
15024,12.377
15025,12.454
15026,13.753
15027,14.211
15028,13.383
15029,12.419
15030,12.737
15031,13.969
15032,42.371
15033,14.361
15034,12.486
15035,51.439
15036,12.023
15037,12.261
15038,11.865
15039,13.084
15040,15.652
15041,12.487
15042,12.425
15043,12.345
15046,12.395
15047,14.604
15048,15.577
15044,0.0
15049,12.338
15050,11.878
15051,12.532
15052,12.739
15053,13.822
15054,12.865
15055,12.953
15056,12.393
15057,13.819
15058,12.991
15059,12.747
15060,12.792
15061,53.901
15062,14.421
15063,12.446
15064,12.338
15065,25.745
15066,12.357
15067,12.793
15068,13.409
15069,13.464
15070,19.223
15071,13.260
15072,12.337
15073,12.415
15074,13.633
15075,12.475
15076,12.437
15077,12.454
15078,17.240
15079,13.369
15080,12.235
15083,54.850
15084,51.803
15085,35.031
15081,0.0
15086,13.007
15087,23.647
15088,13.166
15089,12.413
15090,12.455
15091,30.567
15092,32.990
15093,33.477
15094,12.351
15095,32.982
15096,12.148
15097,11.830
15098,14.211
15099,14.932
15100,13.433
15101,14.922
15102,11.932
15103,42.836
15104,47.199
15105,14.534
15106,11.854
15107,16.447
15108,12.665
15109,12.135
15110,12.055
15111,15.670
15112,38.601
15113,47.858
15114,11.884
15115,12.694
15116,16.357
15117,36.850
15118,13.833
15119,12.190
15120,15.315
15121,16.816
15122,44.678
15123,11.711
15124,12.194
15125,31.991
15126,12.457
15127,12.447
15128,12.432
15129,40.074
15130,37.761
15131,15.664
15132,12.760
15133,13.063
15134,38.718
15135,14.196
15136,14.402
15137,15.285
15138,12.792
15139,12.170
15140,12.935
15141,12.116
15142,37.411
15143,20.305
15144,12.107
15145,12.552
15146,12.382
15149,11.949
15150,12.897
15151,28.008
15152,13.233
15147,0.0
15153,13.803
15154,42.414
15155,13.807
15156,12.601
15157,12.134
15158,14.331
15159,55.058
15160,28.643
15161,12.135
15162,11.626
15163,12.153
15164,34.104
15165,15.204
15166,18.162
15167,13.172
15170,13.918
15171,12.228
15168,0.0
15172,64.628
15173,12.516
15174,11.915
15175,12.480
15176,12.218
15179,12.157
15180,11.697
15177,0.0
15181,32.447
15182,13.118
15183,11.793
15184,12.043
15185,44.636
15186,20.707
15187,11.668
15188,15.351
15189,19.826
15190,36.844
15191,14.710
15192,11.963
15193,11.821
15194,32.947
15195,12.200
15196,12.524
15197,12.373
15198,12.104
15199,13.100
15200,12.428
15201,71.647
15202,12.837
15203,31.191
15204,12.162
15205,12.273
15206,12.162
15209,12.692
15210,11.929
15211,12.919
15207,0.0
15212,12.579
15213,11.804
15214,12.722
15215,40.611
15218,14.298
15219,14.253
15220,37.754
15221,12.119
15216,0.0
15222,15.578
15223,12.521
15224,42.778
15225,13.272
15226,12.317
15227,12.340
15228,38.310
15229,13.463
15230,11.924
15231,12.681
15232,11.906
15233,15.607
15234,14.585
15235,14.215
15236,15.848
15237,13.957
15238,13.173
15239,12.069
15240,12.479
15241,11.791
15242,12.752
15243,11.948
15244,11.949
15245,12.389
15246,17.318
15247,16.751
15248,13.389
15249,13.215
15250,42.353
15251,13.436
15252,12.734
15253,12.072
15254,32.702
15255,18.870
15256,13.888
15257,16.098
15258,11.976
15259,14.193
15260,12.219
15261,12.283
15262,11.745
15265,14.013
15266,12.008
15263,0.0
15271,13.538
15267,0.0
15272,25.730
15273,14.056
15274,15.682
15269,0.0
15275,12.149
15276,22.219
15277,12.287
15278,12.281
15279,11.779
15280,14.328
15281,12.244
15282,12.697
15283,12.713
15284,12.115
15285,26.483
15286,11.930
15287,12.343
15288,12.206
15289,14.064
15290,13.816
15291,19.481
15292,12.345
15293,21.703
15294,15.005
15295,12.284
15296,12.289
15299,13.317
15300,11.440
15297,0.0
15301,12.863
15302,14.414
15303,13.416
15304,12.040
15305,11.976
15306,61.298
15307,14.690
15308,12.476
15309,12.418
15310,28.262
15311,12.726
15312,12.178
15313,12.154
15314,11.915
15315,14.089
15316,11.824
15317,12.454
15318,12.537
15321,12.561
15322,12.516
15319,0.0
15325,11.751
15326,13.132
15327,12.067
15323,0.0
15328,13.300
15329,20.195
15330,11.358
15331,12.262
15332,13.933
15333,12.448
15334,11.982
15335,12.374
15336,25.709
15337,43.693
15338,12.196
15339,12.207
15340,15.550
15341,18.801
15342,12.376
15343,12.092
15344,13.034
15345,12.887
15346,12.801
15347,12.562
15348,11.898
15349,33.451
15350,12.611
15351,12.670
15352,12.351
15353,31.560
15354,12.969
15355,12.690
15356,12.932
15357,13.211
15358,15.740
15359,38.150
15360,11.918
15361,12.240
15362,29.865
15363,12.293
15364,12.083
15365,12.747
15366,30.030
15367,23.708
15368,12.145
15369,11.971
15370,38.469
15371,20.175
15372,14.199
15373,12.559
15374,14.202
15375,28.875
15376,11.805
15377,11.724
15378,11.959
15379,25.153
15380,11.921
15381,12.009
15382,16.204
15385,11.983
15386,12.609
15383,0.0
15387,12.301
15388,16.425
15389,12.511
15390,12.139
15391,12.412
15392,17.680
15393,62.396
15394,11.714
15395,13.415
15396,49.670
15397,15.216
15398,14.358
15399,11.838
15400,40.597
15401,24.164
15402,13.399
15403,13.322
15404,12.563
15405,18.733
15406,12.335
15407,12.403
15408,12.157
15411,12.627
15412,11.790
15409,0.0
15413,11.900
15414,14.449
15415,11.901
15416,12.572
15417,13.298
15420,12.414
15421,12.113
15422,22.843
15423,13.916
15418,0.0
15424,12.722
15425,11.984
15426,108.419
15427,16.081
15428,12.864
15429,12.738
15430,12.358
15431,28.034
15432,12.291
15433,13.745
15434,13.118
15435,38.209
15436,12.505
15437,12.702
15438,25.450
15439,31.136
15440,13.046
15441,13.128
15442,18.003
15445,12.761
15446,12.708
15443,0.0
15449,14.171
15450,14.673
15451,13.456
15447,0.0
15452,12.467
15453,12.158
15454,14.825
15455,12.083
15456,36.347
15457,21.617
15458,14.678
15459,13.383
15460,14.154
15461,32.693
15462,12.729
15463,12.289
15464,12.961
15465,29.044
15466,43.437
15467,12.939
15468,12.512
15471,12.706
15472,12.506
15469,0.0
15473,11.882
15474,14.999
15475,12.634
15476,12.262
15477,14.632
15478,50.227
15479,41.884
15480,13.662
15481,12.666
15484,12.742
15485,12.484
15486,41.730
15482,0.0
15487,23.729
15488,15.800
15489,13.155
15490,12.653
15491,35.539
15492,12.761
15493,12.963
15494,14.233
15495,28.948
15496,29.214
15497,12.605
15498,12.317
15499,12.428
15500,24.234
15501,12.508
15502,12.557
15503,12.294
15504,14.484
15505,12.806
15506,28.658
15507,12.908
15508,26.382
15509,12.957
15510,12.468
15511,14.869
15514,13.358
15515,12.813
15516,19.816
15512,0.0
15517,14.938
15518,12.070
15519,12.318
15520,43.216
15521,28.654
15522,12.321
15523,42.051
15524,12.702
15527,11.996
15528,14.403
15525,0.0
15531,12.886
15532,12.410
15533,12.403
15529,0.0
15534,16.835
15535,15.747
15536,12.439
15537,12.587
15540,12.425
15541,13.065
15542,12.353
15543,13.316
15538,0.0
15544,12.369
15545,13.784
15546,14.282
15547,33.323
15548,16.158
15549,13.032
15550,12.729
15551,26.345
15552,12.349
15553,18.155
15554,12.607
15555,36.693
15556,23.742
15557,12.441
15558,12.029
15559,12.469
15560,26.624
15561,13.004
15562,13.716
15563,14.149
15564,40.174
15565,21.363
15566,12.983
15567,16.048
15568,12.337
15569,21.373
15570,12.150
15571,12.357
15572,12.607
15573,24.773
15574,12.457
15575,12.420
15576,79.435
15577,39.886
15578,42.831
15579,14.981
15580,16.025
15581,32.846
15582,13.799
15583,36.828
15584,13.920
15585,12.646
15586,20.948
15587,39.333
15588,12.295
15589,13.683
15592,13.016
15593,12.190
15590,0.0
15596,15.572
15597,43.871
15598,14.310
15599,14.012
15594,0.0
15600,12.203
15601,13.092
15602,12.199
15603,16.169
15604,25.566
15605,12.479
15606,12.365
15607,45.266
15608,12.635
15609,12.766
15610,12.555
15613,14.250
15614,13.183
15611,0.0
15615,12.444
15616,23.322
15617,12.986
15618,19.028
15619,12.755
15622,14.569
15623,16.206
15624,33.145
15625,12.671
15620,0.0
15626,12.055
15627,19.178
15628,11.778
15629,13.917
15630,12.923
15631,14.834
15632,12.365
15633,18.410
15634,12.654
15635,13.734
15636,13.056
15639,12.452
15640,12.012
15641,41.730
15637,0.0
15642,19.794
15643,12.225
15644,12.130
15645,12.320
15646,26.977
15647,40.719
15648,23.142
15649,12.561
15650,30.065
15651,12.108
15652,12.614
15653,12.330
15654,13.784
15655,18.953
15656,36.701
15657,12.166
15658,15.442
15659,13.486
15660,12.779
15661,14.709
15662,12.169
15663,35.818
15664,16.103
15665,14.362
15666,12.006
15667,37.824
15668,14.780
15669,12.695
15670,12.289
15671,12.705
15672,22.662
15673,12.658
15674,12.176
15675,12.331
15676,34.246
15677,12.550
15678,12.306
15679,12.812
15682,14.293
15683,12.945
15680,0.0
15684,37.787
15685,14.603
15686,63.762
15687,133.565
15688,12.061
15691,12.572
15692,13.185
15689,0.0
15693,45.308
15694,12.337
15695,12.208
15696,13.119
15697,49.488
15698,17.463
15699,13.806
15700,15.749
15701,13.280
15702,53.019
15703,12.313
15704,12.826
15705,12.119
15706,16.914
15707,14.999
15708,13.029
15709,12.858
15712,15.661
15713,12.501
15710,0.0
15714,37.756
15715,26.820
15716,18.725
15717,12.383
15718,41.880
15719,30.835
15720,12.203
15721,12.633
15722,12.636
15723,100.939
15724,42.095
15725,12.744
15726,14.739
15727,13.026
15728,13.197
15729,12.160
15730,12.340
15731,16.207
15732,28.118
15733,13.354
15734,16.481
15735,16.889
15736,39.513
15737,12.397
15738,12.920
15739,12.153
15740,63.566
15741,26.197
15742,13.709
15743,12.762
15744,13.355
15745,25.038
15746,12.275
15747,15.002
15748,12.544
15751,12.696
15752,12.547
15753,61.079
15749,0.0
15754,15.409
15755,13.517
15756,12.448
15757,12.398
15758,14.917
15759,12.711
15760,13.406
15761,12.936
15762,35.874
15763,21.206
15764,12.303
15765,14.580
15766,39.145
15767,44.742
15768,40.635
15769,15.094
15770,36.515
15771,21.475
15772,13.432
15773,10.650
15774,9.690
15775,12.664
15776,9.992
15777,9.801
15778,10.076
15781,10.507
15782,10.081
15783,10.180
15779,0.0
15784,16.253
15785,12.499
15786,10.233
15787,10.088
15788,48.487
15789,15.027
15790,10.008
15791,11.215
15792,31.457
15793,11.015
15794,9.927
15795,10.411
15796,9.949
15799,9.814
15800,10.013
15801,34.275
15802,17.109
15797,0.0
15803,12.074
15804,14.445
15805,10.455
15806,11.825
15807,9.790
15808,11.009
15809,10.076
15812,10.979
15813,11.236
15810,0.0
15814,60.627
15815,10.986
15816,10.830
15817,12.070
15818,9.956
15819,24.897
15820,9.902
15821,9.944
15822,10.154
15823,32.362
15824,10.250
15825,8.976
15826,9.562
15827,39.054
15828,9.523
15829,10.478
15830,9.962
15831,36.510
15832,18.100
15833,10.282
15834,10.556
15835,12.930
15836,12.501
15837,10.331
15838,10.594
15839,10.370
15840,12.319
15841,10.242
15842,36.636
15843,9.990
15844,10.233
15845,12.056
15846,10.087
15847,9.802
15848,10.128
15849,24.040
15850,10.289
15851,10.651
15852,12.428
15853,36.562
15854,10.240
15855,10.447
15856,10.113
15857,10.853
15858,10.666
15859,10.623
15860,10.789
15861,10.013
15862,11.980
15863,10.177
15864,10.810
15865,10.592
15866,12.396
15867,10.646
15868,10.943
15869,10.478
15872,11.056
15873,10.410
15874,11.921
15870,0.0
15875,12.424
15876,11.461
15877,17.302
15878,9.598
15879,31.615
15880,10.401
15881,9.925
15882,10.055
15883,10.365
15884,15.765
15885,10.131
15886,12.452
15887,10.435
15888,11.208
15889,11.716
15890,10.370
15891,11.235
15892,12.762
15893,10.584
15894,37.478
15895,9.772
15896,12.043
15897,14.997
15898,16.124
15899,11.547
15900,11.026
15901,11.437
15902,10.775
15903,11.903
15904,9.641
15905,11.384
15906,13.363
15907,12.126
15908,10.308
15909,30.570
15910,10.139
15911,9.703
15912,79.488
15913,14.014
15914,12.065
15915,9.779
15916,10.212
15917,9.796
15918,13.861
15919,15.694
15920,12.353
15921,9.683
15922,26.752
15923,10.588
15924,10.976
15925,20.679
15926,17.673
15927,15.750
15928,10.210
15929,10.301
15930,9.621
15931,10.468
15932,12.169
15933,10.187
15936,11.630
15937,11.709
15934,0.0
15938,50.071
15939,37.310
15940,10.290
15941,10.071
15942,11.755
15943,36.069
15944,13.663
15945,10.351
15946,22.687
15947,10.310
15948,20.556
15949,10.331
15950,10.384
15951,14.014
15952,20.092
15953,10.576
15954,12.838
15955,13.754
15956,10.787
15957,10.823
15958,10.380
15959,11.275
15960,10.463
15961,10.370
15962,56.928
15963,21.232
15964,10.597
15965,11.289
15966,12.357
15967,10.621
15968,10.749
15969,24.168
15970,10.011
15971,12.829
15972,9.936
15973,37.648
15974,14.137
15975,10.103
15976,9.823
15977,10.262
15978,25.340
15979,9.987
15980,10.486
15981,10.198
15982,11.581
15983,9.697
15984,10.044
15985,10.115
15986,13.315
15987,11.428
15988,12.091
15989,10.730
15990,9.874
15991,14.454
15992,10.558
15993,24.839
15994,10.377
15995,30.110
15996,10.251
15997,18.259
15998,10.112
15999,29.715
16000,16.746
16001,9.955
16002,9.963
16003,37.271
16004,48.153
16005,12.392
16006,10.540
16007,10.581
16008,27.324
16009,10.148
16010,10.897
16011,10.453
16012,10.741
16013,10.187
16014,9.994
16015,9.920
16016,18.014
16017,11.707
16018,10.566
16019,10.644
16020,12.526
16021,29.657
16022,12.596
16023,11.648
16024,10.077
16025,11.077
16026,10.437
16027,10.047
16028,10.487
16029,10.000
16030,11.330
16031,10.842
16032,9.620
16033,12.427
16034,11.201
16035,10.959
16036,11.085
16037,10.329
16040,11.215
16041,26.006
16042,32.889
16038,0.0
16043,42.339
16044,10.731
16045,11.444
16046,11.572
16047,21.541
16048,11.244
16049,10.226
16050,15.967
16051,24.217
16052,10.305
16053,10.257
16054,12.133
16055,29.121
16056,11.398
16057,13.158
16058,11.331
16059,39.081
16060,17.255
16061,9.668
16062,10.123
16063,9.913
16064,12.715
16065,41.103
16066,9.779
16067,14.233
16068,13.485
16069,10.300
16070,10.593
16071,12.175
16074,10.329
16075,11.433
16076,11.911
16072,0.0
16077,11.115
16078,9.747
16079,10.127
16080,24.891
16081,35.075
16082,9.974
16083,10.663
16084,10.415
16085,11.339
16086,10.569
16087,10.658
16088,70.449
16089,40.597
16090,21.240
16091,9.694
16092,9.815
16093,10.030
16096,10.883
16097,15.055
16098,28.596
16099,10.851
16094,0.0
16100,10.084
16101,12.304
16102,11.601
16103,16.284
16104,10.312
16105,10.956
16106,10.733
16107,28.507
16108,14.182
16109,10.369
16110,10.433
16111,24.186
16112,9.990
16113,10.496
16114,9.954
16115,33.358
16116,11.600
16117,10.115
16118,10.578
16119,10.357
16120,12.549
16121,10.160
16122,13.071
16123,10.041
16124,31.535
16125,54.549
16126,37.039
16127,72.228
16128,102.848
16129,71.748
16130,54.716
16131,10.376
16132,10.087
16133,20.016
16134,10.417
16135,10.087
16136,10.382
16137,29.896
16138,10.580
16139,11.140
16140,10.172
16141,11.374
16142,10.183
16143,12.048
16144,10.781
16145,14.353
16146,14.339
16147,20.078
16148,13.991
16149,9.927
16150,12.299
16151,10.271
16152,29.206
16153,10.827
16154,25.519
16155,39.479
16156,9.938
16157,10.293
16158,11.522
16159,11.979
16160,10.645
16161,12.053
16162,15.700
16163,14.552
16164,17.997
16165,10.156
16166,9.489
16167,123.833
16168,9.994
16169,13.565
16170,10.661
16171,30.152
16172,11.053
16173,10.847
16174,10.728
16175,12.280
16176,18.661
16177,9.901
16178,10.577
16179,12.660
16180,28.509
16181,11.323
16182,41.120
16183,10.223
16184,34.748
16185,10.205
16186,11.149
16187,9.697
16188,10.185
16189,12.162
16190,10.727
16191,10.819
16192,11.012
16193,12.608
16194,10.281
16195,10.766
16196,18.798
16197,25.353
16198,11.612
16199,10.096
16200,15.556
16201,122.168
16202,10.935
16203,10.419
16204,10.349
16205,10.419
16206,11.847
16207,11.162
16208,10.201
16209,11.078
16210,11.779
16211,10.281
16212,10.293
16213,14.647
16214,30.175
16215,36.851
16216,10.775
16217,10.856
16218,11.023
16219,42.134
16220,11.625
16221,15.453
16222,11.379
16223,13.500
16224,10.061
16225,10.379
16226,11.804
16227,12.057
16228,9.951
16229,10.379
16230,18.414
16231,10.782
16232,18.172
16233,11.332
16234,10.622
16235,10.089
16236,25.382
16237,11.274
16238,9.812
16239,11.821
16240,11.694
16241,9.968
16242,10.584
16243,11.355
16244,72.665
16245,14.023
16246,10.631
16249,12.560
16250,9.998
16247,0.0
16251,10.524
16252,10.833
16253,11.728
16254,9.845
16255,35.790
16256,11.868
16257,13.707
16258,10.142
16259,12.301
16260,10.857
16261,41.301
16262,21.875
16263,9.909
16264,10.269
16265,10.537
16266,12.559
16267,13.970
16268,10.362
16269,10.103
16270,29.954
16271,13.623
16272,29.131
16273,10.004
16274,10.288
16275,10.889
16276,10.491
16277,10.713
16278,10.178
16281,9.773
16282,21.518
16283,25.543
16284,26.712
16279,0.0
16285,93.480
16286,9.597
16287,109.177
16288,95.112
16289,25.509
16290,45.212
16291,70.583
16292,13.958
16293,58.037
16294,10.930
16295,13.013
16298,16.099
16299,17.951
16300,33.254
16296,0.0
16301,14.987
16302,13.201
16303,17.557
16304,10.467
16305,23.603
16306,9.809
16307,10.320
16308,10.026
16309,30.946
16310,10.082
16311,10.904
16312,14.124
16313,34.844
16314,10.801
16315,10.701
16316,10.155
16317,10.165
16318,22.906
16319,13.654
16320,9.949
16321,10.303
16324,11.220
16325,10.968
16322,0.0
16328,11.728
16329,12.210
16326,0.0
16330,36.958
16331,19.376
16332,11.683
16333,9.532
16334,60.544
16335,24.682
16336,30.672
16337,16.403
16338,10.401
16339,11.074
16340,9.894
16341,10.673
16342,10.768
16343,54.015
16344,13.428
16345,11.215
16346,23.288
16347,9.850
16348,21.403
16349,10.309
16350,14.710
16351,10.021
16352,43.076
16353,10.338
16354,25.526
16355,9.907
16356,30.503
16357,16.504
16358,11.283
16359,9.866
16360,47.410
16361,44.618
16362,10.462
16363,9.995
16364,10.631
16365,27.412
16366,10.023
16367,11.347
16368,10.047
16369,44.903
16370,33.027
16371,9.641
16372,10.935
16373,35.242
16374,16.828
16375,11.139
16376,10.463
16377,10.547
16378,24.139
16379,12.166
16380,10.990
16381,9.657
16382,52.449
16383,30.399
16384,9.926
16385,10.062
16386,32.363
16387,12.552
16388,9.774
16389,11.878
16390,10.098
16391,24.179
16392,19.950
16393,10.102
16394,11.664
16397,10.238
16398,57.239
16399,30.357
16395,0.0
16400,10.364
16401,10.496
16402,11.530
16403,37.473
16404,20.196
16405,10.023
16406,10.720
16407,10.762
16408,18.870
16409,10.092
16410,9.693
16411,10.088
16412,26.530
16413,52.857
16414,10.219
16415,11.871
16416,9.921
16417,16.754
16418,40.313
16419,9.954
16420,11.271
16421,15.694
16422,10.610
16423,13.296
16424,55.137
16425,63.883
16426,9.576
16427,10.372
16428,9.836
16429,21.343
16430,11.096
16431,10.744
16432,10.065
16433,10.454
16434,12.003
16435,9.562
16436,10.609
16437,13.227
16438,17.114
16439,16.920
16440,10.516
16441,10.268
16444,53.714
16445,9.997
16446,10.289
16447,22.336
16442,0.0
16448,10.425
16449,23.042
16450,9.848
16451,28.119
16452,10.546
16453,10.453
16454,10.816
16455,61.963
16456,10.340
16457,43.278
16458,9.973
16459,11.143
16460,10.880
16461,9.866
16462,10.053
16463,9.979
16464,36.442
16465,10.023
16466,10.157
16467,9.725
16468,12.536
16469,9.762
16470,10.193
16471,10.514
16472,15.358
16473,10.815
16474,10.412
16475,10.074
16476,10.284
16477,11.333
16478,12.999
16479,14.006
16480,50.208
16481,32.840
16482,33.810
16483,10.043
16484,10.754
16485,31.091
16486,45.429
16487,9.861
16488,12.300
16489,38.132
16490,11.568
16491,30.152
16492,11.192
16493,12.429
16494,11.957
16495,11.194
16496,10.617
16497,10.499
16498,27.436
16499,9.695
16500,15.706
16501,9.966
16502,12.024
16503,17.614
16504,13.014
16505,11.724
16506,12.728
16507,24.743
16508,10.761
16509,13.885
16510,10.036
16511,10.729
16512,10.007
16513,10.896
16514,9.787
16515,33.273
16516,10.532
16517,9.854
16518,11.199
16519,11.583
16520,24.062
16521,9.814
16522,10.973
16523,15.083
16524,12.605
16525,10.196
16526,10.368
16527,16.223
16528,35.847
16529,10.598
16530,11.264
16531,39.635
16532,42.521
16533,16.801
16534,10.244
16535,12.819
16536,10.420
16537,33.774
16538,9.906
16539,10.795
16540,17.200
16541,31.673
16542,10.255
16543,18.736
16544,70.193
16545,10.222
16546,11.058
16547,10.148
16548,10.030
16549,11.340
16550,26.004
16551,10.013
16552,9.760
16553,53.507
16554,11.714
16555,9.950
16556,10.623
16557,12.002
16558,10.337
16559,12.773
16560,9.976
16561,10.319
16562,10.401
16563,11.969
16564,14.628
16565,22.529
16566,10.679
16567,11.589
16568,10.265
16569,10.020
16570,10.668
16571,14.485
16572,10.117
16573,11.207
16574,14.466
16575,9.979
16578,10.104
16579,10.499
16580,29.757
16576,0.0
16581,16.618
16582,10.735
16583,10.060
16584,10.894
16585,11.520
16586,10.944
16587,11.338
16588,9.736
16589,10.801
16590,22.323
16591,16.119
16592,10.809
16593,11.321
16594,9.134
16595,9.109
16596,9.249
16597,11.179
16598,9.107
16599,8.941
16600,9.235
16601,82.929
16602,20.208
16603,9.126
16604,10.568
16605,9.406
16606,22.801
16607,10.558
16608,10.655
16609,10.753
16610,11.280
16611,8.750
16612,9.899
16613,10.895
16614,35.037
16615,9.927
16616,9.399
16617,11.018
16618,9.927
16619,9.392
16620,9.555
16621,8.717
16622,11.187
16623,9.672
16624,9.483
16625,11.947
16626,10.087
16627,10.738
16628,8.738
16629,9.507
16630,15.355
16631,10.199
16632,16.762
16633,8.696
16634,9.442
16635,9.010
16636,25.589
16637,8.912
16638,11.725
16639,9.565
16640,10.947
16641,9.925
16642,10.599
16643,10.370
16644,9.885
16645,13.313
16646,11.901
16647,9.299
16648,10.203
16649,11.507
16650,9.398
16651,12.012
16652,9.156
16653,10.983
16654,8.849
16655,10.418
16656,9.583
16657,9.029
16658,11.608
16659,14.299
16660,9.329
16661,9.398
16662,25.174
16663,12.245
16664,9.654
16665,10.077
16666,11.786
16667,8.980
16668,13.147
16669,9.089
16670,10.435
16671,13.711
16672,12.158
16673,8.995
16674,9.156
16675,9.824
16676,11.444
16677,8.963
16678,9.052
16679,27.688
16680,9.769
16681,9.600
16682,10.867
16683,34.540
16684,8.958
16685,11.107
16686,8.705
16687,8.910
16688,14.810
16689,9.914
16690,8.770
16691,9.278
16692,23.980
16693,13.658
16694,11.285
16695,8.932
16696,11.573
16697,12.788
16698,11.131
16699,9.813
16700,9.380
16701,10.683
16702,9.007
16703,9.265
16704,8.979
16705,20.560
16706,11.076
16707,8.668
16708,8.865
16709,33.581
16710,10.630
16711,9.502
16712,9.340
16713,9.667
16714,9.243
16715,8.799
16716,9.073
16717,9.724
16718,23.520
16719,9.037
16720,13.909
16721,8.880
16722,27.328
16723,8.720
16724,8.910
16725,19.564
16726,32.470
16727,17.958
16728,24.285
16729,8.948
16730,34.906
16731,17.050
16732,9.831
16733,9.773
16734,9.370
16735,23.523
16736,9.649
16737,9.197
16738,10.155
16739,32.351
16740,8.881
16741,11.584
16742,9.336
16743,49.648
16744,47.027
16745,17.644
16746,18.878
16747,9.164
16748,11.460
16749,9.698
16750,8.716
16751,9.303
16752,29.400
16753,9.487
16754,34.020
16755,25.144
16756,56.077
16757,13.063
16758,9.008
16759,8.914
16760,44.634
16761,69.255
16762,9.025
16763,8.617
16764,15.983
16765,26.697
16766,10.092
16767,9.072
16768,8.963
16769,26.859
16770,12.351
16771,8.876
16772,8.904
16773,51.622
16774,14.363
16775,9.267
16776,8.607
16777,9.291
16778,24.176
16779,8.652
16780,8.864
16781,8.854
16782,31.584
16783,9.678
16784,9.427
16785,9.048
16786,9.532
16787,10.289
16788,9.588
16789,9.506
16790,9.081
16791,37.829
16792,8.677
16793,9.070
16794,9.092
16795,29.225
16796,8.895
16797,13.146
16798,10.482
16799,29.059
16800,27.761
16801,8.833
16802,8.908
16803,9.159
16804,10.361
16805,9.397
16806,8.994
16807,9.420
16808,25.614
16809,8.974
16810,8.906
16811,9.104
16812,43.470
16813,13.733
16814,9.468
16815,15.139
16816,10.084
16817,10.638
16818,9.303
16819,9.588
16820,9.784
16821,26.361
16822,9.183
16823,8.927
16824,9.530
16825,11.661
16826,10.908
16827,9.124
16828,9.146
16829,32.252
16830,25.420
16831,9.801
16832,8.850
16833,9.822
16834,11.343
16835,20.175
16836,9.769
16837,9.225
16838,17.933
16839,37.640
16840,9.208
16841,9.424
16842,10.470
16843,11.714
16844,9.487
16845,8.833
16846,11.052
16847,22.216
16848,8.715
16849,10.360
16850,9.478
16851,10.744
16852,10.835
16853,9.448
16854,8.981
16855,27.863
16856,10.335
16857,9.194
16858,9.004
16859,9.323
16860,11.842
16861,8.724
16862,9.423
16863,79.589
16864,24.626
16865,18.634
16866,9.208
16867,11.126
16868,30.316
16869,8.449
16870,13.357
16871,9.654
16872,31.850
16873,10.716
16874,9.821
16875,13.402
16876,9.391
16877,32.198
16878,8.686
16879,9.767
16880,10.376
16881,38.460
16882,9.351
16883,9.325
16884,9.022
16885,10.078
16886,9.810
16887,10.006
16888,9.013
16889,10.258
16890,39.833
16891,138.489
16892,10.439
16893,9.166
16894,61.993
16895,9.393
16896,8.969
16897,9.897
16898,9.419
16899,30.582
16900,13.163
16901,9.296
16902,49.862
16903,15.503
16904,31.305
16905,77.834
16906,8.649
16907,29.420
16908,9.359
16909,9.364
16910,10.351
16911,11.501
16912,8.969
16913,9.529
16914,9.229
16915,8.820
16916,13.771
16917,12.956
16918,9.061
16919,8.872
16920,21.885
16921,11.756
16922,15.252
16923,10.291
16924,31.247
16925,8.824
16926,8.889
16927,9.908
16928,10.507
16929,10.323
16930,8.884
16931,10.347
16932,9.020
16933,10.112
16934,9.049
16935,10.250
16936,9.116
16937,9.945
16938,10.688
16939,10.222
16940,8.918
16941,30.898
16942,39.989
16943,9.107
16944,14.625
16945,9.860
16946,10.714
16947,17.536
16948,9.844
16949,47.109
16950,25.823
16951,8.872
16952,9.693
16953,55.706
16954,35.541
16955,10.196
16956,11.415
16957,8.969
16958,9.186
16959,11.044
16960,9.174
16961,9.082
16962,60.639
16963,21.119
16964,8.971
16965,9.721
16966,9.418
16967,12.101
16968,9.619
16969,13.970
16970,9.881
16971,9.627
16972,10.175
16973,8.767
16974,9.570
16975,9.359
16976,12.625
16977,9.072
16978,9.715
16979,9.704
16980,10.651
16981,26.472
16982,19.413
16983,12.884
16984,58.624
16985,9.195
16986,9.674
16987,10.945
16988,10.180
16989,9.475
16990,9.485
16991,9.331
16992,13.586
16993,10.330
16994,8.898
16995,9.857
16996,9.538
16997,9.076
16998,13.227
16999,9.378
17000,8.885
17001,15.428
17002,11.515
17003,9.187
17004,9.914
17005,52.790
17006,63.769
17007,10.757
17008,13.257
17009,11.330
17010,10.293
17011,10.170
17012,10.002
17013,14.850
17014,8.718
17015,20.562
17016,9.958
17017,9.101
17018,9.487
17019,32.623
17020,10.112
17021,10.169
17022,9.577
17023,29.982
17024,12.579
17025,9.325
17026,9.531
17027,8.394
17028,9.808
17029,10.015
17030,14.406
17031,9.322
17032,10.314
17033,8.810
17034,41.058
17035,9.274
17036,10.049
17037,9.121
17038,9.052
17039,9.189
17040,8.967
17041,9.796
17042,9.007
17043,9.541
17044,9.499
17045,11.849
17046,8.928
17047,9.037
17048,8.810
17051,12.836
17052,10.145
17053,9.315
17054,11.269
17055,9.375
17049,0.0
17056,10.178
17057,9.054
17058,11.676
17059,9.573
17060,8.448
17061,9.084
17062,11.032
17063,9.068
17064,0.0
17068,9.096
17069,10.788
17070,8.906
17066,0.0
17071,19.406
17072,8.839
17073,12.134
17074,9.566
17075,26.811
17076,9.030
17077,9.176
17078,8.927
17081,12.237
17082,13.034
17083,8.767
17084,15.116
17079,0.0
17085,12.938
17086,9.062
17087,10.567
17088,48.603
17089,9.378
17090,9.185
17091,9.040
17092,10.199
17093,13.517
17094,9.263
17095,9.082
17096,37.902
17097,11.188
17098,10.378
17099,8.850
17100,8.618
17101,21.187
17102,9.101
17103,8.721
17104,9.175
17105,28.039
17106,8.610
17107,8.577
17108,9.290
17111,9.014
17112,8.663
17113,9.711
17109,0.0
17114,11.574
17115,9.379
17116,43.639
17117,9.735
17118,26.962
17119,12.051
17120,10.270
17121,9.691
17122,36.750
17123,9.222
17124,8.569
17125,9.085
17126,9.151
17127,15.949
17128,8.654
17129,9.110
17130,9.243
17131,12.517
17132,8.865
17133,8.437
17134,10.571
17137,9.057
17138,8.940
17135,0.0
17141,9.505
17142,9.388
17139,0.0
17143,8.948
17144,21.865
17145,8.903
17146,9.002
17147,8.832
17148,13.008
17149,9.971
17150,9.165
17151,9.272
17152,30.270
17153,8.892
17154,9.502
17155,9.448
17156,9.098
17157,11.292
17158,9.538
17159,8.265
17160,9.341
17161,31.691
17162,9.205
17163,9.758
17164,8.750
17165,10.716
17166,10.919
17167,9.473
17168,9.252
17169,9.518
17170,12.388
17171,9.310
17172,8.899
17173,9.344
17174,13.582
17175,9.289
17176,8.566
17177,8.932
17178,13.592
17179,9.237
17180,9.689
17181,9.135
17182,9.119
17183,19.124
17184,11.867
17185,9.472
17186,8.935
17187,11.734
17188,9.032
17189,11.976
17190,9.187
17191,12.544
17192,9.219
17193,9.574
17194,10.059
17195,11.184
17196,9.407
17197,9.893
17198,9.224
17199,8.880
17200,9.908
17201,8.859
17202,9.337
17203,8.836
17204,31.552
17205,9.254
17206,9.256
17207,8.967
17208,12.481
17209,9.177
17210,9.069
17211,10.766
17212,8.807
17213,24.881
17214,10.608
17215,10.269
17216,9.377
17217,10.741
17218,10.411
17219,9.534
17220,8.936
17221,14.212
17222,9.336
17223,9.556
17224,9.708
17225,33.279
17226,11.491
17227,9.018
17228,10.317
17229,9.328
17232,9.422
17233,26.998
17234,15.929
17235,9.414
17230,0.0
17236,10.577
17237,10.617
17238,30.306
17241,9.277
17242,11.970
17243,10.649
17239,0.0
17244,10.012
17245,9.558
17246,9.900
17249,9.688
17250,9.200
17251,27.599
17247,0.0
17252,9.356
17253,8.926
17254,10.022
17255,11.203
17258,10.510
17259,9.389
17260,10.843
17256,0.0
17261,10.302
17262,9.037
17263,9.498
17264,27.537
17265,9.265
17266,9.213
17267,12.946
17268,9.527
17269,13.103
17270,8.814
17271,8.845
17272,13.514
17273,30.632
17274,9.357
17275,8.693
17276,8.759
17277,11.277
17278,8.974
17279,10.595
17280,11.672
17281,37.706
17282,14.248
17283,29.768
17284,9.045
17285,9.077
17286,14.236
17287,9.262
17288,9.251
17289,39.253
17292,9.257
17293,9.264
17290,0.0
17294,37.721
17295,8.731
17296,9.291
17297,11.607
17298,9.879
17299,10.246
17300,9.428
17301,9.256
17302,9.328
17303,11.600
17304,9.717
17305,13.152
17306,12.474
17307,37.080
17308,9.086
17309,8.973
17310,10.851
17311,33.921
17312,12.811
17313,9.715
17314,37.241
17315,9.525
17316,23.998
17317,9.122
17318,10.328
17319,8.742
17320,31.435
17321,9.407
17322,8.898
17323,12.409
17326,11.736
17327,9.923
17328,9.238
17329,10.084
17324,0.0
17332,9.566
17333,17.709
17334,9.038
17330,0.0
17335,10.023
17336,9.270
17339,9.396
17340,11.356
17341,8.811
17337,0.0
17342,16.268
17343,9.324
17344,10.257
17345,8.833
17346,12.106
17347,38.539
17348,8.986
17349,9.193
17352,9.408
17353,9.820
17354,9.399
17350,0.0
17355,19.471
17356,9.802
17357,11.638
17358,9.390
17359,23.429
17360,12.694
17361,9.016
17362,8.939
17365,11.626
17366,9.715
17363,0.0
17369,9.659
17370,8.959
17371,12.105
17372,10.141
17373,9.569
17367,0.0
17374,10.621
17375,9.500
17376,36.062
17377,8.823
17378,10.267
17379,8.835
17380,27.365
17381,8.630
17382,8.792
17383,9.216
17384,9.344
17385,9.636
17386,8.920
17387,9.118
17388,9.480
17389,29.572
17390,9.516
17391,11.675
17392,9.391
17393,35.350
17394,8.989
17395,8.983
17396,28.841
17397,34.049
17398,10.152
17399,13.039
17400,19.426
17401,9.853
17402,22.603
17403,9.389
17404,27.111
17405,9.962
17406,30.748
17407,11.079
17408,11.260
17409,10.170
17412,10.903
17413,9.634
17414,9.466
17415,26.763
17416,9.039
17410,0.0
17417,9.525
17418,8.851
17419,10.810
17420,11.376
17421,9.228
17422,8.917
17425,11.007
17426,9.354
17427,9.329
17428,9.954
17423,0.0
17431,8.917
17432,28.262
17433,9.042
17434,8.885
17429,0.0
17435,9.803
17436,27.051
17437,11.919
17438,39.832
17439,9.026
17440,33.940
17441,21.912
17442,20.660
17443,9.512
17444,9.825
17447,19.123
17448,9.320
17445,0.0
17451,10.096
17452,10.395
17453,14.576
17449,0.0
17454,13.031
17455,10.682
17456,8.911
17457,9.385
17458,11.676
17459,9.805
17460,8.741
17461,9.332
17462,42.671
17463,10.521
17464,9.154
17465,8.902
17466,10.082
17467,12.413
17468,9.519
17469,11.888
17470,9.219
17471,10.104
17472,9.176
17473,9.434
17474,10.695
17475,26.629
17476,10.800
17477,9.167
17478,8.756
17479,33.917
17480,10.136
17481,9.098
17482,13.802
17483,61.128
17484,13.927
17485,9.708
17486,9.354
17487,14.048
17488,24.819
17489,12.440
17490,8.689
17491,8.809
17492,34.348
17493,118.744
17494,49.259
17495,35.636
17496,28.019
17497,15.528
17498,9.705
17499,8.525
17500,12.701
17501,12.605
17502,8.586
17503,10.507
17504,10.324
17505,33.703
17506,8.974
17507,9.020
17508,9.221
17509,11.865
17510,10.896
17511,8.901
17512,9.550
17513,9.731
17514,24.368
17515,10.084
17516,9.266
17517,9.089
17518,25.870
17519,9.839
17520,8.758
17521,10.066
17522,28.138
17523,16.583
17524,11.892
17525,9.055
17526,35.126
17527,18.512
17528,9.315
17529,9.871
17530,9.123
17533,12.233
17534,9.399
17531,0.0
17537,9.094
17538,10.969
17539,12.632
17535,0.0
17540,16.910
17541,9.440
17542,9.771
17543,13.310
17544,12.797
17545,11.759
17546,11.836
17547,8.837
17550,9.041
17551,10.542
17552,32.596
17553,9.404
17548,0.0
17554,12.503
17555,11.613
17556,9.601
17557,10.440
17558,9.273
17559,8.923
17560,10.965
17561,15.115
17562,9.501
17563,9.089
17564,8.940
17567,9.498
17568,9.520
17565,0.0
17569,9.214
17570,10.571
17571,9.367
17572,9.083
17573,8.946
17574,10.630
17575,9.286
17576,8.693
17577,10.158
17578,11.011
17579,12.922
17580,9.039
17581,9.194
17582,8.961
17583,11.892
17584,8.765
17585,8.794
17586,12.994
17587,24.230
17588,10.033
17589,8.726
17590,12.407
17593,9.292
17594,9.947
17591,0.0
17597,9.386
17598,9.047
17595,0.0
17599,10.857
17600,11.084
17601,8.718
17602,8.948
17603,11.501
17606,9.195
17607,9.568
17604,0.0
17610,9.004
17611,9.361
17612,9.909
17613,11.835
17614,10.391
17608,0.0
17615,9.819
17616,9.531
17617,25.179
17618,9.684
17619,10.035
17620,11.123
17621,10.624
17622,15.919
17625,64.356
17626,15.024
17627,10.659
17623,0.0
17628,9.572
17629,9.819
17630,11.699
17631,9.581
17632,10.668
17633,11.761
17634,30.886
17635,9.318
17636,9.189
17637,13.865
17638,12.192
17639,9.937
17640,9.273
17641,10.653
17642,10.544
17643,24.062
17644,10.844
17645,8.982
17646,9.864
17649,9.992
17650,8.791
17651,10.838
17652,9.352
17647,0.0
17653,8.850
17654,11.591
17655,9.371
17656,10.387
17657,9.331
17658,10.138
17659,9.027
17660,11.010
17661,9.307
17662,9.215
17663,9.693
17664,10.622
17665,9.134
17666,9.227
17667,9.532
17668,9.055
17669,10.285
17670,9.389
17671,10.983
17672,9.341
17673,11.712
17674,8.924
17675,9.975
17676,9.093
17677,10.421
17678,8.558
17679,8.894
17680,9.302
17681,33.779
17682,11.921
17683,8.879
17684,9.083
17685,10.492
17686,10.024
17687,14.040
17688,12.325
17689,8.813
17692,9.503
17693,8.988
17690,0.0
17696,9.643
17697,9.866
17698,11.702
17699,9.776
17694,0.0
17700,8.694
17701,9.376
17702,9.842
17705,11.642
17706,8.867
17703,0.0
17709,9.808
17710,10.778
17711,9.396
17712,9.469
17707,0.0
17713,9.548
17714,12.040
17715,8.991
17716,23.870
17717,9.427
17718,9.200
17719,8.923
17722,13.717
17723,10.589
17720,0.0
17726,9.761
17727,8.845
17724,0.0
17728,9.801
17729,10.730
17730,10.960
17731,15.930
17732,9.946
17733,13.940
17734,9.114
17735,9.795
17736,16.036
17737,85.703
17738,9.175
17739,11.743
17740,10.251
17741,11.241
17742,16.477
17743,9.039
17744,8.987
17745,9.803
17746,26.301
17747,9.258
17748,9.473
17749,9.560
17750,10.247
17751,11.079
17752,9.374
17753,9.305
17754,9.108
17757,9.570
17758,8.980
17755,0.0
17761,9.488
17762,9.099
17759,0.0
17765,10.508
17766,9.646
17763,0.0
17769,9.589
17770,9.011
17771,8.582
17772,22.369
17767,0.0
17773,30.931
17774,9.181
17775,9.091
17776,28.501
17777,9.057
17778,9.713
17779,38.920
17780,9.128
17781,14.652
17782,10.882
17783,22.959
17784,8.693
17785,10.394
17786,14.606
17787,9.675
17788,8.974
17789,12.429
17790,13.442
17791,9.185
17792,9.210
17793,26.521
17794,11.253
17795,12.067
17796,9.331
17797,9.005
17798,40.643
17799,11.302
17800,9.305
17801,8.950
17802,23.199
17803,9.899
17804,9.861
17805,14.675
17806,32.703
17807,10.799
17808,9.650
17809,8.977
17810,31.795
17811,11.096
17812,12.065
17813,10.147
17814,9.160
17815,10.960
17816,11.641
17817,9.410
17818,9.055
17819,11.859
17820,9.288
17821,9.841
17822,9.295
17825,8.908
17826,8.827
17827,12.319
17823,0.0
17828,11.197
17829,10.043
17830,9.883
17831,9.303
17834,9.530
17835,10.867
17836,27.096
17837,9.430
17838,10.342
17832,0.0
17839,9.582
17840,10.103
17841,12.808
17842,9.099
17843,9.224
17844,9.106
17847,8.911
17848,9.484
17849,9.943
17850,10.021
17845,0.0
17851,11.730
17852,13.232
17853,8.806
17854,12.901
17855,9.568
17856,14.437
17857,9.409
17858,12.403
17859,9.590
17860,9.028
17861,11.211
17862,32.700
17863,9.292
17864,26.644
17865,11.413
17866,12.304
17867,9.647
17868,10.846
17869,9.557
17870,9.382
17871,44.133
17872,20.148
17873,8.769
17874,8.846
17875,56.353
17876,8.542
17877,8.850
17878,8.841
17879,10.454
17880,10.390
17881,9.030
17882,9.704
17883,9.754
17884,17.656
17885,9.969
17886,9.238
17887,8.716
17888,11.663
17889,9.277
17890,9.219
17891,8.658
17892,13.461
17893,9.175
17894,10.287
17895,8.931
17896,9.984
17897,10.085
17898,9.161
17899,9.197
17900,9.400
17901,10.831
17902,9.295
17903,20.202
17904,8.785
17905,13.969
17906,9.237
17907,9.321
17908,9.157
17909,42.157
17910,9.569
17911,9.081
17912,12.844
17913,12.177
17914,10.515
17915,35.323
17916,9.172
17917,8.637
17918,12.686
17919,8.891
17920,9.584
17921,8.874
17924,9.822
17925,9.079
17926,11.596
17927,9.467
17922,0.0
17928,9.030
17929,9.607
17930,9.139
17931,24.397
17932,38.433
17933,8.893
17934,9.264
17937,9.234
17938,12.049
17939,9.582
17935,0.0
17940,10.336
17941,8.954
17942,9.371
17943,11.650
17946,9.304
17947,28.114
17944,0.0
17950,9.535
17951,9.806
17948,0.0
17954,10.783
17955,9.380
17956,12.735
17952,0.0
17957,12.457
17958,10.868
17959,8.900
17960,10.999
17963,9.859
17964,9.064
17961,0.0
17967,9.229
17968,9.449
17969,9.360
17970,10.065
17965,0.0
17971,9.946
17972,8.839
17973,15.158
17974,24.678
17975,9.333
17976,9.508
17977,10.240
17980,9.170
17981,9.273
17982,38.200
17978,0.0
17983,12.887
17984,9.548
17985,8.891
17986,62.697
17987,11.591
17988,8.963
17989,9.044
17990,8.749
17991,29.231
17992,9.716
17993,9.246
17994,12.744
17995,8.805
17996,9.113
17997,10.116
17998,9.563
17999,9.597
18002,9.552
18003,9.411
18000,0.0
18006,9.667
18007,9.245
18008,10.082
18004,0.0
18009,11.172
18010,9.609
18011,13.692
18012,9.211
18013,10.991
18014,10.080
18015,9.255
18016,9.231
18017,11.004
18018,9.232
18019,9.144
18020,8.855
18021,10.826
18022,9.600
18023,9.586
18024,9.476
18025,8.923
18026,9.954
18027,13.092
18028,10.691
18029,8.984
18030,13.008
18031,9.007
18032,10.162
18033,12.506
18034,11.672
18035,9.181
18036,9.472
18037,12.713
18038,11.109
18039,12.281
18040,8.889
18041,9.113
18042,9.259
18043,24.010
18044,9.465
18045,11.352
18046,9.274
18047,11.421
18048,9.024
18049,10.205
18050,9.004
18051,10.775
18052,8.972
18053,8.842
18054,8.671
18055,10.114
18056,11.538
18057,9.189
18058,9.176
18059,9.074
18060,10.408
18061,9.269
18062,11.705
18063,8.826
18064,37.131
18065,8.935
18066,9.023
18067,9.341
18068,9.382
18069,14.558
18070,9.042
18071,9.144
18072,9.276
18073,26.652
18074,9.140
18075,9.386
18076,9.219
18079,15.740
18080,9.355
18081,34.767
18077,0.0
18082,12.969
18083,9.304
18084,9.896
18085,10.708
18086,10.577
18087,11.681
18088,8.978
18089,9.650
18090,31.931
18091,8.790
18092,9.005
18093,9.818
18094,37.112
18095,9.291
18096,117.720
18097,13.532
18098,12.466
18099,14.687
18100,8.809
18101,9.279
18102,12.578
18103,25.806
18104,8.723
18105,9.931
18106,8.846
18109,9.331
18110,9.278
18107,0.0
18111,9.588
18112,10.201
18113,9.652
18114,8.879
18115,12.084
18116,11.725
18117,8.832
18118,9.627
18119,10.017
18120,9.430
18121,9.505
18122,8.952
18123,9.332
18124,8.758
18125,9.525
18126,10.184
18127,9.520
18128,9.530
18129,9.994
18130,10.893
18131,9.216
18132,8.975
18133,11.752
18134,9.397
18135,11.835
18136,9.782
18137,11.334
18138,9.180
18139,10.588
18140,9.107
18141,10.833
18142,11.090
18143,10.672
18144,9.884
18145,9.652
18146,12.439
18147,12.355
18148,13.229
18149,18.068
18150,12.172
18151,10.184
18152,11.968
18153,12.190
18154,9.255
18155,11.019
18156,11.520
18157,11.402
18158,9.154
18159,23.827
18160,9.949
18161,9.213
18162,9.439
18163,10.722
18164,14.357
18165,9.435
18166,9.647
18167,8.847
18168,9.893
18169,9.156
18170,9.545
18171,9.258
18172,11.079
18173,14.941
18174,9.363
18175,9.043
18178,9.208
18179,8.854
18180,9.351
18176,0.0
18181,10.615
18182,9.759
18183,9.561
18184,9.360
18185,10.068
18186,23.516
18187,8.928
18188,9.630
18189,10.697
18190,9.139
18191,9.348
18192,9.662
18193,9.834
18194,8.751
18195,9.226
18196,8.773
18197,9.193
18198,26.017
18199,17.910
18200,10.334
18201,9.756
18202,9.116
18203,15.745
18204,9.708
18205,8.904
18206,9.962
18207,22.797
18208,9.527
18209,9.002
18210,10.055
18211,11.172
18212,8.937
18213,10.233
18214,8.836
18215,9.721
18216,13.186
18217,9.806
18218,9.541
18219,8.706
18220,11.489
18221,9.872
18222,9.969
18223,12.161
18224,11.324
18225,9.587
18226,9.251
18227,9.135
18228,10.732
18229,9.381
18230,9.234
18231,9.280
18232,10.354
18233,13.108
18234,9.778
18235,29.495
18236,10.257
18237,13.360
18238,10.682
18239,9.401
18240,8.904
18241,11.063
18242,8.960
18243,9.726
18244,9.078
18245,9.400
18246,11.456
18247,8.794
18248,9.157
18249,9.667
18250,53.803
18251,35.557
18252,128.553
18253,65.472
18254,36.085
18255,9.165
18256,8.952
18257,9.744
18258,9.433
18259,10.865
18260,9.015
18261,9.576
18262,9.189
18263,17.586
18264,9.168
18265,8.744
18266,10.008
18267,13.131
18268,9.229
18269,11.232
18270,8.569
18271,11.437
18272,10.798
18273,10.110
18274,9.632
18275,10.258
18276,9.261
18277,8.968
18278,9.360
18279,9.029
18280,10.910
18281,9.736
18282,9.153
18283,9.165
18284,13.223
18285,9.893
18286,9.002
18287,9.811
18288,12.826
18289,10.639
18290,10.120
18291,10.463
18292,10.186
18293,11.294
18294,9.131
18295,10.858
18296,9.261
18297,9.918
18298,15.875
18299,8.839
18300,8.936
18301,13.731
18302,10.487
18303,9.392
18304,9.848
18305,10.500
18306,13.360
18307,9.117
18308,11.507
18309,8.954
18310,14.857
18311,9.285
18312,11.389
18313,9.072
18314,10.307
18315,8.874
18316,9.883
18317,8.826
18318,12.971
18319,10.534
18320,9.394
18321,9.034
18322,8.955
18323,10.693
18324,8.967
18325,9.379
18326,10.080
18327,32.015
18328,9.455
18329,9.071
18330,8.963
18331,9.436
18332,9.785
18333,8.917
18334,9.459
18335,12.939
18336,11.814
18337,9.127
18338,9.026
18339,9.553
18340,9.767
18341,9.870
18342,9.456
18343,14.080
18344,9.467
18345,10.429
18346,9.910
18347,9.541
18348,8.909
18349,14.846
18350,8.696
18351,9.833
18352,11.676
18353,11.056
18354,9.650
18355,9.698
18356,11.104
18357,10.152
18358,10.649
18359,9.289
18360,9.583
18361,9.248
18362,10.347
18363,8.980
18364,9.074
18365,8.725
18366,18.631
18367,9.494
18368,10.509
18369,11.482
18370,10.566
18371,9.975
18372,9.232
18373,9.798
18374,10.494
18375,10.523
18376,10.724
18377,13.993
18378,9.351
18379,10.575
18380,9.169
18381,9.022
18382,11.521
18383,9.535
18384,9.261
18385,9.142
18386,12.325
18387,9.755
18388,10.181
18389,8.856
18390,11.097
18391,9.304
18394,13.852
18395,9.318
18396,10.873
18392,0.0
18397,8.955
18398,9.040
18399,8.745
18400,10.946
18401,9.541
18402,8.978
18403,11.540
18404,9.242
18405,10.715
18406,8.922
18407,9.774
18408,8.989
18409,10.319
18410,9.657
18411,13.764
18412,9.149
18413,9.395
18414,9.128
18415,8.960
18416,9.050
18417,9.116
18418,9.350
18419,9.192
18420,12.024
18421,9.762
18422,11.354
18423,10.762
18424,9.302
18425,8.734
18426,25.644
18427,9.427
18428,13.058
18429,8.897
18430,9.061
18431,9.820
18432,12.689
18433,8.839
18434,9.055
18435,10.977
18436,8.924
18437,11.113
18438,10.150
18439,30.111
18440,8.984
18441,9.842
18442,9.177
18443,9.166
18444,10.855
18445,14.013
18446,9.938
18447,8.970
18448,10.381
18449,9.113
18450,9.281
18451,9.271
18452,11.110
18453,9.641
18454,9.366
18455,9.587
18456,28.265
18457,11.259
18458,10.676
18459,9.373
18462,10.837
18463,9.004
18464,9.392
18460,0.0
18467,9.338
18468,10.632
18465,0.0
18469,10.892
18470,8.820
18471,12.217
18472,9.601
18473,10.064
18474,9.820
18475,10.831
18476,10.116
18477,9.277
18480,9.970
18481,9.254
18482,11.304
18483,9.254
18484,9.128
18478,0.0
18485,9.307
18489,40.658
18486,0.0
18487,0.0
18490,0.0
18491,0.0
18492,0.0
18493,0.0
18494,0.0
18495,0.0
18496,0.0
18497,0.0
18498,0.0
18499,0.0
18504,10.070
18500,0.0
18501,0.0
18505,10.807
18506,9.580
18507,9.250
18502,0.0
18508,11.397
18509,9.697
18510,9.362
18511,9.478
18512,29.972
18513,10.147
18514,9.682
18515,9.318
18516,9.560
18517,11.974
18518,10.118
18519,9.590
18520,9.184
18521,11.787
18522,12.106
18523,9.742
18524,10.058
18527,8.772
18528,9.409
18525,0.0
18529,11.588
18530,14.854
18531,15.300
18532,9.467
18533,9.335
18534,14.204
18535,9.258
18536,9.460
18537,9.217
18540,9.624
18541,9.706
18542,10.826
18538,0.0
18543,10.808
18544,10.437
18545,11.688
18546,10.230
18547,14.953
18548,9.224
18549,10.395
18550,9.422
18551,12.470
18552,9.733
18553,11.168
18554,9.214
18555,10.957
18556,46.523
18557,8.836
18558,10.497
18559,34.351
18560,14.476
18561,14.506
18562,12.885
18563,14.387
18564,17.867
18565,9.802
18566,20.407
18567,9.775
18568,33.697
18569,20.279
18570,9.090
18571,11.152
18572,10.782
18573,11.799
18574,8.943
18575,8.602
18578,9.414
18579,9.594
18580,9.687
18576,0.0
18581,15.037
18582,9.772
18583,9.067
18584,10.362
18585,12.926
18586,10.646
18587,10.427
18588,9.635
18589,9.410
18590,10.878
18591,11.664
18592,9.077
18593,9.685
18594,12.318
18595,9.235
18596,9.719
18597,9.876
18598,10.694
18599,9.365
18600,15.499
18601,9.710
18602,41.162
18603,11.246
18604,9.539
18605,17.475
18606,10.107
18607,12.508
18608,9.340
18609,9.811
18610,11.452
18611,12.786
18612,9.756
18613,10.549
18614,16.151
18615,11.474
18616,12.407
18617,9.500
18618,9.927
18619,18.732
18620,10.922
18621,9.202
18622,9.010
18623,9.901
18624,12.270
18625,9.809
18626,10.038
18627,9.791
18628,11.835
18629,12.376
18630,10.490
18631,9.412
18632,13.050
18633,12.011
18634,10.653
18635,9.473
18636,11.485
18637,11.430
18638,9.304
18639,9.305
18640,9.293
18641,28.084
18642,9.579
18643,8.794
18644,10.211
18645,9.389
18646,9.889
18647,8.806
18648,8.967
18649,8.961
18650,9.960
18651,9.070
18652,8.557
18653,9.213
18654,9.486
18655,9.026
18656,9.569
18657,8.663
18658,10.466
18659,12.035
18660,8.806
18661,8.940
18662,9.528
18663,10.823
18664,8.949
18665,9.586
18666,9.020
18667,16.428
18668,8.845
18669,8.911
18670,9.245
18671,9.656
18672,8.892
18673,0.0
18674,0.0
18675,0.0
18676,0.0
18677,0.0
18678,0.0
18679,0.0
18680,0.0
18681,0.0
18682,0.0
18686,13.714
18687,11.839
18688,9.082
18683,0.0
18684,0.0
18689,15.243
18690,8.849
18691,9.939
18692,10.333
18693,10.790
18694,9.047
18695,9.396
18696,10.236
18697,12.769
18698,8.909
18699,16.892
18700,14.923
18701,59.451
18702,61.833
18703,10.011
18704,11.790
18705,9.759
18708,9.157
18709,10.301
18710,34.731
18711,9.308
18706,0.0
18712,10.563
18713,9.658
18716,8.724
18717,12.272
18718,11.645
18714,0.0
18719,11.270
18720,9.599
18721,13.536
18722,14.638
18723,27.755
18724,8.386
18725,9.537
18726,10.853
18727,35.156
18728,9.253
18729,8.914
18730,9.341
18731,9.258
18732,10.603
18733,8.977
18734,11.761
18735,11.354
18736,11.404
18737,9.607
18738,8.879
18739,8.424
18740,28.897
18741,9.180
18742,9.233
18743,23.499
18744,10.691
18745,9.139
18746,9.271
18747,9.186
18748,8.943
18749,26.783
18750,9.312
18751,9.862
18752,8.491
18753,28.469
18756,14.000
18754,0.0
18759,17.951
18760,9.977
18761,10.810
18757,0.0
18762,19.215
18763,9.093
18764,8.702
18765,8.939
18766,28.499
18767,8.864
18768,12.877
18769,9.094
18772,8.943
18773,9.190
18774,10.342
18770,0.0
18775,11.100
18776,9.511
18777,9.526
18778,9.685
18779,25.786
18780,9.347
18781,10.600
18782,8.878
18783,9.653
18784,9.129
18785,13.811
18786,25.461
18787,9.166
18788,9.566
18789,8.950
18790,17.848
18791,9.587
18792,23.211
18793,11.021
18794,10.599
18795,8.823
18796,30.482
18797,9.539
18798,12.236
18799,8.830
18800,32.295
18801,14.843
18802,10.762
18803,10.498
18804,10.418
18805,19.882
18806,9.608
18807,9.853
18808,10.995
18811,10.678
18812,18.232
18813,30.429
18814,9.438
18815,9.325
18809,0.0
18816,9.410
18817,9.249
18818,14.341
18819,11.708
18820,9.583
18821,9.508
18824,9.820
18825,12.854
18826,12.274
18822,0.0
18827,8.804
18828,10.769
18829,10.202
18830,8.845
18831,15.312
18832,9.300
18833,8.733
18836,41.351
18837,11.195
18838,9.446
18834,0.0
18839,31.281
18840,9.267
18841,12.648
18842,9.756
18845,11.020
18846,11.314
18847,8.838
18848,10.349
18843,0.0
18849,14.756
18850,20.732
18851,9.609
18852,28.113
18853,11.712
18854,11.399
18855,8.505
18856,10.105
18857,11.453
18858,8.944
18859,10.290
18860,9.898
18861,10.461
18862,9.860
18863,8.653
18864,9.077
18865,10.235
18866,9.241
18867,10.031
18868,8.388
18869,100.512
18870,11.520
18871,9.531
18872,8.979
18873,8.796
18874,14.991
18875,8.590
18876,9.176
18877,8.832
18880,9.361
18881,9.176
18882,10.286
18883,9.218
18878,0.0
18884,9.520
18885,8.374
18886,14.131
18887,10.767
18888,9.597
18889,10.201
18890,9.490
18893,8.350
18894,8.836
18891,0.0
18897,10.360
18898,11.255
18899,11.869
18895,0.0
18900,9.537
18901,8.929
18902,8.722
18903,9.127
18904,11.628
18905,9.783
18906,8.825
18907,8.961
18908,22.420
18909,9.572
18910,9.369
18911,9.232
18912,9.882
18913,14.263
18914,8.918
18915,9.390
18916,9.081
18917,16.102
18918,9.337
18919,8.551
18920,9.002
18921,24.602
18922,9.560
18923,8.989
18924,9.491
18925,25.361
18926,9.590
18927,9.163
18928,9.089
18929,61.761
18930,13.379
18931,9.195
18932,14.174
18933,8.676
18934,21.133
18935,9.498
18936,9.085
18937,8.878
18940,9.657
18941,8.973
18938,0.0
18944,8.931
18945,37.591
18946,11.006
18947,11.663
18942,0.0
18948,8.563
18949,39.093
18950,8.997
18951,11.700
18952,9.270
18953,11.248
18954,8.995
18955,12.336
18956,8.700
18957,8.676
18958,10.448
18959,8.828
18960,12.048
18961,8.660
18962,8.819
18963,9.558
18964,10.242
18965,8.736
18966,8.974
18967,8.924
18968,0.0
18970,0.0
18971,0.0
18972,0.0
18973,0.0
18974,0.0
18975,0.0
18976,0.0
18977,0.0
18978,0.0
18979,0.0
18980,0.0
18981,0.0
18982,0.0
18983,0.0
18984,0.0
18985,0.0
18986,0.0
18987,0.0
18988,0.0
18989,0.0
18990,0.0
18991,0.0
18992,0.0
18993,0.0
18994,0.0
18995,0.0
18999,11.910
19000,8.956
19001,18.660
18996,0.0
18997,0.0
19002,9.243
19003,14.720
19004,9.070
19005,9.008
19006,11.421
19007,10.802
19008,9.165
19009,9.618
19010,8.279
19011,45.813
19012,9.303
19013,8.471
19014,9.408
19017,11.562
19018,9.183
19019,9.263
19020,12.501
19015,0.0
19021,9.227
19022,9.651
19023,11.979
19024,21.331
19025,11.625
19026,10.663
19027,15.889
19028,12.862
19029,9.478
19030,9.544
19031,9.094
19032,11.064
19033,11.842
19034,18.092
19035,10.105
19036,11.051
19037,11.411
19038,9.267
19039,9.350
19040,10.924
19041,9.791
19042,9.962
19043,9.767
19044,8.888
19045,9.512
19046,23.033
19047,11.666
19048,9.420
19049,10.771
19050,30.096
19051,10.839
19052,8.965
19053,9.433
19054,25.357
19055,18.070
19056,9.798
19057,11.465
19058,33.281
19059,16.643
19060,10.200
19061,9.720
19062,9.940
19063,11.053
19064,10.545
19065,9.463
19066,12.741
19067,11.343
19068,9.161
19069,9.109
19070,9.401
19071,9.377
19072,9.062
19073,10.223
19074,10.624
19075,9.457
19076,10.524
19077,10.428
19078,8.946
19079,9.201
19080,30.447
19081,9.271
19082,12.601
19083,9.284
19084,9.438
19085,9.124
19086,10.109
19087,9.123
19088,10.741
19089,20.181
19090,9.866
19091,10.588
19092,9.284
19093,10.216
19094,8.978
19095,21.811
19096,11.588
19097,12.742
19098,10.139
19099,21.484
19100,8.777
19101,38.667
19102,16.290
19103,8.597
19104,9.351
19105,9.789
19106,10.082
19107,8.957
19108,9.244
19109,10.668
19110,45.324
19111,8.928
19112,9.357
19113,9.988
19114,10.581
19115,34.612
19116,9.551
19117,9.477
19118,9.182
19119,13.200
19120,8.831
19121,60.804
19122,9.383
19123,9.547
19124,9.306
19125,9.789
19126,9.089
19127,9.394
19128,8.978
19129,11.574
19130,9.188
19131,9.036
19132,10.520
19133,8.538
19134,8.964
19135,12.517
19138,8.567
19139,9.111
19140,9.881
19136,0.0
19141,8.444
19142,12.399
19143,8.651
19144,12.860
19145,8.657
19146,8.870
19147,9.699
19148,9.621
19149,27.353
19150,8.930
19151,9.740
19152,10.027
19153,15.821
19154,10.548
19155,8.766
19156,10.459
19157,10.615
19158,17.147
19159,10.485
19160,9.376
19161,8.702
19162,10.801
19163,9.429
19164,9.638
19165,10.089
19166,11.664
19167,9.378
19168,8.888
19169,9.770
19170,10.242
19171,9.008
19172,8.602
19173,9.594
19174,8.857
19175,10.068
19176,11.384
19177,9.008
19178,9.580
19179,27.522
19180,8.907
19181,8.851
19182,15.113
19183,10.571
19184,9.716
19185,13.224
19186,14.932
19187,18.040
19188,51.233
19189,8.948
19190,10.154
19191,11.031
19192,9.446
19193,11.036
19194,9.734
19195,9.558
19196,10.444
19197,27.956
19198,10.824
19199,25.883
19200,9.744
19201,26.112
19202,9.154
19203,9.732
19204,9.467
19205,34.818
19206,11.113
19207,9.343
19208,8.974
19209,33.705
19210,21.260
19211,9.556
19212,10.625
19213,18.326
19214,10.004
19215,11.549
19216,9.620
19217,9.627
19218,11.574
19219,9.941
19220,11.277
19221,10.181
19222,9.025
19223,9.475
19224,9.696
19225,9.775
19226,9.534
19227,10.283
19228,8.695
19229,8.530
19230,9.244
19231,9.857
19232,9.710
19233,9.244
19234,13.071
19235,9.764
19236,9.434
19237,10.464
19238,9.474
19239,32.084
19240,9.400
19241,9.193
19242,8.884
19243,32.903
19244,10.239
19245,9.302
19246,9.111
19247,9.346
19248,9.031
19249,11.139
19250,9.420
19251,9.439
19252,8.841
19253,9.052
19254,10.016
19255,9.261
19256,9.085
19257,9.184
19258,9.190
19259,9.241
19260,19.178
19261,10.181
19262,10.274
19263,9.937
19264,10.485
19265,9.873
19266,9.964
19267,8.658
19268,9.584
19269,8.776
19270,10.011
19271,11.407
19272,8.855
19273,8.472
19274,9.306
19275,8.921
19276,8.823
19277,8.387
19278,24.450
19279,36.792
19280,8.546
19281,8.446
19282,24.580
19283,10.984
19284,8.465
19285,8.793
19286,8.728
19287,19.723
19288,10.711
19289,18.115
19290,8.839
19291,20.799
19292,9.091
19293,9.949
19294,35.947
19295,27.180
19296,8.560
19297,8.019
19298,13.681
19299,29.643
19300,11.176
19301,39.495
19302,9.240
19303,46.503
19304,9.724
19305,62.160
19306,36.608
19307,9.136
19308,26.357
19309,8.836
19310,8.577
19311,9.759
19312,28.512
19313,36.599
19314,8.696
19315,10.493
19316,37.062
19317,14.205
19318,13.005
19319,8.959
19320,9.238
19321,30.834
19322,10.648
19323,8.872
19324,9.136
19325,31.424
19326,16.664
19327,41.932
19328,8.600
19329,32.272
19330,23.562
19331,9.300
19332,109.169
19333,8.751
19334,23.089
19335,9.096
19336,8.516
19337,10.325
19338,56.860
19339,9.793
19340,10.693
19341,9.507
19342,30.966
19343,10.986
19344,9.808
19345,13.081
19346,9.685
19347,21.500
19348,9.432
19349,8.433
19350,8.901
19351,25.911
19352,8.316
19353,14.609
19354,9.677
19355,28.398
19356,8.968
19357,8.950
19358,9.052
19359,9.306
19360,17.340
19361,8.996
19362,8.683
19363,9.225
19364,24.956
19365,28.162
19366,8.652
19367,8.614
19368,10.595
19369,8.770
19370,9.447
19371,8.953
19372,34.087
19373,42.234
19374,9.024
19375,9.367
19376,9.303
19377,13.956
19378,11.176
19379,8.657
19380,9.045
19381,29.278
19382,24.628
19383,9.237
19384,11.498
19385,46.529
19386,11.697
19387,8.711
19388,9.207
19389,9.581
19390,9.958
19391,8.864
19392,8.964
19393,9.395
19394,30.968
19395,8.223
19396,14.521
19397,9.448
19398,13.232
19399,11.708
19400,9.336
19401,8.481
19402,9.570
19403,44.404
19404,13.662
19405,9.413
19406,8.891
19407,11.224
19408,8.889
19409,8.839
19410,8.575
19411,26.877
19412,30.763
19413,8.965
19414,8.811
19415,35.699
19416,10.711
19417,9.294
19418,9.402
19419,10.480
19420,24.025
19421,8.220
19422,8.688
19423,14.670
19424,27.071
19425,8.557
19426,8.640
19427,9.017
19428,34.105
19429,15.344
19430,8.808
19431,8.803
19432,54.347
19433,27.227
19434,8.566
19435,9.163
19436,9.014
19437,26.101
19438,9.060
19439,8.875
19440,9.015
19441,59.024
19442,11.542
19443,8.702
19444,8.387
19445,10.528
19446,44.247
19447,8.759
19448,10.481
19449,12.121
19450,28.235
19451,8.849
19452,11.836
19453,12.900
19454,27.670
19455,9.038
19456,9.038
19457,8.660
19458,8.644
19459,15.968
19460,8.770
19461,8.910
19462,15.842
19463,9.629
19464,9.297
19465,9.382
19466,14.010
19467,26.223
19468,8.652
19469,10.115
19470,8.867
19471,65.253
19472,17.334
19473,13.037
19474,9.687
19475,8.713
19476,11.818
19477,8.928
19478,8.958
19479,9.102
19480,36.668
19481,59.013
19482,12.067
19483,12.651
19484,10.717
19485,10.531
19486,9.055
19487,8.895
19488,9.301
19489,18.343
19490,9.487
19491,8.604
19492,9.221
19493,10.221
19494,10.124
19495,11.609
19496,9.268
19497,9.769
19498,8.513
19499,9.967
19500,12.326
19501,8.464
19502,10.058
19503,8.819
19504,9.950
19505,8.584
19506,14.598
19507,8.615
19508,16.455
19509,8.198
19510,9.471
19511,8.792
19512,16.246
19513,9.441
19514,39.055
19515,15.618
19516,8.749
19517,12.808
19518,9.970
19519,45.172
19520,8.554
19521,9.483
19522,9.069
19523,30.137
19524,11.931
19525,9.356
19526,9.162
19527,30.877
19528,11.983
19529,9.461
19530,9.750
19531,9.724
19532,21.866
19533,17.697
19534,15.392
19535,9.208
19536,12.312
19537,16.613
19538,9.486
19539,8.959
19540,28.871
19541,9.259
19542,8.669
19543,8.520
19544,10.585
19545,10.505
19546,8.727
19547,8.826
19548,59.929
19549,24.086
19550,9.221
19551,9.060
19552,13.734
19553,39.066
19554,24.902
19555,9.456
19556,19.274
19557,180.799
19558,828.596
19559,513.536
19560,72.623
19561,66.416
19562,31.504
19563,11.692
19564,103.514
19565,59.694
19568,163.475
19569,24.372
19570,67.801
19566,0.0
19571,28.863
19572,12.507
19573,9.332
19574,47.378
19575,27.079
19576,23.804
19577,41.564
19578,21.482
19579,33.463
19580,9.244
19581,9.004
19582,9.128
19583,10.061
19584,9.296
19585,38.633
19586,8.877
19587,9.030
19588,42.853
19589,8.445
19590,8.431
19591,20.961
19592,28.098
19593,8.345
19594,8.289
19595,15.507
19596,36.530
19597,38.941
19598,9.034
19599,8.739
19600,8.674
19601,10.909
19602,11.476
19603,8.794
19604,10.082
19605,11.219
19606,9.751
19607,41.677
19608,8.585
19611,8.526
19612,8.886
19609,0.0
19613,9.538
19614,9.374
19615,8.994
19616,8.614
19617,9.216
19618,20.263
19619,11.575
19620,10.836
19621,17.821
19622,10.790
19623,8.488
19624,9.520
19625,8.545
19626,9.481
19627,10.261
19628,8.521
19629,9.399
19630,8.975
19631,17.946
19632,9.043
19633,9.950
19634,8.508
19635,26.047
19636,12.004
19637,9.041
19638,8.469
19639,26.409
19640,10.925
19641,12.263
19642,9.094
19643,54.234
19644,14.415
19645,8.725
19646,18.253
19647,9.183
19648,50.497
19649,9.174
19650,9.222
19651,52.927
19652,64.184
19653,11.908
19654,9.045
19655,8.859
19656,33.134
19657,9.525
19658,9.461
19659,8.782
19660,8.584
19661,25.924
19662,8.439
19663,9.067
19664,10.786
19665,28.891
19666,10.710
19667,12.005
19668,8.361
19669,34.535
19670,11.631
19671,9.028
19672,9.030
19673,8.890
19674,10.811
19675,8.782
19676,9.556
19677,9.002
19678,11.396
19679,8.612
19682,27.958
19683,8.766
19684,8.915
19685,8.690
19680,0.0
19686,9.198
19687,10.576
19688,8.765
19689,10.124
19690,9.780
19691,28.913
19692,8.770
19693,9.497
19694,8.878
19695,11.327
19696,8.751
19697,8.517
19698,9.148
19699,8.630
19700,28.296
19701,9.787
19702,8.616
19703,23.826
19704,47.161
19705,8.794
19706,8.628
19707,8.826
19708,76.548
19709,9.049
19710,8.970
19711,10.684
19712,30.624
19713,14.841
19714,8.879
19715,8.873
19716,10.080
19717,11.995
19718,8.639
19719,8.882
19720,9.157
19721,12.884
19722,11.344
19723,9.270
19724,8.411
19725,28.721
19726,8.832
19727,8.835
19728,8.731
19729,9.129
19730,20.766
19731,8.999
19732,8.991
19733,11.051
19734,12.721
19735,9.778
19736,9.321
19737,9.000
19738,62.885
19739,8.481
19740,8.756
19741,8.543
19742,11.591
19743,10.113
19744,9.871
19745,9.056
19746,9.677
19747,25.814
19748,22.377
19749,8.376
19750,8.287
19751,14.615
19752,11.107
19753,9.981
19754,8.994
19755,12.748
19756,10.662
19757,9.123
19758,8.640
19759,9.141
19760,24.853
19761,10.059
19762,8.609
19763,9.462
19764,11.671
19765,9.870
19766,9.195
19767,8.852
19768,28.934
19769,9.297
19770,10.095
19771,9.035
19772,10.953
19773,15.655
19774,8.424
19775,9.331
19776,9.620
19777,11.698
19778,8.980
19779,8.536
19780,8.837
19781,9.227
19782,8.940
19783,9.236
19784,9.446
19785,21.664
19786,10.074
19787,9.168
19788,9.229
19789,14.677
19790,10.456
19791,9.455
19792,8.781
19793,9.214
19794,35.741
19795,8.669
19796,9.478
19797,12.771
19798,30.068
19799,8.933
19800,9.094
19801,9.020
19802,77.583
19803,25.074
19804,10.717
19805,12.706
19806,11.849
19807,10.312
19808,13.429
19809,9.967
19810,13.769
19811,28.931
19812,12.698
19813,10.909
19814,9.648
19815,9.103
19816,10.761
19817,10.105
19818,11.211
19819,13.790
19820,25.695
19821,9.461
19822,10.945
19823,10.639
19824,10.230
19825,8.999
19826,9.970
19827,8.515
19828,11.196
19829,18.584
19830,10.065
19831,9.171
19832,10.522
19833,12.563
19834,9.729
19835,8.917
19836,9.255
19837,33.507
19838,11.507
19839,9.618
19840,11.179
19841,32.134
19842,12.533
19843,9.426
19844,9.395
19845,9.746
19846,20.953
19847,9.645
19848,10.025
19849,8.440
19850,26.067
19851,11.099
19852,8.735
19853,8.432
19854,9.664
19855,9.443
19856,15.246
19857,11.036
19858,8.795
19859,10.446
19860,8.571
19861,10.052
19862,8.738
19863,10.995
19864,9.589
19865,9.426
19866,9.774
19867,9.119
19868,9.086
19869,15.392
19870,18.839
19871,8.957
19872,18.785
19873,8.774
19874,10.580
19875,8.726
19876,10.223
19877,8.574
19878,8.615
19879,9.154
19880,54.932
19881,10.538
19882,8.795
19883,11.896
19884,12.004
19885,10.758
19886,11.692
19887,9.169
19888,9.105
19889,46.678
19890,11.738
19891,9.436
19892,11.015
19893,29.893
19894,39.188
19895,9.621
19896,9.565
19897,28.230
19898,15.619
19899,26.821
19900,10.958
19901,10.308
19902,25.264
19903,10.635
19904,117.501
19905,92.438
19906,38.096
19907,9.521
19908,86.129
19909,8.927
19910,26.613
19911,12.406
19912,10.998
19913,9.144
19914,35.051
19915,11.564
19916,8.887
19917,10.297
19918,9.799
19919,48.781
19920,9.395
19921,9.595
19922,8.937
19923,32.099
19924,10.147
19925,11.306
19926,10.672
19927,35.643
19928,14.880
19929,8.555
19930,8.459
19931,8.508
19932,24.978
19933,30.757
19934,9.398
19935,8.755
19936,11.609
19937,12.443
19938,12.703
19939,8.610
19940,29.437
19941,14.093
19942,43.192
19943,9.125
19944,8.818
19945,12.432
19946,9.541
19947,18.944
19948,8.919
19949,10.979
19950,8.470
19951,9.189
19952,9.048
19953,29.303
19954,8.958
19955,9.039
19956,9.216
19957,9.920
19958,15.259
19959,10.671
19960,8.917
19961,8.983
19962,11.300
19963,9.156
19964,9.622
19965,8.713
19966,10.631
19967,11.660
19968,9.433
19969,9.624
19970,31.960
19971,8.896
19972,9.609
19973,12.016
19974,10.541
19975,21.586
19976,13.245
19977,9.088
19978,8.838
19979,29.260
19980,9.139
19981,9.161
19982,8.612
19983,29.353
19984,8.727
19985,9.514
19986,8.921
19987,10.850
19988,9.382
19989,10.445
19990,8.566
19991,8.387
19992,26.381
19993,9.455
19994,8.975
19995,9.204
19996,26.271
19997,8.620
19998,8.367
19999,10.717
20000,8.731
20001,15.609
20002,11.079
20003,10.636
20004,9.017
20005,10.577
20006,9.035
20007,9.361
20008,10.811
20011,10.656
20012,8.682
20009,0.0
20013,8.909
20014,12.373
20015,9.317
20016,8.754
20017,8.694
20018,51.058
20019,8.910
20020,8.158
20021,9.067
20022,61.947
20023,10.095
20024,9.050
20025,9.838
20026,9.524
20027,8.990
20028,10.170
20029,10.528
20030,9.039
20031,22.756
20032,8.680
20033,8.550
20034,8.854
20035,13.338
20036,10.016
20037,8.438
20038,11.868
20039,27.204
20040,9.122
20041,8.869
20042,9.079
20043,9.051
20044,10.762
20045,8.524
20046,8.535
20047,9.979
20050,10.826
20051,9.306
20052,37.912
20048,0.0
20053,9.214
20054,9.085
20055,8.975
20056,8.621
20057,12.334
20058,9.496
20059,32.146
20060,10.064
20061,21.132
20062,9.429
20063,12.804
20064,8.931
20065,63.545
20066,9.380
20067,10.122
20068,39.269
20069,33.548
20070,9.163
20071,8.900
20072,8.754
20073,8.386
20074,36.932
20075,8.891
20076,8.805
20077,9.434
20078,37.322
20079,8.544
20080,39.727
20081,9.171
20082,31.811
20083,9.099
20084,9.519
20085,8.884
20086,36.609
20087,16.454
20088,15.016
20089,8.709
20090,8.568
20091,24.994
20092,8.294
20093,8.522
20094,9.163
20095,10.634
20096,10.044
20097,8.663
20098,9.529
20099,8.680
20100,24.442
20101,9.262
20102,8.485
20103,10.955
20104,10.378
20105,8.959
20106,8.608
20107,9.807
20108,34.374
20109,8.705
20110,8.522
20111,8.648
20112,33.948
20113,10.414
20114,8.684
20115,8.966
20116,9.418
20117,11.466
20118,9.665
20119,9.112
20120,11.706
20121,32.479
20122,9.075
20123,9.178
20124,8.311
20127,8.805
20128,8.541
20129,8.880
20130,21.706
20125,0.0
20131,22.188
20132,9.593
20133,8.710
20134,25.836
20135,10.096
20136,8.453
20137,13.872
20138,33.392
20139,9.235
20140,14.270
20141,16.299
20142,33.299
20143,13.046
20144,8.896
20145,10.279
20146,10.252
20147,45.618
20148,10.947
20149,8.891
20150,8.864
20151,32.467
20152,10.917
20153,8.919
20154,10.010
20155,11.228
20156,12.052
20157,9.631
20158,9.098
20159,9.705
20160,19.403
20161,10.655
20162,12.582
20163,9.492
20164,28.921
20165,8.524
20166,8.916
20167,8.711
20168,29.316
20169,10.775
20170,8.923
20171,39.517
20172,38.694
20173,21.600
20174,15.971
20175,12.181
20176,12.376
20177,29.347
20178,12.384
20179,12.558
20180,15.355
20181,26.439
20182,17.031
20183,14.308
20184,11.970
20185,32.825
20186,16.099
20187,12.407
20188,16.166
20189,42.166
20190,62.438
20191,12.616
20192,12.817
20193,11.886
20194,38.253
20195,12.162
20196,12.397
20197,12.247
20198,36.503
20199,18.221
20200,13.613
20201,13.037
20202,41.860
20203,13.691
20204,12.088
20205,17.200
20206,16.285
20207,14.289
20208,12.113
20209,12.779
20210,20.959
20211,28.494
20212,13.380
20213,12.143
20214,13.259
20215,40.348
20216,20.958
20217,34.684
20218,12.477
20219,15.955
20220,58.633
20221,12.475
20222,14.245
20223,13.776
20224,15.703
20225,12.270
20226,12.277
20227,13.266
20228,46.238
20229,20.592
20230,12.228
20231,12.258
20232,17.128
20233,37.079
20234,12.650
20235,12.404
20236,13.283
20237,15.193
20238,12.090
20239,14.307
20240,16.185
20241,36.463
20242,15.949
20243,12.382
20244,12.339
20245,12.121
20246,14.035
20247,12.799
20248,32.611
20249,12.208
20250,59.545
20251,12.463
20252,13.111
20253,15.009
20254,30.954
20255,14.982
20256,19.078
20257,14.734
20258,38.307
20259,52.149
20260,21.958
20261,14.910
20262,15.024
20263,28.568
20264,14.271
20265,12.894
20266,12.582
20267,14.009
20268,12.132
20269,13.318
20270,12.436
20271,34.364
20272,16.881
20273,38.171
20274,16.799
20275,13.098
20276,27.058
20277,15.506
20278,12.874
20279,12.690
20280,34.686
20281,12.330
20282,13.203
20283,15.379
20286,15.029
20287,12.755
20288,11.914
20289,26.366
20284,0.0
20290,13.968
20291,13.776
20292,12.097
20293,20.481
20294,12.401
20295,12.134
20296,12.438
20297,28.319
20298,12.867
20299,19.751
20300,12.153
20301,12.896
20302,22.981
20303,12.146
20304,12.503
20305,14.901
20306,17.133
20307,13.514
20308,13.477
20309,13.054
20312,12.833
20313,16.069
20314,36.076
20310,0.0
20315,17.821
20316,14.584
20317,12.601
20318,15.375
20319,15.835
20320,12.142
20321,12.064
20322,12.542
20323,14.439
20324,114.951
20325,15.956
20326,13.108
20327,16.325
20328,19.805
20329,12.612
20330,12.778
20331,12.322
20332,14.160
20333,12.597
20334,12.475
20335,14.892
20336,31.847
20337,13.992
20338,38.404
20339,12.565
20340,13.700
20341,13.368
20342,13.782
20343,11.968
20344,11.901
20345,13.822
20346,12.457
20347,12.172
20348,77.765
20349,13.578
20350,12.302
20351,14.555
20352,12.083
20353,26.730
20354,13.179
20355,12.165
20356,14.297
20357,38.511
20358,15.753
20359,15.565
20360,12.193
20361,13.308
20362,28.078
20363,12.538
20364,17.926
20365,13.311
20366,13.614
20367,150.701
20368,14.521
20369,12.855
20370,33.367
20371,17.858
20372,13.182
20373,14.200
20374,12.716
20375,14.358
20376,14.354
20377,12.554
20378,12.043
20379,32.260
20380,45.219
20381,15.182
20382,15.339
20383,13.994
20384,13.495
20385,14.723
20386,36.810
20387,38.262
20388,22.534
20389,12.816
20390,12.643
20391,12.813
20392,37.217
20393,13.933
20394,12.123
20395,12.626
20398,13.445
20399,14.228
20396,0.0
20400,34.655
20401,15.504
20402,14.058
20403,14.268
20404,14.797
20405,31.304
20406,15.179
20407,12.520
20408,12.543
20411,12.683
20412,12.581
20413,34.018
20409,0.0
20414,45.231
20415,14.160
20416,14.518
20417,12.668
20418,25.212
20419,14.029
20420,12.873
20421,12.284
20422,36.278
20423,13.687
20424,13.149
20425,12.855
20426,34.274
20427,12.901
20428,12.599
20429,44.672
20430,14.806
20431,24.858
20432,13.325
20433,15.095
20434,12.818
20435,29.752
20436,12.827
20437,13.013
20438,12.518
20439,18.543
20440,13.323
20441,13.648
20442,11.971
20443,14.748
20444,13.535
20445,12.584
20446,12.885
20447,12.289
20448,13.413
20449,12.510
20450,14.640
20451,12.302
20452,16.187
20453,17.180
20454,14.347
20455,12.221
20456,14.072
20457,20.802
20458,12.581
20459,12.823
20460,13.357
20461,23.769
20462,12.785
20463,12.530
20464,12.416
20465,13.559
20466,13.455
20467,12.181
20468,12.369
20469,13.164
20470,16.342
20471,15.601
20472,13.016
20473,58.358
20474,23.199
20475,12.213
20476,12.357
20477,13.170
20478,36.808
20479,12.013
20480,21.283
20481,14.312
20482,32.023
20483,17.037
20484,12.070
20485,13.584
20486,35.432
20487,26.916
20488,13.693
20489,12.470
20490,12.045
20491,37.722
20492,11.990
20493,12.072
20494,53.448
20495,27.371
20496,38.452
20497,22.061
20498,12.550
20499,40.379
20500,24.365
20501,36.960
20502,12.539
20503,12.078
20504,12.975
20505,15.541
20506,14.757
20507,21.920
20508,18.250
20509,18.327
20510,129.126
20511,66.652
20512,15.252
20513,12.923
20514,12.860
20515,13.719
20516,15.311
20517,23.292
20518,12.839
20519,12.042
20520,12.260
20521,32.018
20522,13.417
20523,12.763
20524,13.481
20525,30.052
20526,14.450
20527,12.112
20528,63.407
20529,40.851
20530,19.131
20531,12.897
20532,14.216
20533,65.297
20534,33.178
20535,14.706
20536,12.557
20537,18.969
20538,26.198
20539,13.272
20540,13.215
20541,14.657
20542,56.592
20543,18.631
20544,12.832
20545,14.450
20546,12.718
20547,46.156
20548,12.760
20549,12.783
20550,14.292
20551,15.791
20552,13.843
20553,12.431
20554,13.226
20557,12.009
20558,12.427
20559,11.989
20560,24.042
20555,0.0
20561,12.274
20562,12.385
20563,12.917
20564,13.754
20565,15.217
20566,13.480
20567,12.482
20568,27.999
20569,13.664
20570,13.219
20571,13.689
20572,37.420
20573,14.172
20574,15.552
20575,12.288
20576,12.607
20577,17.105
20578,12.660
20579,13.497
20580,13.778
20583,12.174
20584,15.081
20585,12.535
20581,0.0
20586,16.347
20587,12.676
20588,12.385
20589,12.801
20590,13.636
20591,12.279
20592,13.163
20593,13.917
20594,15.592
20595,14.569
20596,13.489
20597,15.176
20598,13.854
20599,12.007
20600,12.103
20601,11.973
20602,18.717
20603,12.525
20604,12.445
20605,12.001
20606,14.948
20607,25.145
20608,12.939
20609,12.517
20610,22.530
20611,13.675
20612,12.695
20613,14.601
20616,12.328
20617,13.196
20618,14.135
20614,0.0
20619,14.757
20620,13.461
20621,17.410
20622,14.629
20623,19.733
20624,12.625
20625,13.041
20626,13.929
20627,27.472
20628,12.397
20629,12.490
20630,13.586
20631,13.162
20632,55.178
20633,12.460
20634,13.303
20635,14.724
20636,29.706
20637,12.213
20638,12.388
20639,12.261
20642,13.250
20643,13.166
20644,40.819
20640,0.0
20647,12.623
20648,13.162
20649,14.553
20645,0.0
20650,13.009
20651,13.245
20652,21.474
20653,15.595
20654,12.780
20655,12.700
20656,12.559
20657,12.498
20658,13.435
20659,16.091
20660,12.201
20661,12.691
20662,13.308
20663,12.545
20664,12.815
20665,12.582
20666,17.235
20667,13.846
20668,12.881
20669,14.122
20670,13.783
20671,20.039
20672,12.634
20673,13.749
20674,11.978
20675,13.438
20676,12.095
20677,12.182
20678,12.701
20679,14.368
20680,12.134
20681,13.365
20682,25.275
20683,30.752
20684,12.189
20685,13.339
20686,13.186
20687,14.446
20688,13.787
20689,12.324
20690,12.771
20691,12.722
20692,14.516
20693,11.970
20694,12.199
20695,15.658
20696,19.629
20697,12.421
20698,12.940
20699,12.450
20702,11.942
20703,14.055
20700,0.0
20704,12.274
20705,30.776
20706,12.583
20707,15.810
20708,15.377
20709,14.797
20710,12.893
20711,12.370
20712,13.699
20713,13.707
20714,12.588
20715,12.028
20716,13.107
20717,13.051
20718,12.933
20719,12.273
20720,15.565
20721,18.209
20722,15.054
20723,15.098
20724,12.970
20725,18.407
20728,12.236
20729,13.531
20726,0.0
20730,12.394
20731,14.751
20732,15.152
20733,12.695
20734,12.473
20735,16.470
20736,12.967
20737,13.191
20738,14.225
20739,36.878
20740,12.465
20741,13.306
20742,31.630
20743,13.479
20744,14.040
20745,12.773
20746,14.756
20747,13.928
20748,13.559
20749,12.579
20750,12.328
20751,59.149
20752,34.784
20753,12.426
20754,13.260
20755,15.795
20756,20.773
20757,13.776
20758,13.650
20759,12.895
20760,13.425
20761,13.662
20762,12.380
20763,13.920
20764,12.545
20765,19.823
20766,13.591
20767,14.594
20768,12.289
20769,13.857
20770,14.092
20771,12.256
20772,12.435
20773,12.668
20774,13.100
20775,12.549
20776,33.892
20777,13.153
20778,32.674
20779,12.015
20780,12.238
20781,14.673
20782,17.658
20783,12.598
20784,12.209
20785,11.971
20786,12.916
20787,13.150
20788,12.699
20789,12.139
20790,12.318
20791,28.161
20792,13.391
20793,12.173
20794,12.472
20795,15.101
20796,12.347
20797,12.654
20798,12.176
20799,57.130
20800,16.884
20801,12.254
20802,12.219
20803,13.067
20804,26.563
20805,22.769
20806,12.650
20807,16.992
20808,35.976
20809,16.554
20810,17.563
20811,12.122
20812,27.407
20813,20.494
20814,12.000
20815,12.618
20816,38.213
20817,15.451
20818,12.444
20819,15.103
20820,46.355
20821,28.712
20822,14.945
20823,12.926
20824,12.566
20825,26.270
20826,12.708
20827,19.696
20828,12.941
20831,26.823
20832,15.639
20833,12.753
20834,29.791
20835,31.816
20829,0.0
20836,14.382
20837,12.550
20838,34.479
20839,17.716
20840,44.069
20841,12.159
20842,31.862
20843,17.440
20844,13.018
20845,12.411
20846,42.018
20847,22.271
20848,13.839
20849,39.562
20850,12.551
20851,33.925
20852,12.122
20853,12.931
20854,16.674
20855,27.982
20856,12.711
20857,12.894
20858,18.815
20859,37.274
20860,22.263
20861,12.165
20862,11.926
20863,12.420
20864,28.965
20865,12.046
20866,17.563
20867,12.101
20868,52.154
20869,12.541
20870,13.984
20871,15.566
20872,37.677
20873,13.692
20874,14.601
20875,11.899
20876,12.249
20877,13.731
20878,13.215
20879,12.411
20880,13.062
20881,13.665
20882,12.286
20883,12.709
20884,12.140
20887,14.447
20888,14.667
20889,12.935
20885,0.0
20890,14.891
20891,13.809
20892,15.078
20893,13.519
20894,33.496
20895,13.134
20896,12.758
20897,18.130
20900,44.924
20901,13.426
20898,0.0
20902,41.477
20903,24.330
20904,13.147
20905,15.069
20906,12.404
20907,14.413
20908,13.000
20909,12.981
20910,12.834
20911,26.645
20912,13.035
20913,11.891
20914,12.598
20915,61.546
20916,15.737
20917,17.140
20918,12.382
20919,12.184
20920,41.091
20921,14.263
20922,15.464
20923,16.296
20926,13.399
20927,13.382
20924,0.0
20930,12.439
20931,13.585
20932,12.121
20933,24.500
20928,0.0
20934,13.094
20935,11.808
20936,12.374
20939,15.176
20940,13.015
20937,0.0
20941,28.828
20942,14.256
20943,12.053
20944,12.749
20945,12.423
20946,13.123
20947,11.926
20948,12.948
20949,12.219
20950,16.232
20951,22.705
20952,15.658
20953,12.578
20954,27.016
20955,13.809
20956,14.302
20957,11.990
20960,13.896
20961,12.543
20962,12.796
20958,0.0
20963,13.725
20964,12.519
20965,12.264
20966,35.767
20969,15.178
20970,12.656
20967,0.0
20973,13.838
20974,16.782
20971,0.0
20975,12.984
20976,14.343
20977,14.231
20978,13.542
20979,12.420
20980,33.287
20981,12.692
20982,12.170
20983,13.289
20984,33.828
20985,15.403
20986,15.624
20987,13.217
20988,58.651
20989,24.546
20990,15.289
20991,13.193
20992,14.344
20993,31.969
20994,12.538
20995,12.678
20996,12.585
20997,57.301
20998,12.964
20999,12.510
21000,12.490
21001,39.109
21002,20.014
21003,13.810
21004,12.394
21005,12.507
21006,14.082
21007,12.280
21008,12.617
21009,12.382
21010,24.733
21011,13.084
21012,12.482
21013,42.726
21016,14.499
21017,17.854
21018,12.777
21019,23.926
21014,0.0
21020,28.021
21021,12.243
21022,12.885
21023,16.532
21024,12.802
21025,12.366
21026,12.405
21027,16.766
21028,12.148
21029,13.482
21030,12.486
21031,58.260
21032,15.028
21033,12.268
21034,13.426
21035,13.404
21036,37.938
21037,11.956
21038,12.472
21039,12.932
21040,178.554
21041,12.783
21042,12.127
21043,16.405
21044,64.509
21045,16.628
21046,12.406
21047,12.698
21048,13.463
21049,13.862
21050,13.901
21051,16.620
21052,18.149
21053,60.370
21054,13.822
21055,12.173
21056,12.600
21057,14.218
21058,16.698
21059,13.184
21060,12.640
21061,12.408
21062,25.062
21063,15.064
21064,12.908
21065,69.291
21066,13.646
21067,12.792
21068,13.091
21069,14.122
21070,30.022
21071,12.782
21072,12.662
21073,12.030
21074,12.270
21075,24.315
21076,31.256
21077,12.641
21078,12.259
21079,31.271
21080,33.221
21081,15.342
21082,12.422
21083,14.527
21084,12.294
21085,13.223
21086,27.590
21087,35.330
21088,20.713
21089,13.160
21090,15.554
21091,12.235
21092,28.782
21093,12.118
21094,12.428
21095,12.281
21096,14.525
21097,12.950
21098,16.789
21099,12.324
21100,54.173
21101,13.836
21102,12.942
21103,16.404
21104,13.384
21105,25.925
21106,14.756
21107,12.425
21108,12.568
21109,34.901
21110,121.767
21111,38.471
21112,24.865
21113,154.015
21114,32.429
21115,12.505
21116,12.645
21117,39.611
21118,41.448
21119,12.480
21120,13.116
21121,12.514
21122,30.776
21123,13.613
21124,12.841
21125,12.549
21126,13.151
21127,12.830
21128,12.544
21129,13.202
21130,27.016
21131,19.509
21132,12.557
21133,15.479
21134,12.575
21135,28.114
21136,12.680
21137,16.340
21138,12.606
21139,25.508
21140,18.681
21141,12.913
21142,12.166
21143,13.241
21144,13.386
21145,12.876
21146,13.826
21147,16.432
21148,13.906
21149,15.381
21150,17.001
21151,12.189
21152,35.799
21153,12.336
21154,13.013
21155,14.549
21156,12.887
21157,14.962
21158,13.424
21159,13.178
21160,12.731
21161,25.466
21162,12.161
21163,12.595
21164,15.102
21165,20.153
21166,14.961
21167,12.763
21168,12.917
21169,29.796
21170,41.325
21171,14.620
21172,13.827
21173,14.356
21174,19.909
21175,12.991
21176,36.429
21177,16.434
21178,28.461
21179,13.057
21180,12.719
21181,15.113
21182,24.429
21183,12.542
21184,12.129
21185,14.670
21186,12.271
21187,18.179
21188,12.567
21189,16.210
21190,13.046
21191,14.981
21192,12.756
21193,12.668
21194,12.645
21195,35.238
21196,13.292
21197,13.506
21198,15.226
21199,36.818
21200,14.787
21201,12.493
21202,12.831
21203,13.340
21204,12.640
21205,12.762
21206,14.974
21207,13.073
21208,33.918
21209,12.799
21210,12.576
21211,12.500
21212,29.184
21213,12.466
21214,15.250
21215,15.640
21216,12.530
21217,38.503
21218,12.454
21219,12.498
21220,12.298
21221,31.276
21222,34.614
21223,16.058
21224,12.686
21225,40.446
21226,17.344
21227,12.492
21228,13.974
21229,34.598
21230,14.339
21231,13.469
21232,33.887
21233,109.908
21234,16.335
21235,58.891
21236,23.000
21237,12.698
21238,12.426
21239,12.256
21240,13.116
21241,12.784
21242,12.420
21243,12.672
21244,12.530
21245,14.773
21246,13.015
21247,13.981
21248,12.612
21249,13.536
21250,11.938
21251,17.750
21252,13.107
21253,14.591
21254,12.684
21255,30.964
21256,12.578
21257,12.683
21258,16.103
21259,12.359
21260,28.618
21261,12.704
21262,12.655
21263,12.605
21264,15.222
21265,13.558
21266,12.859
21267,12.359
21268,14.943
21269,14.756
21270,12.477
21271,12.719
21272,12.368
21273,13.444
21274,12.517
21275,12.507
21276,13.006
21277,27.720
21278,16.107
21279,12.683
21280,11.972
21281,14.196
21282,12.342
21283,13.132
21284,12.057
21285,14.397
21286,14.867
21287,12.430
21288,12.746
21289,12.768
21290,51.256
21291,14.073
21292,12.762
21293,11.998
21294,14.217
21295,17.050
21296,12.367
21297,12.222
21298,12.818
21299,12.370
21300,11.935
21301,12.639
21302,14.580
21303,27.174
21304,12.382
21305,14.279
21306,15.691
21307,29.448
21308,13.300
21309,12.799
21310,13.072
21311,12.970
21312,12.571
21313,14.775
21314,13.176
21315,13.569
21316,13.032
21317,13.681
21318,12.641
21319,14.926
21320,32.084
21321,15.913
21322,15.744
21323,12.968
21324,12.811
21325,12.727
21326,14.111
21327,13.178
21328,35.685
21329,13.276
21330,12.816
21331,21.289
21332,12.879
21333,13.904
21334,14.601
21335,12.164
21336,16.827
21337,15.335
21338,13.156
21339,12.757
21340,12.940
21341,12.143
21342,12.588
21343,12.516
21344,12.534
21345,13.066
21346,13.185
21347,12.328
21348,13.113
21349,13.284
21350,15.007
21351,12.633
21352,12.858
21353,15.278
21354,15.442
21355,13.732
21356,15.995
21357,12.999
21358,13.373
21359,15.170
21360,13.425
21361,12.268
21362,14.273
21363,13.824
21364,13.991
21365,12.401
21366,13.206
21367,13.725
21368,12.623
21369,14.477
21370,13.928
21371,38.067
21372,16.388
21373,14.383
21374,12.450
21377,13.611
21378,12.338
21379,15.202
21375,0.0
21380,57.874
21381,12.784
21382,12.038
21383,13.238
21384,35.941
21385,35.708
21386,14.673
21387,17.721
21388,14.575
21389,22.794
21390,39.479
21391,13.062
21392,13.842
21393,16.691
21394,111.672
21395,12.362
21396,12.349
21399,12.311
21400,14.001
21397,0.0
21401,37.269
21402,27.706
21403,12.566
21404,14.404
21405,14.874
21406,14.248
21407,12.337
21408,12.146
21409,12.364
21410,13.956
21411,13.228
21412,12.849
21413,12.946
21414,39.370
21415,16.329
21416,12.891
21417,12.372
21418,14.238
21419,44.811
21420,12.007
21421,13.784
21422,14.572
21423,17.568
21424,14.495
21425,12.971
21426,12.391
21429,12.193
21430,14.821
21431,14.556
21432,13.118
21427,0.0
21433,12.706
21434,12.753
21435,12.693
21436,17.914
21437,11.998
21438,13.037
21439,14.512
21442,13.296
21443,12.647
21444,13.131
21445,14.894
21440,0.0
21446,12.380
21447,14.821
21448,12.878
21449,33.515
21450,12.434
21451,12.463
21452,13.411
21453,16.694
21454,12.399
21455,21.798
21456,14.976
21457,34.845
21458,14.381
21459,13.071
21460,12.511
21461,13.482
21464,12.116
21465,12.350
21462,0.0
21468,34.662
21469,13.057
21466,0.0
21470,31.790
21471,12.589
21472,27.926
21473,14.012
21474,12.295
21475,13.122
21476,13.049
21477,12.520
21478,13.036
21479,16.577
21480,12.347
21481,13.595
21482,13.026
21485,13.464
21486,12.751
21487,36.649
21483,0.0
21488,13.613
21489,13.675
21490,14.348
21491,12.534
21492,14.566
21493,13.684
21494,12.224
21495,13.650
21496,26.488
21497,14.347
21498,13.840
21499,13.739
21502,12.639
21503,12.485
21504,12.765
21505,13.240
21500,0.0
21506,44.661
21507,13.821
21508,13.006
21509,0.0
21513,36.783
21514,12.739
21515,12.899
21511,0.0
21516,13.577
21517,12.718
21518,13.528
21519,12.651
21522,36.481
21523,14.107
21524,15.024
21525,13.194
21520,0.0
21526,32.869
21527,12.894
21528,14.682
21529,12.725
21530,13.440
21531,26.606
21532,12.868
21533,14.954
21534,12.100
21535,33.879
21536,12.410
21537,12.554
21538,13.106
21539,18.482
21540,13.394
21541,14.207
21542,12.155
21543,40.217
21544,20.459
21545,12.122
21546,12.867
21547,12.251
21548,26.380
21549,13.132
21550,12.930
21551,17.661
21552,56.358
21553,16.344
21554,12.130
21555,12.675
21556,32.960
21557,45.408
21558,16.313
21559,12.917
21560,12.623
21561,23.480
21562,12.710
21563,18.678
21564,13.554
21565,34.859
21566,17.968
21567,22.082
21568,12.499
21569,28.698
21570,17.305
21571,12.810
21572,14.024
21573,37.915
21574,25.686
21575,13.452
21576,12.506
21577,13.028
21578,34.619
21579,12.148
21580,12.378
21581,14.329
21582,31.326
21583,21.580
21584,13.566
21585,32.367
21586,34.169
21587,19.867
21588,12.933
21589,16.853
21590,12.750
21591,31.272
21592,13.747
21593,12.180
21594,13.231
21595,35.293
21596,39.622
21597,12.681
21598,12.719
21599,15.236
21600,22.461
21601,13.920
21602,12.300
21603,13.617
21604,26.277
21605,12.726
21606,12.142
21607,12.602
21608,33.770
21609,14.231
21610,15.278
21611,12.741
21612,13.500
21613,12.843
21614,12.326
21615,13.396
21616,16.392
21617,22.243
21618,12.861
21619,14.588
21620,12.310
21621,29.545
21622,13.843
21623,12.582
21624,12.653
21625,38.625
21626,13.636
21627,12.452
21628,12.353
21629,34.521
21630,12.973
21631,12.620
21632,12.659
21633,48.119
21634,27.758
21635,13.095
21636,12.320
21637,14.195
21638,41.895
21639,12.163
21640,14.644
21643,16.932
21644,12.477
21645,13.677
21646,12.686
21641,0.0
21647,13.515
21648,13.054
21649,22.256
21650,18.330
21651,36.740
21652,12.054
21653,12.327
21654,13.154
21655,33.302
21656,16.338
21657,32.009
21658,12.016
21659,13.246
21660,15.201
21661,14.997
21662,13.086
21663,12.589
21664,13.933
21665,14.003
21666,12.805
21667,12.380
21668,26.429
21669,12.086
21670,12.722
21671,12.158
21672,34.822
21673,23.157
21674,17.192
21675,39.864
21676,14.187
21677,31.801
21678,12.172
21679,12.861
21680,14.149
21681,38.355
21682,13.127
21683,15.244
21684,12.274
21685,12.887
21686,18.987
21687,12.378
21688,14.109
21689,13.253
21690,14.095
21691,16.238
21692,12.453
21693,14.135
21694,66.675
21695,38.808
21696,12.530
21697,12.448
21698,29.303
21699,18.627
21700,13.682
21701,12.936
21702,13.026
21703,13.815
21704,13.233
21705,17.384
21706,12.698
21707,30.005
21708,12.322
21709,12.267
21710,13.119
21711,27.822
21712,46.247
21713,48.826
21714,90.689
21715,64.195
21716,55.108
21717,42.967
21718,12.798
21719,12.203
21720,16.075
21721,17.959
21722,14.560
21723,14.334
21724,33.863
21725,19.170
21726,13.049
21727,12.325
21728,64.575
21729,26.486
21730,13.073
21731,12.543
21732,27.091
21733,25.774
21734,14.174
21735,13.433
21736,12.303
21737,14.039
21738,19.844
21739,12.186
21740,21.322
21741,13.689
21742,14.928
21743,12.730
21744,13.216
21745,40.709
21746,21.708
21747,13.180
21748,15.294
21749,14.425
21750,32.319
21751,17.752
21752,12.426
21753,12.123
21754,13.210
21755,14.280
21756,12.760
21757,12.422
21758,35.884
21759,49.010
21760,12.252
21761,13.607
21762,12.582
21763,14.983
21764,13.099
21765,17.866
21766,13.575
21767,46.379
21768,14.445
21769,12.275
21770,12.352
21771,37.234
21772,17.033
21773,20.131
21774,12.750
21775,12.522
21776,13.263
21777,12.643
21778,12.579
21779,12.794
21780,27.224
21781,13.368
21782,11.997
21783,12.493
21784,31.302
21785,14.157
21786,12.032
21787,16.466
21788,12.265
21789,42.142
21790,12.307
21791,14.825
21792,12.039
21793,33.959
21794,14.324
21795,12.868
21796,13.239
21797,12.527
21798,12.064
21799,43.666
21800,12.747
21801,12.277
21802,13.048
21803,11.974
21804,24.519
21805,14.255
21806,14.750
21807,12.671
21808,30.936
21809,14.028
21810,13.575
21811,12.475
21812,14.837
21813,14.380
21814,12.475
21815,12.250
21816,12.468
21817,14.658
21818,12.595
21819,43.812
21820,12.394
21821,29.314
21822,12.454
21823,12.855
21824,12.432
21825,26.675
21826,12.479
21827,12.218
21828,11.887
21829,39.090
21830,18.214
21831,12.941
21832,13.492
21833,12.459
21834,29.073
21835,12.564
21836,13.439
21837,13.673
21838,41.436
21839,12.391
21840,12.803
21841,12.932
21844,48.050
21845,12.506
21846,12.008
21842,0.0
21847,14.897
21848,12.419
21849,12.731
21850,12.113
21851,36.142
21852,15.299
21853,12.272
21854,12.473
21855,31.171
21856,11.989
21857,13.690
21858,12.978
21859,37.226
21860,13.421
21861,13.386
21862,15.451
21863,61.647
21864,31.115
21865,12.563
21866,12.870
21867,13.268
21868,13.283
21869,14.017
21870,11.694
21871,12.262
21872,35.280
21873,23.448
21874,12.663
21875,12.706
21876,12.342
21877,27.189
21878,16.007
21879,13.127
21880,12.455
21881,35.107
21882,13.146
21883,15.533
21884,12.413
21885,14.823
21886,16.509
21887,12.611
21888,11.998
21889,13.312
21890,24.598
21891,13.437
21892,12.963
21893,17.296
21894,34.265
21895,14.064
21896,13.309
21897,12.400
21898,15.770
21899,13.440
21900,12.247
21901,12.485
21902,12.638
21903,13.890
21904,12.124
21905,12.202
21906,12.196
21907,29.808
21908,13.933
21909,12.091
21910,14.658
21911,52.171
21912,12.476
21913,15.809
21914,13.524
21915,13.963
21916,24.852
21917,15.632
21918,12.903
21919,12.894
21920,13.493
21921,14.962
21922,13.181
21923,12.236
21924,65.855
21925,14.396
21926,12.577
21927,12.388
21928,30.845
21929,20.479
21930,12.854
21931,12.274
21932,12.917
21933,24.801
21934,14.374
21935,12.195
21936,13.609
21937,19.334
21938,12.660
21939,13.608
21940,12.264
21941,30.113
21942,14.606
21943,14.137
21944,29.329
21945,13.291
21946,20.611
21947,14.448
21948,36.026
21949,14.932
21950,29.627
21951,14.294
21952,19.891
21953,18.948
21954,16.889
21955,15.347
21956,12.563
21957,12.208
21958,13.122
21959,13.769
21960,38.696
21961,12.310
21962,13.905
21963,13.793
21964,13.841
21965,12.032
21966,14.306
21967,14.164
21968,12.767
21969,14.223
21970,14.914
21971,36.041
21972,36.035
21973,13.390
21974,12.379
21975,41.833
21976,24.657
21977,13.226
21978,12.592
21979,13.942
21980,36.174
21981,28.039
21982,12.336
21983,12.471
21984,39.924
21985,30.402
21986,13.706
21987,12.964
21988,12.741
21989,24.393
21990,21.245
21991,39.403
21992,13.104
21993,30.957
21994,16.116
21995,12.580
21996,12.768
21997,15.154
21998,13.381
21999,12.099
22000,12.584
22001,38.245
22002,13.225
22003,12.669
22004,13.271
22005,13.711
22006,28.920
22007,13.357
22008,12.446
22009,12.783
22010,24.851
22011,14.661
22012,14.881
22013,13.309
22014,32.622
22015,16.275
22016,12.801
22017,14.237
22018,12.704
22019,26.697
22020,12.584
22021,12.968
22022,14.847
22023,32.608
22024,11.650
22025,13.413
22026,13.097
22027,30.794
22028,18.038
22029,23.953
22030,13.033
22031,12.336
22032,12.969
22033,12.772
22034,18.941
22035,12.135
22036,31.166
22037,12.477
22038,15.933
22039,27.214
22040,13.819
22041,12.517
22042,12.225
22043,12.559
22044,69.011
22045,14.646
22046,13.746
22047,13.044
22048,13.179
22049,28.830
22050,14.725
22051,12.906
22052,13.806
22053,14.021
22054,13.724
22055,12.485
22056,19.002
22057,13.259
22058,16.714
22059,12.360
22060,17.947
22061,12.162
22062,14.384
22063,12.464
22064,12.778
22065,12.104
22066,33.785
22067,12.245
22068,12.868
22069,13.272
22070,13.250
22071,41.578
22072,15.856
22073,12.315
22074,13.738
22075,22.065
22076,12.332
22077,14.059
22078,12.589
22079,32.933
22080,12.882
22081,12.595
22082,13.479
22083,26.739
22084,45.433
22085,14.564
22086,13.765
22087,41.664
22088,50.739
22089,13.014
22090,12.274
22091,13.976
22092,57.095
22093,12.360
22094,12.673
22095,14.079
22096,30.277
22097,36.356
22098,14.300
22099,19.421
22100,42.099
22101,16.833
22102,12.920
22103,15.361
22104,14.869
22105,26.524
22106,15.452
22107,12.091
22108,12.802
22109,32.909
22110,12.794
22111,16.818
22112,11.897
22113,38.233
22114,14.681
22115,12.031
22116,12.161
22117,12.083
22118,41.209
22119,11.953
22120,11.910
22121,13.822
22122,14.838
22123,35.896
22124,12.650
22125,14.594
22126,35.026
22127,12.757
22128,12.209
22129,14.796
22130,37.372
22131,16.307
22132,12.740
22133,13.064
22134,12.506
22135,14.144
22136,13.248
22137,12.738
22138,12.266
22139,49.108
22140,13.607
22141,13.966
22142,14.376
22143,33.368
22144,16.455
22145,12.961
22146,12.237
22147,12.541
22148,26.226
22149,12.784
22150,13.001
22151,12.461
22152,13.545
22153,13.778
22154,17.853
22155,12.518
22156,43.212
22157,15.360
22158,12.106
22159,12.791
22160,12.259
22161,47.332
22162,12.587
22163,12.929
22164,12.064
22167,15.389
22168,13.114
22165,0.0
22169,28.090
22170,13.199
22171,12.905
22172,12.030
22173,12.463
22174,19.573
22175,12.626
22176,12.531
22177,13.398
22178,41.225
22179,12.693
22180,11.712
22181,12.724
22182,13.223
22183,12.507
22184,12.277
22185,14.751
22186,37.905
22187,17.218
22188,12.225
22189,12.953
22190,16.764
22191,27.849
22192,12.554
22193,16.612
22194,92.390
22195,35.730
22196,16.774
22197,15.300
22198,12.081
22199,35.123
22200,22.816
22201,12.776
22202,12.601
22203,13.436
22204,26.064
22205,12.148
22206,12.382
22207,12.503
22208,35.731
22209,12.555
22210,12.122
22211,11.816
22214,12.586
22215,31.615
22212,0.0
22216,12.479
22217,13.161
22218,12.282
22219,12.161
22220,44.098
22221,28.363
22222,12.433
22223,14.368
22224,12.099
22225,15.661
22226,12.979
22227,12.159
22228,12.663
22229,58.384
22230,23.273
22231,14.378
22232,12.714
22233,12.825
22234,27.670
22235,12.382
22236,12.994
22237,13.238
22238,97.568
22239,14.120
22240,14.920
22241,12.994
22242,33.262
22243,40.520
22244,12.480
22245,12.221
22246,12.193
22247,13.363
22248,12.524
22249,12.899
22250,12.771
22253,42.986
22254,12.532
22255,29.119
22256,13.450
22251,0.0
22257,14.137
22258,24.286
22259,12.219
22260,40.037
22261,12.344
22262,12.587
22263,12.104
22264,17.089
22265,12.089
22266,12.363
22267,12.101
22268,12.837
22269,21.859
22270,300.530
22271,140.938
22272,17.644
22273,150.314
22274,41.724
22275,107.453
22276,12.591
22281,75.074
22282,35.303
22283,59.444
22277,0.0
22279,0.0
22284,120.634
22285,114.007
22286,245.036
22287,141.770
22288,141.115
22289,14.900
22290,25.448
22291,12.491
22292,12.590
22293,21.454
22294,28.265
22295,12.221
22296,12.468
22297,109.501
22298,17.412
22299,13.342
22300,54.761
22301,12.944
22302,93.796
22303,14.681
22304,19.607
22305,13.250
22306,44.519
22307,14.324
22308,13.689
22309,14.178
22310,14.126
22311,26.840
22312,38.155
22313,39.155
22314,23.031
22315,60.762
22316,75.057
22319,86.119
22320,27.593
22321,12.528
22317,0.0
22322,12.363
22323,57.787
22324,310.767
22325,177.287
22326,15.221
22327,162.097
22328,168.649
22329,31.455
22330,12.663
22331,12.682
22332,12.286
22333,15.868
22334,14.018
22335,12.755
22336,12.431
22337,15.393
22338,12.773
22339,11.966
22340,12.353
22341,13.270
22342,19.906
22343,12.590
22344,12.738
22345,37.705
22346,23.097
22347,12.818
22348,15.741
22349,12.512
22350,34.893
22351,12.668
22352,13.297
22353,12.244
22354,21.150
22355,77.329
22356,13.658
22357,12.391
22358,237.712
22359,204.194
22360,68.324
22361,15.982
22362,12.907
22363,13.997
22364,13.513
22365,15.433
22366,15.502
22367,13.566
22368,12.716
22369,12.050
22370,12.496
22371,16.332
22372,13.565
22373,12.534
22374,12.364
22375,12.542
22376,23.366
22377,14.106
22378,94.518
22379,14.661
22380,34.503
22381,120.464
22382,16.729
22383,12.806
22384,13.213
22385,13.127
22386,12.648
22387,12.476
22388,12.640
22389,14.116
22390,13.789
22391,12.769
22392,12.533
22395,13.204
22396,13.981
22397,15.734
22393,0.0
22398,12.749
22399,15.551
22400,12.591
22401,13.933
22402,13.514
22403,12.901
22404,12.807
22405,16.445
22406,14.376
22407,12.305
22408,12.249
22409,22.909
22410,25.534
22411,12.175
22412,12.414
22413,12.681
22414,13.034
22415,17.730
22416,15.947
22417,15.985
22418,14.740
22419,14.268
22420,13.639
22421,12.104
22422,13.819
22423,64.310
22424,12.662
22425,12.550
22426,14.266
22427,14.147
22428,12.438
22429,13.101
22430,11.982
22431,12.418
22432,23.607
22433,16.140
22434,15.231
22435,12.997
22436,13.903
22437,12.333
22438,12.675
22439,14.469
22440,28.563
22441,13.733
22442,12.196
22443,12.342
22444,12.599
22445,20.276
22446,35.053
22447,14.691
22448,12.521
22449,25.837
22450,14.418
22451,15.368
22452,13.894
22453,13.362
22454,12.674
22455,11.768
22456,12.558
22457,13.236
22458,17.800
22459,11.933
22460,11.894
22461,42.268
22462,12.721
22463,12.547
22464,12.126
22465,12.664
22466,62.274
22467,14.821
22468,12.144
22469,12.560
22470,28.093
22471,13.457
22472,12.206
22473,12.423
22474,13.294
22475,23.437
22476,12.490
22477,13.083
22478,12.874
22479,15.502
22480,12.465
22481,12.299
22482,12.796
22483,13.901
22484,15.922
22485,12.549
22486,13.804
22487,13.573
22488,44.051
22489,29.032
22490,12.519
22491,12.777
22492,13.888
22493,12.233
22494,12.608
22495,12.090
22496,24.631
22497,13.448
22498,12.788
22499,12.930
22500,232.572
22501,284.210
22502,21.478
22503,72.704
22504,12.955
22505,93.348
22506,66.619
22507,201.674
22508,106.242
22509,56.932
22510,12.397
22511,90.617
22512,65.450
22513,56.695
22514,20.303
22515,15.403
22516,12.342
22517,67.240
22518,133.867
22519,18.881
22520,330.105
22521,259.701
22522,74.932
22523,13.815
22524,99.527
22525,60.477
22526,28.313
22527,64.884
22528,12.372
22529,12.060
22530,36.120
22531,42.356
22532,13.034
22533,14.082
22534,13.387
22535,34.618
22536,16.601
22537,12.592
22538,12.763
22539,12.997
22540,13.774
22541,12.831
22542,12.590
22543,13.159
22544,13.203
22545,16.030
22546,12.283
22547,45.115
22548,13.207
22549,12.445
22550,13.331
22551,12.972
22552,15.144
22553,19.462
22554,12.981
22555,13.081
22556,32.000
22557,13.002
22558,11.842
22559,11.934
22560,17.472
22561,59.958
22562,22.764
22563,12.653
22564,12.469
22565,35.155
22566,13.046
22567,12.643
22568,12.571
22569,13.651
22570,14.802
22571,13.047
22572,12.479
22573,12.622
22574,14.068
22575,13.879
22576,12.639
22577,13.474
22578,29.768
22579,13.167
22580,13.219
22581,13.295
22582,17.054
22583,13.070
22584,13.030
22585,13.683
22586,13.726
22587,15.747
22588,13.307
22589,14.393
22590,12.563
22591,26.128
22592,12.916
22593,13.315
22594,86.967
22595,12.984
22596,12.454
22597,12.478
22598,12.398
22599,13.388
22600,13.047
22601,13.656
22602,14.299
22603,13.492
22604,15.637
22605,15.030
22606,12.799
22607,12.703
22608,31.494
22609,14.334
22610,20.261
22611,12.877
22612,14.563
22613,13.310
22614,12.694
22615,12.325
22616,12.262
22617,14.737
22618,149.274
22619,73.765
22620,46.929
22621,96.558
22622,42.471
22623,103.301
22624,12.240
22625,25.984
22626,35.102
22627,17.187
22628,12.466
22629,137.846
22630,14.014
22631,12.262
22632,27.736
22633,135.732
22634,19.759
22635,15.376
22636,13.547
22637,13.467
22638,40.162
22639,13.760
22640,13.020
22641,12.930
22642,13.662
22643,13.207
22644,14.337
22645,39.184
22646,12.076
22647,24.738
22648,18.364
22649,16.982
22650,12.053
22651,14.293
22652,14.840
22653,12.679
22654,13.919
22655,29.058
22656,12.257
22657,12.299
22658,15.400
22659,12.464
22660,14.168
22661,12.246
22662,12.284
22663,12.670
22664,13.074
22665,12.476
22666,12.436
22667,13.149
22668,13.493
22669,12.426
22670,13.003
22671,14.038
22672,14.756
22673,21.089
22674,14.265
22675,14.361
22676,12.908
22677,41.271
22678,12.881
22679,12.315
22680,12.810
22681,36.795
22682,12.116
22683,12.357
22684,12.334
22685,37.096
22686,14.901
22687,13.302
22688,13.060
22689,14.520
22690,22.600
22691,12.185
22692,11.813
22693,12.318
22694,33.554
22695,12.433
22696,13.840
22697,20.926
22698,42.605
22699,14.727
22700,12.626
22701,14.724
22702,13.724
22703,13.857
22704,13.006
22705,13.644
22706,13.537
22707,29.612
22708,12.222
22709,34.051
22710,13.263
22711,32.347
22712,12.617
22713,14.149
22714,33.503
22715,36.228
22716,18.947
22717,14.139
22718,12.569
22719,16.619
22720,56.465
22721,13.111
22722,13.987
22723,15.209
22724,36.848
22725,15.127
22726,12.082
22727,17.847
22730,12.242
22731,12.672
22732,12.388
22728,0.0
22733,13.781
22734,16.962
22735,24.299
22736,12.303
22737,36.775
22738,42.629
22739,13.213
22740,13.829
22741,37.975
22742,14.939
22743,12.238
22744,13.735
22745,62.212
22746,21.638
22747,12.620
22748,12.946
22749,12.997
22750,63.806
22751,13.074
22752,12.272
22753,15.698
22754,26.972
22755,26.686
22756,25.600
22757,14.730
22758,41.305
22759,15.837
22760,12.296
22761,12.162
22762,12.715
22763,18.312
22764,11.957
22765,12.198
22766,12.221
22767,17.013
22768,12.834
22769,12.478
22770,13.396
22771,32.141
22772,13.105
22773,12.784
22774,14.423
22775,11.913
22776,28.971
22777,15.692
22778,14.788
22779,12.161
22780,36.632
22781,12.572
22782,14.142
22783,12.968
22784,35.562
22785,14.038
22786,12.865
22787,12.140
22788,12.800
22789,13.237
22790,13.452
22791,46.634
22792,13.164
22795,12.766
22796,12.392
22797,28.139
22793,0.0
22798,13.264
22799,12.421
22800,12.671
22803,13.138
22804,12.465
22801,0.0
22805,11.913
22806,27.639
22807,13.633
22808,12.994
22809,13.346
22812,12.985
22813,14.366
22810,0.0
22816,12.475
22817,13.857
22814,0.0
22818,12.184
22819,14.266
22820,12.615
22821,18.360
22822,15.019
22823,15.566
22824,13.911
22825,14.152
22826,13.413
22827,39.151
22828,13.021
22829,19.891
22830,12.341
22831,12.052
22832,27.095
22833,12.748
22834,12.289
22835,12.258
22838,12.471
22839,12.521
22836,0.0
22842,13.834
22843,12.125
22844,13.457
22840,0.0
22845,14.415
22846,12.424
22847,12.244
22848,13.175
22849,33.066
22850,43.272
22851,11.899
22852,12.485
22855,12.299
22856,12.343
22853,0.0
22859,12.731
22860,19.454
22861,12.691
22857,0.0
22862,13.819
22863,14.458
22864,13.428
22867,14.113
22868,13.399
22865,0.0
22869,14.060
22872,12.370
22873,12.492
22874,12.747
22875,14.184
22876,13.722
22870,0.0
22877,19.108
22878,14.283
22879,15.377
22880,13.303
22881,12.757
22882,12.126
22883,12.912
22884,13.815
22885,11.989
22886,12.427
22887,12.806
22888,12.874
22889,12.331
22890,12.585
22891,12.786
22892,15.149
22893,12.970
22894,12.529
22898,14.118
22899,13.812
22895,0.0
22896,0.0
22900,15.377
22901,18.420
22902,12.136
22903,12.633
22904,12.599
22905,13.508
22906,12.327
22907,12.320
22908,18.711
22911,12.342
22912,12.596
22909,0.0
22915,12.862
22916,12.377
22913,0.0
22917,12.081
22918,33.449
22919,64.250
22920,24.789
22921,88.369
22922,55.118
22923,17.253
22924,82.070
22925,16.307
22926,106.453
22927,34.466
22928,13.211
22929,27.359
22930,12.510
22931,13.950
22932,43.219
22933,13.955
22934,13.101
22935,29.542
22936,14.018
22937,11.845
22938,12.412
22939,15.482
22940,11.990
22941,12.311
22942,15.754
22943,52.369
22944,17.242
22945,12.490
22946,15.460
22947,12.600
22948,13.377
22949,13.024
22950,12.451
22951,12.201
22952,14.349
22953,13.426
22954,13.691
22955,21.262
22956,15.091
22957,12.968
22958,12.062
22959,12.442
22960,12.907
22961,53.415
22962,12.163
22963,12.721
22964,13.180
22965,37.608
22966,12.270
22967,12.479
22968,12.308
22969,43.529
22970,12.513
22971,13.881
22972,13.014
22973,12.253
22974,13.244
22975,12.153
22976,13.137
22977,12.397
22978,14.444
22979,13.290
22980,62.836
22981,12.654
22982,33.357
22983,12.468
22984,12.554
22985,13.016
22986,35.160
22987,14.245
22988,12.587
22989,15.455
22990,12.790
22991,13.210
22992,11.975
22993,12.019
22994,16.011
22995,36.688
22996,14.912
22997,69.444
22998,76.724
22999,16.879
23000,15.733
23001,15.485
23002,12.622
23003,12.221
23004,27.844
23005,12.610
23006,13.290
23007,12.862
23008,15.108
23009,304.122
23010,18.552
23011,13.115
23012,14.201
23013,20.812
23014,14.569
23015,12.099
23016,14.901
23017,14.319
23018,12.650
23019,12.687
23020,12.277
23021,32.858
23022,16.301
23023,13.700
23024,15.071
23025,12.611
23026,23.876
23027,57.520
23028,12.317
23029,48.520
23030,41.477
23031,12.777
23032,12.968
23033,21.333
23034,32.223
23035,12.600
23036,12.392
23037,15.140
23038,41.006
23039,22.560
23040,13.290
23041,13.339
23042,12.442
23043,29.862
23044,12.083
23045,12.412
23046,72.087
23047,48.233
23048,36.946
23049,12.238
23050,104.035
23051,34.102
23052,18.778
23053,12.847
23054,12.114
23055,13.051
23056,30.208
23057,13.534
23058,14.190
23059,51.128
23060,13.691
23061,12.749
23062,14.988
23063,12.759
23064,36.840
23065,17.349
23066,12.580
23067,14.251
23068,13.704
23069,23.616
23070,16.687
23071,12.253
23072,12.243
23073,14.394
23074,12.783
23075,12.095
23076,12.467
23077,31.946
23078,13.780
23079,13.137
23080,12.599
23081,12.180
23082,26.949
23083,12.470
23084,12.367
23085,13.316
23086,33.796
23087,12.706
23088,12.823
23089,12.649
23092,12.446
23093,13.703
23094,15.114
23095,26.355
23090,0.0
23096,12.740
23097,12.282
23098,12.444
23099,14.773
23100,12.154
23101,13.705
23102,12.442
23103,13.449
23104,12.021
23105,14.235
23106,12.616
23107,13.866
23108,14.205
23109,12.784
23110,13.467
23111,12.306
23112,14.223
23113,12.562
23114,11.913
23115,16.771
23118,12.910
23119,14.724
23116,0.0
23120,58.858
23121,15.488
23122,17.178
23123,13.579
23124,13.936
23125,21.015
23126,12.508
23127,12.031
23128,12.298
23129,12.543
23130,12.368
23131,12.780
23132,12.388
23133,12.630
23134,13.160
23135,13.783
23136,14.306
23137,12.473
23138,22.546
23139,12.297
23140,12.860
23141,12.599
23142,28.062
23143,13.488
23144,12.818
23145,12.358
23146,12.775
23147,12.553
23148,12.503
23149,12.598
23150,39.578
23151,15.393
23152,13.123
23153,12.368
23154,12.189
23155,14.586
23156,12.074
23157,12.838
23158,12.691
23159,37.899
23160,23.181
23161,18.312
23162,12.297
23163,29.716
23164,13.121
23165,12.219
23166,13.003
23167,12.190
23168,16.000
23169,13.611
23170,13.143
23171,13.335
23172,22.051
23173,12.760
23174,12.464
23175,14.959
23176,28.134
23177,54.281
23178,12.255
23179,12.667
23180,12.073
23181,14.795
23182,15.165
23183,12.363
23184,12.207
23185,14.566
23186,11.896
23187,12.661
23188,13.527
23191,12.347
23192,12.395
23189,0.0
23195,12.307
23196,11.920
23197,11.935
23198,14.154
23193,0.0
23199,17.447
23200,12.505
23201,12.594
23202,34.188
23203,12.756
23204,13.934
23205,109.905
23208,13.751
23209,12.797
23210,44.698
23211,22.586
23206,0.0
23212,13.169
23213,14.532
23214,12.629
23215,30.320
23216,12.246
23217,12.817
23218,12.362
23219,14.284
23220,13.670
23221,12.468
23222,12.495
23223,13.165
23224,19.815
23225,13.029
23226,12.771
23227,12.318
23228,15.593
23229,13.793
23230,12.356
23231,12.070
23232,13.335
23233,14.792
23234,12.914
23235,12.871
23236,13.913
23237,15.091
23238,12.178
23239,12.774
23240,13.147
23241,28.564
23242,12.521
23243,12.802
23244,13.072
23245,33.391
23246,12.433
23247,12.243
23248,12.450
23249,15.874
23250,12.520
23251,12.834
23252,12.674
23253,14.210
23254,15.327
23255,14.249
23256,12.387
23257,12.720
23260,12.321
23261,13.430
23258,0.0
23262,29.058
23263,14.324
23264,14.043
23265,12.414
23266,12.631
23267,12.701
23268,12.584
23269,12.093
23270,12.570
23271,16.375
23272,14.298
23273,12.724
23274,21.659
23275,38.977
23276,12.030
23277,12.662
23278,14.690
23281,20.328
23282,12.487
23279,0.0
23283,12.419
23284,12.386
23285,12.400
23286,13.294
23287,12.287
23288,34.400
23289,14.698
23290,13.922
23291,13.764
23292,28.423
23293,14.259
23294,15.509
23295,14.387
23296,14.385
23297,15.112
23298,12.312
23299,12.545
23300,12.642
23301,39.558
23302,12.713
23303,12.434
23304,16.159
23307,12.722
23308,13.222
23309,67.534
23310,17.054
23311,12.382
23305,0.0
23312,13.612
23313,12.502
23314,58.262
23315,11.875
23316,12.784
23317,15.182
23318,16.821
23319,15.098
23320,12.502
23321,12.684
23324,12.759
23325,12.733
23326,12.895
23322,0.0
23329,14.134
23330,12.814
23331,39.320
23327,0.0
23334,12.646
23332,0.0
23337,13.738
23338,12.904
23339,12.226
23335,0.0
23340,13.369
23341,12.847
23342,15.683
23343,12.135
23344,17.482
23345,12.498
23346,13.502
23347,14.283
23350,12.741
23351,13.585
23352,36.384
23353,14.132
23348,0.0
23354,12.620
23355,12.481
23356,12.139
23357,14.759
23358,12.177
23359,12.613
23360,12.541
23361,13.068
23362,12.564
23363,16.791
23364,18.492
23365,56.286
23366,20.477
23367,41.030
23368,12.100
23369,115.233
23370,64.736
23371,15.646
23374,17.236
23375,58.887
23376,55.955
23377,365.740
23372,0.0
23378,70.456
23379,44.707
23380,26.286
23381,71.902
23382,124.171
23383,29.861
23384,50.456
23385,90.227
23388,165.842
23389,59.243
23386,0.0
23390,12.778
23391,99.984
23392,16.667
23393,25.981
23394,17.627
23395,13.664
23396,12.950
23397,57.798
23398,12.547
23399,13.966
23400,16.278
23401,15.763
23402,54.105
23403,12.816
23404,13.044
23405,12.253
23406,12.516
23407,12.946
23408,12.556
23409,13.703
23410,12.300
23411,26.562
23412,12.353
23413,17.935
23414,12.400
23415,12.925
23416,12.534
23419,12.260
23420,12.562
23417,0.0
23423,14.094
23424,16.337
23421,0.0
23425,12.914
23428,13.051
23429,17.070
23426,0.0
23430,19.759
23431,17.332
23432,12.595
23433,12.144
23434,15.267
23435,12.099
23436,12.908
23437,14.402
23438,12.333
23439,24.100
23440,12.926
23441,23.955
23442,16.388
23443,29.087
23444,12.338
23445,26.090
23446,12.562
23447,52.669
23448,12.149
23449,14.432
23450,12.410
23453,12.758
23454,12.764
23455,13.295
23456,13.617
23451,0.0
23457,14.845
23458,14.349
23459,12.608
23460,14.665
23461,12.053
23462,12.976
23463,21.952
23464,14.952
23465,15.630
23466,13.672
23467,12.104
23468,12.949
23469,13.518
23470,13.188
23471,13.271
23472,13.136
23473,33.511
23474,13.030
23475,12.409
23476,12.458
23479,14.952
23480,16.214
23477,0.0
23481,12.554
23482,15.964
23483,12.208
23484,12.659
23485,12.554
23486,29.640
23487,12.536
23488,12.538
23489,12.432
23490,14.472
23491,13.022
23492,13.481
23493,15.180
23496,12.847
23497,12.623
23498,12.868
23499,14.286
23494,0.0
23500,12.280
23501,13.692
23502,12.593
23503,13.856
23504,16.737
23505,12.398
23506,13.495
23507,35.298
23508,14.033
23509,13.284
23510,13.560
23511,13.394
23512,14.466
23513,16.098
23514,18.325
23515,12.856
23518,13.527
23519,41.661
23516,0.0
23522,65.197
23523,29.398
23524,65.399
23520,0.0
23527,13.204
23528,12.600
23525,0.0
23531,16.947
23532,12.217
23529,0.0
23535,12.758
23536,42.540
23537,37.114
23538,13.072
23533,0.0
23539,12.938
23540,14.057
23541,14.703
23542,14.357
23543,12.505
23544,13.523
23545,13.483
23548,13.232
23549,13.123
23546,0.0
23552,12.865
23553,13.643
23554,14.137
23555,26.271
23550,0.0
23556,12.230
23557,13.629
23558,54.203
23559,15.260
23560,13.115
23561,12.621
23562,12.399
23563,31.373
23564,13.707
23565,12.539
23566,12.952
23567,12.309
23568,14.096
23569,12.755
23570,13.909
23571,12.650
23572,14.752
23573,15.995
23574,12.319
23575,12.064
23576,28.678
23577,12.355
23578,14.075
23579,14.410
23580,12.915
23581,16.421
23582,12.750
23583,12.087
23584,12.529
23585,14.047
23586,12.421
23587,13.455
23588,12.320
23589,13.756
23590,13.300
23591,13.613
23592,12.312
23593,35.505
23594,16.651
23595,12.224
23596,12.097
23597,12.418
23598,15.116
23599,12.546
23600,12.695
23601,12.576
23602,13.733
23603,35.888
23604,12.753
23605,13.094
23606,34.523
23607,12.809
23608,12.438
23609,12.024
23610,12.374
23611,16.781
23612,13.980
23613,14.308
23614,13.324
23615,15.062
23616,15.739
23617,12.169
23618,13.117
23619,12.899
23620,15.705
23621,14.622
23622,14.008
23623,12.733
23624,12.459
23625,12.962
23626,12.978
23627,62.869
23628,16.021
23629,14.551
23630,12.575
23631,12.371
23632,16.437
23633,15.795
23634,12.607
23635,12.573
23636,13.198
23637,14.330
23638,12.332
23639,12.605
23640,15.576
23641,13.334
23642,12.650
23643,13.052
23644,15.060
23645,14.680
23646,12.558
23647,12.455
23648,12.145
23649,29.689
23650,20.014
23651,12.420
23652,12.679
23653,13.006
23654,13.390
23655,12.965
23656,12.892
23657,12.435
23658,31.531
23659,12.416
23660,13.025
23661,13.543
23662,28.090
23663,13.990
23664,12.731
23665,14.078
23666,14.656
23667,16.044
23668,12.606
23669,16.015
23670,12.307
23671,28.670
23672,12.556
23673,12.655
23674,12.199
23675,26.198
23676,12.524
23677,12.402
23678,16.243
23679,13.595
23680,13.593
23681,12.489
23682,12.103
23683,14.339
23684,15.445
23685,13.248
23686,12.855
23687,13.877
23688,13.607
23689,13.347
23690,13.171
23691,12.574
23692,12.444
23693,13.939
23694,12.800
23695,12.979
23696,13.131
23697,13.451
23698,13.924
23699,12.620
23700,14.244
23701,15.203
23702,13.194
23703,12.542
23704,12.991
23705,12.388
23706,13.443
23707,12.271
23708,12.918
23709,12.658
23710,14.795
23711,12.581
23712,14.998
23713,12.975
23714,13.781
23715,18.075
23716,12.907
23717,17.023
23718,15.320
23719,12.552
23720,12.854
23721,12.240
23722,12.846
23723,13.159
23724,12.267
23725,12.910
23726,12.886
23727,40.824
23728,13.078
23729,13.033
23730,13.396
23731,13.259
23732,13.503
23733,14.434
23734,14.931
23735,15.473
23736,12.711
23737,12.490
23738,12.785
23739,12.337
23740,13.026
23741,11.952
23742,12.945
23743,12.912
23744,13.547
23745,13.546
23746,15.023
23747,16.811
23748,12.544
23749,16.893
23750,12.561
23751,14.153
23752,39.155
23753,14.166
23754,11.917
23755,14.367
23756,12.122
23757,14.009
23758,12.928
23759,17.450
23760,13.685
23761,12.977
23762,13.641
23763,13.680
23764,15.567
23765,14.356
23766,14.472
23767,12.627
23768,12.449
23769,15.013
23770,14.301
23771,11.776
23772,33.447
23773,12.183
23774,14.875
23775,11.716
23776,13.476
23777,12.171
23778,13.316
23779,13.693
23780,13.748
23781,14.455
23782,12.437
23783,23.776
23784,12.194
23785,13.483
23786,14.520
23787,14.251
23788,12.695
23789,12.234
23790,12.219
23791,59.379
23792,12.467
23793,12.575
23794,54.785
23795,125.756
23796,12.346
23797,13.027
23798,12.664
23799,16.377
23800,29.494
23801,13.618
23802,13.985
23803,20.806
23804,63.759
23805,16.562
23806,13.113
23807,11.890
23808,12.517
23809,52.890
23810,12.261
23811,13.115
23812,15.066
23813,33.999
23814,14.165
23815,13.537
23816,12.556
23817,40.870
23818,12.623
23819,14.132
23820,14.793
23821,37.098
23822,49.929
23823,13.320
23824,12.544
23825,14.289
23826,26.294
23827,11.993
23828,12.696
23829,12.061
23830,35.355
23831,13.103
23832,29.556
23833,13.577
23834,37.899
23835,17.776
23836,14.557
23837,14.514
23838,48.311
23839,23.248
23840,12.442
23841,15.264
23842,12.172
23843,15.831
23844,27.506
23845,18.255
23846,14.509
23847,15.790
23848,12.507
23849,12.584
23850,12.952
23851,12.162
23852,12.871
23853,12.892
23854,15.534
23855,61.080
23856,12.894
23857,13.863
23858,13.851
23859,12.722
23860,13.980
23861,12.191
23862,18.717
23863,21.308
23864,32.972
23865,19.063
23866,12.655
23867,12.060
23868,68.267
23869,24.962
23870,14.104
23871,15.609
23872,13.975
23873,15.996
23874,12.078
23875,12.740
23879,9.299
23876,0.0
23880,9.042
23881,9.227
23882,23.361
23877,0.0
23883,9.660
23884,8.247
23885,55.467
23886,27.661
23887,17.946
23888,8.892
23889,9.151
23890,28.151
23891,14.848
23892,8.873
23893,12.608
23894,0.0
23895,0.0
23896,0.0
23897,0.0
23898,0.0
23899,0.0
23900,0.0
23901,0.0
23902,0.0
23903,0.0
23904,0.0
23905,0.0
23906,0.0
23907,0.0
23912,25.224
23913,11.563
23908,0.0
23909,0.0
23910,0.0
23914,8.672
23915,8.939
23916,45.045
23917,12.347
23918,10.143
23919,9.446
23922,13.869
23923,37.114
23924,9.026
23920,0.0
23925,18.442
23926,11.467
23927,9.003
23928,8.649
23929,17.150
23930,9.326
23931,0.0
23932,0.0
23933,0.0
23934,0.0
23935,0.0
23936,0.0
23937,0.0
23938,0.0
23939,0.0
23940,0.0
23941,0.0
23942,0.0
23943,0.0
23944,0.0
23945,0.0
23946,0.0
23947,0.0
23948,0.0
23949,0.0
23950,0.0
23951,0.0
23952,0.0
23953,0.0
23954,0.0
23955,0.0
23956,0.0
23957,0.0
23958,0.0
23959,0.0
23960,0.0
23961,0.0
23962,0.0
23963,0.0
23964,0.0
23965,0.0
23966,0.0
23967,0.0
23968,0.0
23969,0.0
23970,0.0
23971,0.0
23972,0.0
23973,0.0
23974,0.0
23975,0.0
23976,0.0
23977,0.0
23978,0.0
23979,0.0
23980,0.0
23981,0.0
23982,0.0
23983,0.0
23984,0.0
23985,0.0
23986,0.0
23987,0.0
23988,0.0
23989,0.0
23990,0.0
23991,0.0
23992,0.0
23993,0.0
23994,0.0
23995,0.0
23996,0.0
23997,0.0
23998,0.0
23999,0.0
24000,0.0
24001,0.0
24002,0.0
24003,0.0
24004,0.0
24005,0.0
24006,0.0
24007,0.0
24008,0.0
24009,0.0
24010,0.0
24011,0.0
24012,0.0
24013,0.0
24014,0.0
24015,0.0
24016,0.0
24017,0.0
24018,0.0
24019,0.0
24020,0.0
24021,0.0
24022,0.0
24023,0.0
24024,0.0
24025,0.0
24026,0.0
24027,0.0
24028,0.0
24029,0.0
24030,0.0
24031,0.0
24032,0.0
24033,0.0
24034,0.0
24035,0.0
24036,0.0
24037,0.0
24038,0.0
24039,0.0
24040,0.0
24041,0.0
24042,0.0
24043,0.0
24044,0.0
24045,0.0
24046,0.0
24047,0.0
24048,0.0
24049,0.0
24050,0.0
24051,0.0
24052,0.0
24053,0.0
24054,0.0
24055,0.0
24056,0.0
24057,0.0
24058,0.0
24059,0.0
24060,0.0
24061,0.0
24062,0.0
24063,0.0
24064,0.0
24065,0.0
24066,0.0
24067,0.0
24068,0.0
24069,0.0
24070,0.0
24071,0.0
24072,0.0
24073,0.0
24074,0.0
24075,0.0
24076,0.0
24077,0.0
24078,0.0
24079,0.0
24080,0.0
24081,0.0
24082,0.0
24083,0.0
24084,0.0
24085,0.0
24086,0.0
24087,0.0
24088,0.0
24109,0.0
24110,0.0
24111,0.0
24112,0.0
24113,0.0
24114,0.0
24115,0.0
24116,0.0
24117,0.0
24118,0.0
24119,0.0
24120,0.0
24121,0.0
24122,0.0
24123,0.0
24124,0.0
24125,0.0
24126,0.0
24127,0.0
24128,0.0
24129,0.0
24130,0.0
24131,0.0
24132,0.0
24133,0.0
24134,0.0
24135,0.0
24136,0.0
24137,0.0
24138,0.0
24139,0.0
24140,0.0
24141,0.0
24142,0.0
24143,0.0
24144,0.0
24145,0.0
24146,0.0
24147,0.0
24148,0.0
24149,0.0
24150,0.0
24151,0.0
24152,0.0
24153,0.0
24154,0.0
24155,0.0
24156,0.0
24157,0.0
24158,0.0
24159,0.0
24160,0.0
24161,0.0
24162,0.0
24163,0.0
24164,0.0
24165,0.0
24166,0.0
24167,0.0
24168,0.0
24169,0.0
24170,0.0
24171,0.0
24172,0.0
24173,0.0
24174,0.0
24175,0.0
24176,0.0
24177,0.0
24178,0.0
24179,0.0
24180,0.0
24181,0.0
24182,0.0
24183,0.0
24184,0.0
24185,0.0
24186,0.0
24187,0.0
24188,0.0
24189,0.0
24190,0.0
24191,0.0
24192,0.0
24193,0.0
24194,0.0
24195,0.0
24196,0.0
24197,0.0
24198,0.0
24199,0.0
24200,0.0
24201,0.0
24202,0.0
24203,0.0
24204,0.0
24205,0.0
24206,0.0
24207,0.0
24208,0.0
24209,0.0
24210,0.0
24211,0.0
24212,0.0
24213,0.0
24214,0.0
24215,0.0
24216,0.0
24217,0.0
24218,0.0
24219,0.0
24220,0.0
24221,0.0
24222,0.0
24223,0.0
24224,0.0
24225,0.0
24226,0.0
24227,0.0
24228,0.0
24229,0.0
24230,0.0
24231,0.0
24232,0.0
24236,10.449
24237,33.727
24233,0.0
24234,0.0
24238,8.938
24239,26.406
24240,9.062
24241,11.943
24242,8.681
24243,8.936
24244,16.177
24245,9.317
24246,8.644
24247,9.742
24248,12.700
24249,9.274
24250,9.435
24251,8.869
24252,36.297
24253,8.840
24254,14.111
24255,10.901
24256,31.504
24257,20.111
24258,9.072
24259,8.936
24260,50.467
24261,31.653
24262,19.394
24263,9.047
24264,62.964
24265,29.272
24266,8.722
24267,8.983
24268,10.692
24269,29.749
24270,9.722
24271,10.402
24272,9.483
24273,9.386
24274,22.785
24275,11.585
24276,8.948
24277,10.152
24278,28.005
24279,9.006
24280,10.270
24281,8.927
24282,26.573
24283,10.171
24284,20.088
24285,9.383
24286,68.603
24287,16.449
24288,18.963
24289,14.975
24290,11.056
24291,22.889
24292,9.116
24293,12.350
24294,8.728
24295,24.971
24296,12.599
24297,15.705
24298,63.579
24299,31.123
24300,14.393
24301,8.802
24302,8.934
24303,8.852
24304,9.921
24305,9.410
24306,9.623
24307,8.814
24308,29.195
24309,8.927
24310,9.927
24311,9.448
24312,30.217
24313,12.735
24314,9.261
24315,13.373
24316,38.803
24317,17.423
24318,9.244
24319,8.695
24320,17.301
24321,17.969
24322,8.810
24323,21.285
24324,8.998
24327,23.421
24328,10.010
24325,0.0
24329,8.913
24330,23.522
24331,9.162
24332,31.165
24333,9.452
24334,30.109
24335,9.296
24336,8.642
24337,72.503
24338,32.361
24339,9.533
24340,9.771
24341,9.223
24342,32.305
24343,13.868
24344,9.388
24345,9.744
24346,10.280
24347,11.779
24348,8.970
24349,9.132
24350,53.640
24351,28.164
24352,18.849
24353,11.522
24354,8.828
24355,30.786
24356,9.752
24357,9.198
24358,9.108
24359,9.241
24360,19.373
24361,8.726
24362,9.486
24363,10.398
24364,28.834
24365,9.418
24366,9.004
24367,8.924
24368,9.841
24369,9.689
24370,9.543
24371,13.769
24372,9.322
24373,12.959
24374,8.848
24375,8.932
24376,16.810
24377,11.542
24378,11.501
24379,16.248
24380,0.0
24384,10.367
24385,37.521
24386,10.554
24382,0.0
24387,10.368
24388,10.052
24389,8.938
24390,21.741
24391,9.091
24392,8.814
24393,8.847
24394,31.242
24395,9.328
24396,13.477
24397,9.340
24400,26.567
24401,8.877
24402,8.350
24398,0.0
24403,18.551
24404,11.723
24405,10.044
24406,9.105
24407,31.504
24408,10.206
24409,11.775
24410,20.256
24411,9.600
24412,9.425
24413,8.904
24414,9.118
24415,37.797
24416,10.837
24417,9.186
24418,8.786
24419,10.408
24420,9.277
24421,9.361
24422,9.657
24423,8.947
24426,8.828
24427,9.326
24424,0.0
24428,9.187
24429,14.423
24430,10.806
24431,9.360
24432,8.704
24433,23.954
24434,8.901
24435,8.622
24436,9.433
24437,10.508
24438,8.953
24439,9.718
24440,8.529
24441,31.105
24442,11.962
24443,12.839
24444,8.888
24445,43.959
24446,9.174
24447,9.745
24448,8.727
24449,11.538
24450,34.094
24451,9.216
24452,8.855
24453,10.166
24454,9.576
24455,9.068
24456,9.804
24457,12.644
24458,9.233
24459,9.448
24460,10.143
24461,8.813
24462,10.189
24463,10.359
24464,8.819
24465,14.049
24466,11.049
24467,64.282
24468,8.703
24469,9.853
24470,12.488
24471,63.911
24472,18.214
24473,9.090
24474,12.738
24475,8.718
24476,22.133
24477,9.496
24478,9.599
24479,9.090
24480,30.312
24481,10.156
24482,9.690
24483,10.362
24484,10.728
24485,8.816
24486,8.712
24487,11.404
24488,10.368
24489,9.787
24490,21.409
24491,10.279
24492,8.875
24493,10.064
24494,8.872
24495,9.999
24496,9.982
24497,29.653
24498,11.620
24499,9.592
24500,10.508
24501,8.840
24502,12.113
24503,10.067
24504,11.049
24505,17.936
24506,13.105
24507,8.410
24508,12.715
24509,9.732
24510,9.967
24511,11.047
24512,11.325
24513,8.707
24514,9.782
24515,17.500
24516,8.857
24517,11.559
24518,24.546
24519,12.640
24520,10.968
24521,8.660
24522,8.431
24523,30.545
24524,9.248
24525,9.580
24526,9.878
24527,9.512
24528,10.866
24529,10.876
24530,8.926
24531,11.113
24532,11.254
24533,9.272
24534,11.129
24535,10.154
24536,28.256
24537,9.005
24538,10.639
24539,9.326
24540,9.411
24541,13.787
24542,13.559
24543,8.823
24544,9.012
24545,87.799
24546,9.785
24547,10.556
24548,15.442
24549,14.649
24550,9.467
24551,11.596
24552,9.230
24553,9.564
24554,8.889
24555,53.569
24556,9.250
24557,33.574
24558,9.320
24559,12.395
24560,16.692
24561,9.140
24562,23.571
24563,9.624
24564,9.457
24565,9.030
24566,37.337
24567,8.952
24568,11.208
24569,10.913
24570,60.720
24571,9.190
24572,9.373
24573,8.891
24574,9.025
24575,20.856
24576,8.716
24577,9.055
24578,9.244
24579,11.590
24580,9.172
24581,32.314
24582,9.835
24583,12.384
24584,9.678
24585,10.013
24586,8.680
24587,11.677
24588,18.583
24589,9.174
24590,9.223
24591,54.692
24592,12.769
24593,9.307
24594,9.620
24595,9.610
24596,32.046
24597,10.486
24598,8.721
24599,10.076
24600,33.426
24601,11.393
24602,11.032
24603,9.513
24604,10.011
24605,23.223
24606,11.203
24607,9.225
24608,11.828
24609,10.732
24610,9.105
24611,9.729
24612,10.807
24613,8.966
24614,14.911
24615,9.710
24616,8.935
24617,9.828
24618,14.660
24619,31.819
24620,12.302
24621,9.224
24622,10.608
24623,11.378
24624,9.652
24625,21.030
24628,10.423
24629,9.370
24630,9.696
24631,18.581
24626,0.0
24632,8.638
24633,9.183
24634,8.889
24635,25.653
24636,10.460
24637,10.245
24638,9.088
24639,11.606
24640,11.267
24641,9.575
24642,9.296
24643,8.939
24644,15.498
24645,9.855
24646,9.420
24647,9.103
24648,13.175
24649,9.558
24650,8.933
24651,10.366
24652,30.851
24653,10.643
24654,9.338
24655,9.328
24656,36.979
24657,13.153
24658,9.603
24659,11.514
24660,40.810
24661,13.943
24662,0.0
24663,0.0
24664,0.0
24665,0.0
24666,0.0
24667,0.0
24668,0.0
24669,0.0
24670,0.0
24671,0.0
24672,0.0
24673,0.0
24674,0.0
24675,0.0
24676,0.0
24680,9.421
24681,8.949
24682,29.995
24677,0.0
24678,0.0
24683,11.545
24684,13.664
24685,9.695
24686,9.193
24687,18.618
24688,8.956
24689,9.334
24690,13.875
24691,24.887
24692,10.892
24693,9.842
24694,38.122
24695,32.292
24696,9.691
24697,19.627
24698,9.055
24699,12.987
24700,13.541
24701,8.820
24702,9.805
24703,9.095
24704,10.734
24705,14.043
24706,10.259
24707,9.643
24708,10.776
24709,10.353
24710,44.976
24711,9.995
24712,9.790
24713,9.329
24714,8.972
24715,18.638
24716,9.323
24717,11.030
24718,9.107
24719,10.075
24720,8.702
24721,11.393
24722,16.403
24723,9.676
24724,9.532
24725,26.758
24726,8.987
24727,10.595
24728,11.033
24729,11.236
24730,38.141
24731,9.190
24732,8.990
24733,33.027
24734,11.947
24735,17.809
24736,20.249
24737,11.075
24738,24.007
24739,9.409
24740,22.739
24741,9.892
24742,33.416
24743,12.607
24744,23.852
24745,8.870
24746,11.539
24747,11.519
24748,9.472
24749,8.837
24750,9.802
24751,30.712
24752,9.987
24753,10.476
24754,10.556
24755,30.593
24756,11.093
24757,9.512
24758,8.932
24759,9.075
24760,130.928
24761,46.539
24762,122.683
24763,60.076
24764,16.436
24765,12.300
24766,9.671
24767,9.725
24768,11.103
24769,8.777
24770,9.652
24771,9.437
24772,9.902
24773,9.881
24776,9.041
24777,10.550
24778,11.375
24774,0.0
24779,10.093
24780,11.460
24781,10.052
24782,9.629
24783,9.917
24784,9.315
24785,9.213
24786,19.017
24787,12.153
24788,9.420
24789,9.702
24790,44.410
24791,8.902
24792,8.880
24793,10.449
24794,29.460
24795,8.690
24796,15.559
24797,11.279
24798,10.511
24799,9.141
24800,8.665
24801,25.179
24802,10.467
24803,10.075
24804,10.591
24805,9.362
24806,10.133
24807,11.193
24808,13.751
24809,8.911
24810,10.042
24811,28.253
24812,9.105
24813,9.233
24814,11.376
24815,8.777
24816,16.060
24817,9.478
24818,10.474
24819,9.171
24820,24.851
24821,11.555
24822,9.459
24823,9.557
24824,11.843
24825,11.164
24826,8.794
24827,9.876
24828,11.496
24829,9.681
24830,9.670
24831,12.693
24832,10.992
24833,12.109
24834,9.816
24835,15.995
24836,8.926
24837,12.116
24838,9.046
24839,9.265
24840,9.028
24841,11.144
24842,9.707
24843,8.929
24844,10.773
24845,8.584
24846,9.884
24847,9.289
24848,10.817
24849,8.940
24850,16.522
24851,39.085
24852,11.445
24853,8.849
24854,28.094
24855,9.798
24856,9.746
24857,9.366
24858,9.379
24859,21.878
24860,30.762
24861,8.596
24862,12.002
24863,24.637
24864,9.167
24865,11.511
24866,11.171
24867,16.462
24868,9.019
24869,9.800
24870,12.107
24871,8.925
24872,15.768
24873,12.699
24874,8.998
24875,9.367
24876,21.310
24877,11.931
24878,9.829
24879,11.259
24880,37.711
24881,10.645
24882,12.781
24883,9.514
24884,12.054
24885,19.893
24886,10.011
24887,9.227
24888,10.365
24889,11.184
24890,9.316
24891,9.175
24892,9.672
24893,11.845
24894,11.219
24895,30.150
24896,10.878
24899,12.664
24900,9.277
24901,39.223
24897,0.0
24902,10.243
24903,10.087
24904,9.156
24905,9.083
24906,30.684
24907,9.088
24908,9.339
24909,10.077
24910,24.991
24911,32.596
24912,8.694
24913,10.364
24914,10.480
24915,23.187
24916,10.153
24917,10.497
24918,9.199
24919,22.117
24920,9.597
24921,11.172
24922,11.057
24923,33.368
24924,10.536
24925,11.563
24926,9.181
24927,10.116
24928,10.090
24929,12.005
24930,14.801
24931,9.220
24932,10.605
24933,10.671
24934,9.581
24935,61.101
24936,69.529
24937,14.952
24938,65.021
24939,9.009
24940,28.528
24941,9.530
24942,11.068
24943,13.770
24944,10.084
24945,30.866
24946,9.539
24947,9.197
24948,10.203
24949,33.356
24950,10.755
24951,9.040
24952,9.184
24953,8.677
24954,8.840
24955,12.214
24956,10.616
24957,11.531
24958,11.046
24959,32.163
24960,10.158
24961,8.914
24962,16.391
24963,11.103
24964,8.671
24965,9.581
24966,11.654
24967,14.493
24968,13.915
24969,9.446
24972,10.489
24973,10.090
24974,10.084
24975,22.466
24970,0.0
24976,9.554
24977,9.209
24978,9.945
24979,10.968
24980,12.495
24981,71.795
24982,8.787
24983,0.0
24989,10.881
24990,9.310
24984,0.0
24985,0.0
24986,0.0
24987,0.0
24991,9.164
24994,9.051
24995,9.421
24996,32.393
24992,0.0
24997,11.537
24998,9.427
24999,9.080
25000,8.838
25001,19.017
25002,9.205
25003,9.117
25004,9.901
25005,26.940
25006,10.641
25007,13.562
25008,9.055
25009,36.908
25010,8.743
25011,8.603
25012,9.796
25013,36.172
25014,11.779
25015,9.081
25016,10.114
25017,9.505
25018,22.816
25019,8.879
25020,11.502
25021,9.469
25022,36.576
25023,9.410
25024,25.958
25025,9.000
25026,30.119
25027,18.004
25028,9.157
25029,9.180
25030,9.492
25031,23.898
25032,11.458
25033,11.644
25034,9.676
25035,26.959
25036,9.025
25037,10.327
25038,8.879
25039,10.988
25040,9.360
25041,8.861
25042,9.314
25043,35.463
25044,9.262
25045,11.744
25046,12.278
25047,9.832
25048,24.843
25049,9.122
25050,11.695
25051,10.040
25052,34.448
25053,8.975
25054,10.748
25055,9.544
25056,11.578
25057,20.565
25058,9.347
25059,9.276
25060,10.840
25061,11.103
25062,21.278
25063,8.995
25064,8.965
25065,30.192
25066,9.241
25067,10.143
25068,9.286
25069,11.226
25070,9.053
25071,9.109
25072,9.108
25073,9.141
25074,42.083
25075,9.591
25076,10.828
25077,10.062
25078,27.246
25079,10.705
25080,8.718
25081,16.209
25082,30.797
25083,10.155
25084,9.425
25085,13.101
25086,9.988
25087,17.435
25088,9.517
25089,10.142
25090,11.082
25091,25.224
25092,10.259
25093,9.388
25094,15.204
25095,30.311
25096,10.149
25097,9.272
25098,8.675
25099,33.756
25100,10.824
25101,8.981
25102,9.512
25103,11.636
25104,14.051
25105,9.272
25106,10.290
25107,9.659
25108,32.444
25109,9.213
25110,9.566
25111,10.749
25112,30.422
25113,15.306
25114,8.769
25115,9.171
25116,11.069
25117,19.457
25118,8.946
25119,10.508
25120,10.670
25121,14.323
25122,8.707
25123,9.291
25124,8.688
25125,26.923
25126,12.470
25127,9.217
25128,9.309
25129,9.095
25130,11.301
25131,9.340
25132,12.696
25133,11.723
25136,8.994
25137,10.946
25138,25.938
25139,13.320
25134,0.0
25140,12.821
25141,8.563
25142,9.369
25143,9.921
25144,9.217
25145,10.918
25146,10.347
25147,30.676
25148,9.201
25149,9.199
25150,12.066
25153,9.137
25154,9.325
25155,13.495
25156,11.946
25151,0.0
25157,8.631
25158,9.578
25159,9.148
25160,9.738
25161,8.933
25162,9.481
25163,9.457
25164,34.624
25165,9.281
25166,10.075
25167,18.643
25168,57.208
25169,10.516
25170,9.184
25171,12.625
25172,8.983
25173,17.085
25174,10.435
25175,9.156
25176,9.526
25177,24.559
25178,9.090
25179,9.513
25180,9.406
25181,10.120
25182,9.669
25183,10.217
25184,11.370
25185,39.614
25186,15.981
25187,10.684
25188,10.015
25189,9.220
25190,10.674
25191,23.095
25192,16.202
25193,8.937
25194,11.272
25195,10.439
25196,9.005
25197,8.781
25198,32.883
25199,9.696
25200,11.401
25201,23.697
25202,9.003
25203,9.972
25204,9.838
25205,9.629
25206,8.715
25207,28.767
25208,9.920
25209,9.062
25210,10.050
25211,10.626
25212,12.402
25213,10.411
25214,9.079
25215,8.732
25216,17.884
25217,21.543
25218,11.003
25219,8.822
25220,27.665
25221,9.962
25222,9.220
25223,9.034
25224,12.415
25225,10.154
25226,9.069
25227,9.060
25228,47.671
25229,18.092
25230,9.654
25231,10.525
25232,10.294
25233,11.140
25234,10.393
25235,10.813
25236,9.274
25237,72.961
25238,9.095
25239,9.526
25240,10.052
25241,8.869
25242,41.063
25243,9.367
25244,9.925
25245,9.047
25246,30.092
25247,9.377
25248,9.172
25249,10.208
25252,9.946
25253,10.412
25254,29.138
25250,0.0
25255,10.527
25256,10.130
25257,9.708
25258,10.146
25259,22.204
25260,10.592
25261,9.203
25262,9.245
25263,28.669
25264,9.140
25265,8.974
25266,9.231
25267,40.062
25268,10.058
25269,9.974
25270,8.624
25271,9.571
25272,46.764
25273,10.206
25274,9.791
25275,8.842
25276,28.642
25277,9.157
25278,11.061
25279,8.951
25280,11.464
25281,14.743
25282,9.125
25283,9.553
25284,34.331
25285,9.790
25286,8.736
25287,11.123
25288,9.136
25289,10.774
25290,9.707
25291,9.108
25292,9.138
25293,10.794
25294,9.049
25295,9.042
25296,12.101
25297,9.981
25298,8.785
25299,9.199
25300,9.610
25301,8.981
25302,9.392
25303,11.384
25304,9.216
25305,9.230
25306,26.884
25307,9.746
25308,9.724
25309,10.632
25310,13.266
25311,9.423
25312,9.183
25313,9.224
25314,9.194
25315,14.665
25316,9.025
25317,8.751
25318,12.153
25319,10.052
25320,38.595
25321,9.866
25322,10.187
25323,35.015
25324,9.960
25325,9.901
25326,9.105
25327,9.759
25328,10.319
25329,9.120
25330,9.889
25331,9.439
25332,21.040
25333,8.479
25334,9.790
25335,9.048
25336,34.459
25337,9.118
25338,9.789
25339,10.745
25340,8.989
25341,23.501
25342,12.218
25343,9.193
25344,13.096
25345,11.216
25346,11.084
25349,12.650
25350,9.068
25347,0.0
25351,9.096
25352,10.075
25353,21.349
25354,9.164
25355,8.781
25356,10.213
25357,36.458
25358,10.198
25359,12.643
25360,9.771
25361,8.830
25362,24.561
25363,36.379
25364,33.842
25365,97.703
25366,177.205
25367,10.452
25368,8.800
25369,10.290
25370,9.622
25371,13.725
25372,9.155
25373,9.419
25374,9.308
25375,24.100
25376,11.872
25377,11.767
25378,10.770
25379,48.200
25380,9.620
25381,9.240
25382,10.289
25383,14.408
25384,9.341
25385,28.050
25386,8.625
25387,9.303
25388,10.122
25389,38.722
25390,18.175
25391,9.591
25392,10.331
25393,12.189
25394,10.101
25395,9.608
25396,10.359
25397,8.819
25398,8.665
25399,9.807
25400,10.822
25401,9.890
25402,9.672
25403,8.982
25404,14.693
25405,9.076
25406,9.145
25407,9.565
25408,14.844
25409,10.128
25410,8.812
25411,8.971
25412,9.977
25413,40.640
25414,9.214
25415,9.153
25416,9.591
25417,10.157
25418,39.258
25419,22.182
25420,9.138
25421,28.938
25422,14.263
25423,10.651
25424,8.942
25427,57.049
25428,9.332
25425,0.0
25429,36.106
25430,10.904
25433,9.734
25431,0.0
25434,0.0
25435,0.0
25436,0.0
25437,0.0
25438,0.0
25439,0.0
25440,0.0
25441,0.0
25442,0.0
25443,0.0
25447,21.404
25448,35.385
25449,9.250
25444,0.0
25445,0.0
25450,10.729
25451,30.727
25452,11.274
25453,9.170
25454,9.340
25455,30.567
25456,11.227
25457,10.591
25458,9.250
25459,10.649
25460,24.013
25461,11.624
25462,9.153
25463,9.019
25466,8.970
25467,9.803
25468,27.811
25464,0.0
25469,8.781
25472,8.528
25473,23.305
25474,10.488
25475,11.318
25476,9.876
25470,0.0
25477,29.613
25478,11.617
25479,8.628
25480,9.603
25481,34.896
25482,16.641
25483,9.826
25484,9.792
25485,33.846
25486,30.987
25487,8.628
25488,14.922
25489,10.130
25490,54.263
25491,9.543
25492,20.374
25493,9.488
25494,34.407
25495,45.759
25496,9.077
25497,8.966
25498,31.359
25499,40.409
25500,10.131
25501,10.551
25502,10.065
25503,23.857
25504,13.155
25505,41.344
25506,9.339
25507,27.270
25508,13.646
25509,30.816
25510,8.604
25511,28.423
25512,12.964
25513,12.141
25514,9.130
25515,9.378
25516,17.289
25517,16.861
25518,9.660
25519,9.750
25520,34.255
25521,9.118
25522,9.362
25523,9.709
25524,33.302
25525,10.720
25526,9.887
25527,9.294
25528,33.771
25529,11.374
25535,14.640
25530,0.0
25531,0.0
25532,0.0
25536,13.592
25537,30.431
25538,9.110
25533,0.0
25539,10.198
25540,8.861
25541,31.152
25542,16.512
25543,9.372
25544,0.0
25545,0.0
25547,0.0
25548,0.0
25549,0.0
25550,0.0
25551,0.0
25552,0.0
25553,0.0
25554,0.0
25555,0.0
25556,0.0
25557,0.0
25558,0.0
25559,0.0
25560,0.0
25561,0.0
25562,0.0
25566,9.224
25567,41.605
25568,37.152
25563,0.0
25564,0.0
25569,8.997
25570,10.504
25571,15.431
25572,11.149
25573,9.176
25574,0.0
25575,0.0
25576,0.0
25577,0.0
25578,0.0
25579,0.0
25580,0.0
25581,0.0
25582,0.0
25583,0.0
25584,0.0
25585,0.0
25586,0.0
25587,0.0
25588,0.0
25589,0.0
25590,0.0
25591,0.0
25592,0.0
25593,0.0
25594,0.0
25595,0.0
25596,0.0
25597,0.0
25598,0.0
25599,0.0
25600,0.0
25601,0.0
25602,0.0
25603,0.0
25604,0.0
25605,0.0
25606,0.0
25607,0.0
25608,0.0
25609,0.0
25610,0.0
25611,0.0
25612,0.0
25613,0.0
25614,0.0
25615,0.0
25616,0.0
25617,0.0
25618,0.0
25619,0.0
25620,0.0
25621,0.0
25622,0.0
25623,0.0
25624,0.0
25625,0.0
25626,0.0
25627,0.0
25628,0.0
25629,0.0
25630,0.0
25631,0.0
25632,0.0
25633,0.0
25634,0.0
25635,0.0
25636,0.0
25637,0.0
25638,0.0
25639,0.0
25640,0.0
25641,0.0
25642,0.0
25643,0.0
25644,0.0
25645,0.0
25646,0.0
25647,0.0
25648,0.0
25649,0.0
25650,0.0
25651,0.0
25652,0.0
25653,0.0
25654,0.0
25655,0.0
25656,0.0
25657,0.0
25658,0.0
25659,0.0
25660,0.0
25661,0.0
25662,0.0
25663,0.0
25664,0.0
25665,0.0
25666,0.0
25667,0.0
25668,0.0
25669,0.0
25670,0.0
25671,0.0
25672,0.0
25673,0.0
25674,0.0
25675,0.0
25676,0.0
25677,0.0
25678,0.0
25679,0.0
25680,0.0
25681,0.0
25682,0.0
25683,0.0
25684,0.0
25685,0.0
25686,0.0
25687,0.0
25688,0.0
25689,0.0
25690,0.0
25691,0.0
25692,0.0
25693,0.0
25694,0.0
25695,0.0
25696,0.0
25697,0.0
25698,0.0
25699,0.0
25700,0.0
25701,0.0
25702,0.0
25703,0.0
25704,0.0
25705,0.0
25706,0.0
25707,0.0
25708,0.0
25709,0.0
25710,0.0
25711,0.0
25712,0.0
25713,0.0
25714,0.0
25715,0.0
25716,0.0
25717,0.0
25718,0.0
25719,0.0
25720,0.0
25721,0.0
25722,0.0
25723,0.0
25724,0.0
25725,0.0
25726,0.0
25727,0.0
25728,0.0
25729,0.0
25730,0.0
25731,0.0
25732,0.0
25733,0.0
25734,0.0
25735,0.0
25736,0.0
25737,0.0
25738,0.0
25739,0.0
25740,0.0
25741,0.0
25742,0.0
25743,0.0
25744,0.0
25745,0.0
25746,0.0
25747,0.0
25748,0.0
25749,0.0
25750,0.0
25751,0.0
25752,0.0
25753,0.0
25754,0.0
25755,0.0
25756,0.0
25757,0.0
25758,0.0
25759,0.0
25760,0.0
25761,0.0
25762,0.0
25763,0.0
25764,0.0
25765,0.0
25766,0.0
25767,0.0
25768,0.0
25769,0.0
25770,0.0
25771,0.0
25772,0.0
25773,0.0
25774,0.0
25775,0.0
25776,0.0
25777,0.0
25778,0.0
25779,0.0
25780,0.0
25781,0.0
25782,0.0
25783,0.0
25784,0.0
25785,0.0
25786,0.0
25787,0.0
25788,0.0
25789,0.0
25790,0.0
25791,0.0
25792,0.0
25793,0.0
25794,0.0
25795,0.0
25796,0.0
25797,0.0
25798,0.0
25799,0.0
25800,0.0
25801,0.0
25802,0.0
25803,0.0
25804,0.0
25805,0.0
25806,0.0
25807,0.0
25808,0.0
25809,0.0
25810,0.0
25811,0.0
25812,0.0
25813,0.0
25814,0.0
25815,0.0
25816,0.0
25817,0.0
25818,0.0
25819,0.0
25820,0.0
25821,0.0
25822,0.0
25823,0.0
25824,0.0
25825,0.0
25826,0.0
25827,0.0
25828,0.0
25829,0.0
25830,0.0
25831,0.0
25832,0.0
25833,0.0
25834,0.0
25835,0.0
25836,0.0
25837,0.0
25838,0.0
25839,0.0
25840,0.0
25841,0.0
25842,0.0
25843,0.0
25844,0.0
25845,0.0
25846,0.0
25847,0.0
25848,0.0
25849,0.0
25850,0.0
25851,0.0
25852,0.0
25853,0.0
25854,0.0
25855,0.0
25856,0.0
25857,0.0
25858,0.0
25859,0.0
25860,0.0
25861,0.0
25862,0.0
25863,0.0
25864,0.0
25865,0.0
25870,8.777
25871,9.479
25872,9.000
25866,0.0
25867,0.0
25868,0.0
25873,16.804
25874,9.225
25875,8.725
25876,10.547
25877,35.704
25878,29.856
25879,16.018
25880,10.945
25881,24.518
25882,8.876
25883,26.287
25884,10.063
25885,10.954
25886,14.632
25887,10.025
25888,9.241
25889,9.738
25890,13.165
25891,10.188
25892,52.097
25893,9.475
25894,58.500
25895,13.553
25896,9.238
25897,15.557
25898,32.209
25899,11.207
25900,9.290
25901,9.364
25902,9.071
25903,21.068
25904,40.684
25905,13.414
25906,10.505
25907,29.523
25908,38.612
25909,9.488
25910,12.371
25911,36.873
25912,34.677
25913,9.104
25914,10.012
25915,36.661
25916,0.0
25917,0.0
25918,0.0
25919,0.0
25920,0.0
25927,9.626
25921,0.0
25922,0.0
25923,0.0
25928,48.438
25929,15.664
25924,0.0
25925,0.0
25930,10.877
25931,9.977
25932,9.274
25933,22.268
25934,12.114
25935,12.846
25936,106.283
25937,11.318
25938,13.023
25939,9.554
25940,12.825
25941,32.063
25942,15.856
25943,9.602
25944,9.704
25945,11.590
25946,9.976
25947,9.429
25948,9.420
25949,11.479
25950,12.232
25951,9.579
25952,31.977
25953,9.526
25954,29.641
25955,15.921
25956,9.146
25957,9.876
25958,9.253
25959,11.468
25960,9.223
25961,11.109
25962,16.542
25963,26.270
25964,15.000
25965,85.216
25966,9.102
25967,75.516
25968,47.100
25969,109.071
25970,23.812
25971,40.503
25972,21.971
25973,9.788
25974,11.196
25975,9.468
25976,26.367
25977,12.688
25978,16.425
25979,13.542
25980,37.484
25981,9.351
25982,8.730
25983,10.571
25984,57.032
25985,12.877
25986,10.071
25987,17.915
25988,13.477
25989,9.217
25990,13.173
25991,9.614
25992,17.007
25993,42.898
25994,8.989
25995,13.259
25996,13.065
25997,22.769
25998,9.592
25999,10.238
26000,21.446
26001,9.245
26002,9.184
26003,8.812
26004,10.329
26005,11.087
26006,10.697
26007,11.277
26008,9.488
26009,8.632
26010,11.500
26011,11.364
26012,11.499
26013,15.781
26014,40.036
26015,14.351
26016,12.815
26017,9.177
26018,13.152
26019,10.266
26020,9.480
26021,9.447
26022,25.208
26023,36.856
26024,11.947
26025,9.316
26026,9.221
26027,45.430
26028,18.141
26029,13.298
26030,12.533
26031,11.552
26032,10.034
26033,11.410
26034,9.146
26035,10.343
26036,10.711
26037,9.949
26038,9.615
26039,13.778
26040,9.411
26041,9.092
26042,10.078
26043,10.850
26044,63.583
26045,30.674
26046,9.575
26047,10.849
26048,12.307
26049,27.745
26050,9.241
26051,10.303
26052,63.811
26053,11.311
26054,9.880
26055,12.365
26056,9.549
26057,9.687
26058,16.988
26059,8.670
26060,10.313
26061,11.118
26062,21.968
26063,9.345
26064,10.440
26065,12.018
26066,9.731
26067,9.966
26068,11.812
26069,10.602
26070,11.783
26071,9.693
26072,10.422
26073,9.591
26074,9.599
26075,10.582
26076,15.462
26077,8.822
26078,9.769
26082,9.648
26083,31.430
26079,0.0
26084,9.041
26085,10.833
26086,9.511
26080,0.0
26087,10.021
26088,18.869
26089,9.571
26090,10.862
26091,12.758
26092,10.844
26093,11.225
26094,18.645
26095,10.884
26096,11.215
26097,9.926
26098,12.844
26099,9.543
26100,41.150
26101,17.192
26102,8.989
26103,9.599
26104,9.119
26105,41.349
26106,11.770
26107,9.238
26108,9.695
26109,33.593
26110,9.093
26111,8.743
26112,12.092
26113,33.138
26114,12.934
26115,10.150
26116,9.154
26117,9.893
26118,9.957
26119,9.513
26120,8.807
26121,10.292
26122,10.775
26123,11.006
26124,9.103
26125,9.589
26126,10.112
26127,8.829
26128,9.519
26129,10.974
26130,9.962
26131,10.141
26132,9.804
26133,9.200
26134,10.170
26135,26.264
26136,9.053
26137,8.734
26138,10.265
26141,9.034
26142,9.339
26143,10.117
26139,0.0
26144,9.504
26145,9.051
26146,11.364
26147,10.246
26148,23.354
26149,10.285
26150,9.154
26151,9.037
26152,25.289
26153,10.094
26154,10.812
26155,9.549
26156,35.049
26157,13.046
26158,9.030
26159,9.978
26160,9.152
26161,10.514
26162,9.417
26163,8.992
26164,8.463
26165,9.274
26166,10.874
26167,9.476
26168,9.134
26169,10.052
26170,9.218
26171,10.052
26172,9.126
26173,8.936
26174,18.912
26175,8.950
26176,9.653
26177,8.816
26178,30.889
26179,9.102
26180,9.831
26181,9.108
26182,10.250
26183,9.281
26184,16.383
26185,8.616
26186,9.144
26187,14.517
26188,10.765
26189,10.016
26190,13.711
26191,9.056
26192,9.670
26193,9.129
26194,9.813
26195,25.943
26196,9.101
26197,9.956
26198,9.950
26199,9.117
26200,14.209
26201,9.516
26202,10.745
26203,9.364
26204,26.614
26205,9.474
26206,18.180
26207,9.472
26208,36.147
26209,8.938
26210,9.075
26211,18.951
26212,47.153
26213,15.702
26214,10.505
26215,9.398
26216,8.681
26217,10.196
26218,9.526
26219,9.223
26220,9.645
26221,10.618
26222,9.119
26223,9.366
26224,10.347
26225,27.784
26226,9.096
26227,8.873
26228,22.753
26229,8.203
26230,9.508
26231,10.273
26232,8.904
26233,9.446
26234,29.217
26235,9.019
26236,9.057
26237,8.490
26238,25.426
26239,9.074
26240,8.507
26241,9.991
26242,17.816
26243,17.238
26244,103.340
26245,9.544
26246,9.413
26247,8.883
26248,9.216
26249,10.203
26250,8.511
26251,10.136
26252,9.953
26253,10.558
26254,8.788
26255,31.596
26256,9.564
26257,9.559
26258,10.367
26259,9.527
26260,9.378
26261,11.956
26262,15.254
26263,9.261
26264,28.752
26265,11.174
26266,9.041
26267,9.538
26268,27.733
26269,9.807
26270,8.995
26271,9.167
26272,36.727
26273,27.017
26274,9.344
26275,9.798
26276,9.514
26277,10.755
26278,9.376
26279,9.502
26280,9.473
26281,42.481
26282,8.720
26283,8.963
26284,10.211
26285,13.212
26286,14.068
26287,9.263
26288,9.652
26289,10.323
26290,9.526
26291,11.930
26292,10.126
26293,8.674
26294,8.776
26295,8.944
26296,8.924
26297,9.455
26298,31.690
26299,10.216
26300,9.905
26301,30.315
26302,14.061
26303,9.634
26304,8.926
26305,9.562
26306,9.679
26307,28.664
26308,9.131
26309,9.355
26310,9.707
26311,51.305
26312,9.983
26313,9.692
26314,9.838
26315,10.046
26316,45.202
26317,8.624
26318,8.802
26319,9.010
26320,43.823
26321,8.723
26322,10.022
26323,8.782
26324,12.059
26325,9.743
26326,9.649
26327,10.576
26328,34.528
26329,10.268
26330,10.416
26331,12.578
26332,9.622
26333,48.952
26334,11.266
26335,8.918
26336,10.299
26337,31.031
26338,10.134
26339,8.801
26340,9.775
26341,31.748
26342,12.054
26343,8.589
26344,9.963
26345,10.220
26346,10.070
26347,12.676
26348,9.428
26349,9.655
26350,11.150
26351,9.579
26352,10.816
26353,9.854
26354,29.810
26355,8.735
26356,9.368
26357,11.169
26358,8.543
26359,18.353
26360,8.336
26361,9.557
26362,10.160
26363,9.517
26366,9.727
26367,10.023
26368,9.333
26369,11.224
26364,0.0
26370,16.167
26371,9.021
26372,15.601
26373,8.989
26374,9.389
26375,10.067
26376,68.987
26377,9.607
26378,9.170
26379,9.144
26380,9.325
26381,15.262
26382,9.619
26383,9.974
26384,10.471
26385,12.662
26386,17.545
26387,10.514
26388,9.628
26389,9.983
26390,9.783
26391,80.313
26392,11.724
26393,14.326
26394,10.591
26395,9.782
26396,74.889
26397,8.737
26398,9.579
26399,11.051
26400,9.703
26401,10.437
26402,19.565
26403,8.978
26404,9.851
26405,8.962
26406,31.594
26407,9.233
26408,11.156
26409,9.331
26410,58.330
26411,9.326
26412,11.001
26413,10.772
26414,9.770
26415,16.352
26416,9.482
26417,9.568
26418,9.010
26419,29.885
26420,10.062
26421,11.635
26422,9.991
26423,32.660
26424,9.238
26425,9.314
26426,10.329
26427,33.783
26428,18.181
26429,9.143
26430,67.937
26431,9.438
26432,9.293
26433,9.820
26434,10.123
26435,9.467
26436,29.350
26437,10.223
26438,8.880
26439,9.061
26440,10.018
26441,9.036
26442,9.308
26443,9.399
26444,10.773
26445,9.774
26446,9.550
26447,9.969
26448,9.030
26449,27.009
26450,9.156
26451,9.636
26452,8.954
26453,27.630
26454,9.513
26455,10.971
26456,13.046
26457,8.810
26458,9.289
26459,9.368
26460,9.193
26461,9.886
26462,28.910
26463,8.961
26464,9.179
26465,9.395
26466,9.206
26467,9.429
26468,8.871
26469,9.618
26470,10.090
26471,9.813
26472,9.423
26473,19.968
26474,9.477
26475,10.126
26476,9.029
26477,8.934
26478,50.312
26479,30.080
26480,9.513
26481,9.410
26482,9.053
26483,9.024
26484,13.720
26485,9.454
26486,9.593
26487,9.008
26488,27.229
26489,9.771
26490,12.339
26491,9.696
26492,10.258
26493,9.355
26494,12.724
26495,10.545
26496,9.589
26497,11.137
26498,9.589
26499,9.752
26500,11.433
26501,15.887
26502,9.624
26503,9.484
26504,14.204
26505,24.631
26506,9.641
26507,11.741
26508,9.128
26509,10.358
26510,10.066
26511,10.319
26512,10.183
26513,10.364
26514,12.997
26515,10.175
26516,9.745
26517,9.485
26518,27.616
26519,9.771
26520,9.032
26521,9.208
26522,30.662
26523,9.050
26524,9.169
26525,10.723
26526,8.801
26527,10.057
26528,10.329
26529,10.011
26530,9.107
26531,20.283
26532,9.745
26533,9.672
26534,15.798
26535,9.810
26536,9.104
26537,10.059
26538,17.833
26539,9.244
26540,9.553
26541,12.098
26542,9.686
26543,8.942
26544,16.924
26545,9.754
26546,9.581
26547,55.334
26548,25.180
26549,9.083
26550,10.666
26551,9.175
26552,11.179
26553,9.805
26554,9.643
26555,10.181
26556,9.048
26557,11.124
26558,11.682
26559,19.018
26560,9.627
26561,11.247
26562,9.440
26563,31.455
26564,9.806
26565,11.655
26566,8.905
26567,9.075
26568,67.299
26569,59.320
26570,51.522
26571,44.792
26572,154.148
26573,8.901
26574,20.575
26575,9.122
26576,9.342
26577,9.480
26578,24.167
26579,9.415
26580,8.891
26581,8.536
26582,9.754
26583,8.968
26584,9.384
26585,11.193
26586,9.024
26587,20.373
26588,12.959
26589,11.073
26590,10.010
26591,31.213
26592,11.660
26593,9.057
26594,9.737
26595,9.249
26596,9.137
26597,11.750
26598,8.973
26599,8.946
26600,9.250
26601,10.088
26602,9.222
26603,8.680
26604,9.528
26605,9.555
26606,11.360
26607,8.780
26608,11.121
26609,11.325
26610,10.761
26611,18.500
26612,8.959
26613,10.118
26614,9.000
26615,10.601
26616,13.373
26617,9.194
26618,9.223
26619,24.161
26620,9.484
26621,10.315
26622,10.374
26623,10.016
26624,17.711
26625,9.433
26626,11.149
26627,8.599
26628,11.034
26629,10.571
26630,10.326
26631,9.844
26632,39.854
26633,11.961
26634,8.930
26635,8.806
26636,29.899
26637,10.071
26638,9.636
26639,12.065
26640,35.583
26641,12.083
26642,16.843
26643,13.211
26644,9.833
26645,11.178
26646,14.984
26647,9.086
26648,9.151
26649,29.956
26650,9.043
26651,10.380
26652,10.267
26653,11.336
26654,9.135
26655,9.446
26656,76.645
26657,9.504
26658,20.494
26659,9.149
26660,9.024
26661,15.017
26662,24.637
26663,9.167
26664,9.123
26665,11.186
26666,12.129
26667,29.524
26668,9.227
26669,9.441
26670,9.671
26671,13.722
26672,16.735
26673,14.123
26674,12.241
26675,12.504
26676,12.672
26677,11.853
26678,12.765
26679,35.997
26680,12.783
26681,12.099
26682,12.260
26683,30.275
26684,12.442
26685,12.231
26686,11.986
26687,12.050
26688,22.701
26689,12.670
26690,13.172
26691,12.060
26692,29.216
26693,13.413
26694,12.483
26695,11.864
26696,27.874
26697,14.867
26698,12.133
26699,0.0
26700,0.0
26701,0.0
26702,0.0
26703,0.0
26704,0.0
26705,0.0
26706,0.0
26707,0.0
26708,0.0
26712,14.969
26713,38.473
26709,0.0
26710,0.0
26714,9.551
26715,9.411
26716,9.410
26717,9.906
26718,23.874
26719,13.119
26720,9.068
26721,9.307
26722,10.550
26723,9.169
26724,8.609
26725,9.133
26726,33.116
26727,9.315
26728,8.989
26729,10.156
26730,10.706
26731,19.051
26732,9.654
26733,12.309
26734,9.797
26735,35.137
26736,8.690
26737,8.764
26738,8.572
26739,9.971
26740,0.0
26741,0.0
26747,46.552
26748,24.538
26743,0.0
26744,0.0
26749,9.318
26750,9.692
26745,0.0
26751,9.219
26754,8.984
26755,9.175
26752,0.0
26756,60.599
26757,13.335
26758,11.420
26759,10.097
26760,9.472
26761,20.752
26762,10.610
26763,9.362
26764,10.883
26765,13.169
26766,9.069
26767,9.217
26768,12.729
26769,10.571
26770,21.908
26771,9.840
26772,9.165
26773,9.227
26774,11.718
26775,12.074
26776,9.970
26777,9.991
26778,28.501
26779,9.814
26780,34.613
26781,9.082
26782,9.971
26783,9.560
26784,9.128
26785,26.416
26786,36.914
26787,19.592
26788,9.599
26789,9.151
26790,10.489
26791,44.545
26792,9.717
26793,9.153
26794,34.831
26795,17.285
26796,11.244
26797,11.705
26798,10.352
26799,38.309
26800,31.296
26801,9.112
26802,8.716
26803,9.318
26804,24.433
26805,9.265
26806,8.876
26807,9.185
26808,34.669
26809,9.452
26810,8.946
26811,8.951
26812,12.335
26813,10.680
26814,14.688
26815,9.636
26816,9.148
26817,10.194
26818,11.212
26819,9.023
26820,11.106
26821,28.203
26822,9.187
26823,9.453
26824,9.425
26825,13.079
26826,9.284
26827,9.064
26828,9.820
26829,9.015
26830,14.865
26831,9.500
26832,10.225
26833,9.344
26834,24.334
26835,28.073
26836,8.958
26837,8.989
26838,29.754
26839,9.044
26840,8.628
26841,8.838
26842,34.870
26843,14.893
26844,11.573
26845,16.151
26846,8.959
26847,11.448
26848,9.988
26849,11.359
26850,9.135
26853,9.333
26854,9.806
26855,8.967
26856,10.984
26851,0.0
26857,11.477
26858,9.499
26859,10.860
26860,24.436
26861,11.668
26862,9.283
26863,10.014
26864,33.685
26865,9.334
26866,9.292
26867,8.699
26868,55.108
26869,9.385
26870,11.094
26871,11.161
26872,37.107
26873,17.866
26874,9.192
26875,9.032
26876,9.088
26877,10.698
26878,9.664
26879,9.259
26880,9.253
26881,11.766
26882,9.099
26883,8.867
26884,10.573
26885,9.906
26886,15.197
26887,10.022
26888,11.102
26889,13.621
26890,25.115
26891,8.947
26892,9.444
26893,9.402
26894,32.089
26895,9.409
26896,10.642
26897,9.324
26898,34.232
26899,10.807
26900,9.307
26901,9.270
26902,44.409
26903,10.695
26904,9.743
26905,9.471
26906,13.153
26907,12.280
26908,9.690
26909,9.127
26910,9.194
26911,10.036
26912,10.222
26913,8.933
26914,8.544
26915,11.180
26916,10.567
26917,8.728
26918,8.621
26919,10.103
26920,29.214
26921,8.655
26922,9.344
26923,11.806
26924,61.078
26925,38.583
26926,9.748
26927,12.040
26928,34.672
26929,10.295
26930,9.474
26931,9.059
26932,10.098
26933,27.951
26934,9.661
26935,9.633
26936,8.891
26939,9.158
26940,13.313
26941,12.014
26937,0.0
26942,11.962
26943,8.754
26944,18.783
26945,12.263
26946,18.910
26947,9.102
26948,11.905
26949,10.429
26950,32.723
26951,9.546
26952,8.912
26953,12.129
26954,59.828
26955,11.931
26956,8.680
26957,11.802
26958,9.227
26959,9.735
26960,9.077
26961,9.077
26962,14.620
26963,26.823
26964,8.638
26965,9.250
26966,10.443
26967,24.507
26968,8.802
26969,8.998
26970,9.377
26971,8.825
26972,17.759
26973,11.030
26974,11.023
26975,61.172
26976,11.358
26977,10.069
26978,9.588
26979,10.225
26980,11.131
26981,9.187
26982,53.716
26983,11.010
26984,9.406
26985,11.677
26986,11.649
26987,9.119
26988,8.565
26989,11.437
26990,11.252
26991,12.113
26992,59.072
26993,30.519
26994,8.997
26995,9.021
26996,8.711
26997,14.611
26998,14.347
26999,12.572
27000,10.157
27001,10.096
27002,27.992
27003,13.545
27004,32.476
27005,9.838
27006,26.798
27007,8.560
27008,10.780
27009,10.612
27010,9.837
27011,9.206
27012,8.754
27013,8.899
27014,8.723
27015,15.482
27016,8.815
27017,10.218
27018,9.624
27021,9.315
27022,10.602
27023,9.563
27019,0.0
27024,9.404
27025,25.855
27026,9.318
27027,33.731
27028,10.576
27029,9.063
27030,11.550
27031,9.150
27032,30.372
27033,9.749
27034,10.520
27035,8.902
27036,47.925
27037,9.467
27038,9.092
27039,8.717
27040,10.550
27041,10.654
27042,10.789
27043,9.375
27044,9.888
27045,11.536
27046,9.046
27047,16.323
27048,8.783
27049,11.623
27050,11.002
27051,9.879
27052,8.968
27053,11.081
27054,10.112
27055,9.074
27056,10.588
27057,9.423
27058,70.084
27059,17.667
27060,8.953
27061,8.852
27062,12.120
27063,13.619
27064,9.097
27065,9.466
27066,9.650
27067,8.607
27068,10.934
27069,9.103
27070,34.293
27071,11.379
27072,9.161
27073,9.506
27074,9.955
27075,21.803
27076,12.856
27077,11.905
27078,9.338
27079,29.548
27080,9.430
27081,9.732
27082,9.787
27083,10.665
27084,10.202
27085,53.338
27086,141.242
27087,9.673
27088,21.494
27089,9.781
27090,13.640
27091,9.027
27092,28.198
27093,12.181
27094,9.273
27095,9.297
27096,31.175
27097,10.649
27098,13.267
27099,10.547
27100,9.083
27101,21.650
27102,10.615
27103,9.022
27104,9.912
27105,9.795
27106,9.267
27107,13.540
27108,9.521
27109,27.510
27110,19.488
27111,9.604
27112,27.791
27113,32.302
27114,19.922
27115,12.367
27116,12.674
27117,11.560
27118,43.734
27119,10.204
27120,9.056
27121,8.990
27122,11.426
27123,8.707
27124,11.028
27125,16.089
27126,30.644
27127,12.819
27128,9.273
27129,33.628
27130,12.135
27131,17.469
27132,9.480
27133,9.526
27134,8.981
27135,26.342
27136,23.703
27137,8.937
27138,9.239
27139,10.404
27140,9.051
27141,9.548
27142,8.940
27143,8.833
27144,16.374
27145,9.485
27146,9.325
27147,9.690
27148,11.139
27149,15.812
27150,51.869
27151,13.330
27152,24.815
27153,9.559
27154,9.368
27155,9.798
27156,37.294
27157,14.022
27158,9.198
27159,8.954
27160,9.752
27161,24.972
27162,8.780
27163,9.352
27164,9.325
27165,11.108
27166,27.484
27167,9.061
27168,9.072
27171,21.853
27172,70.418
27173,82.035
27174,18.976
27169,0.0
27175,70.733
27176,47.771
27177,8.794
27178,13.231
27179,8.897
27180,15.561
27181,10.417
27182,31.416
27183,9.473
27184,9.006
27185,9.242
27186,9.839
27187,9.724
27188,8.820
27189,9.530
27190,9.265
27191,25.401
27192,9.048
27193,14.590
27194,8.947
27195,37.943
27196,9.421
27197,8.968
27198,16.619
27199,8.934
27200,10.642
27201,10.394
27202,8.661
27203,8.712
27204,22.529
27205,10.127
27206,9.112
27207,8.838
27208,11.310
27209,10.037
27210,9.236
27211,38.811
27212,32.426
27213,9.136
27214,9.038
27215,9.507
27216,8.870
27217,10.954
27218,11.691
27219,8.998
27220,102.049
27221,29.371
27222,9.016
27223,8.972
27224,11.248
27225,11.537
27226,8.848
27227,30.475
27228,9.102
27229,11.517
27230,23.520
27231,8.886
27232,9.726
27233,11.680
27234,11.839
27235,9.020
27236,21.444
27237,8.984
27238,29.421
27239,9.635
27240,18.000
27241,11.289
27242,9.017
27243,10.002
27244,10.928
27245,9.403
27246,11.799
27247,11.980
27248,9.184
27249,8.683
27250,13.637
27251,10.060
27252,11.680
27253,9.965
27254,9.342
27255,35.633
27256,9.683
27257,10.500
27258,34.706
27259,40.999
27260,19.611
27261,8.650
27262,10.750
27263,10.552
27266,9.419
27267,9.805
27268,10.094
27269,9.236
27264,0.0
27270,9.339
27271,16.550
27272,37.963
27273,20.600
27274,9.562
27275,8.862
27276,12.211
27277,20.505
27278,9.144
27279,9.236
27280,12.682
27281,10.517
27282,9.236
27283,9.211
27284,9.111
27285,9.413
27286,10.513
27287,11.060
27288,9.385
27289,14.300
27290,23.454
27291,9.676
27292,9.477
27293,11.129
27294,10.997
27295,9.214
27296,9.183
27297,16.038
27298,35.837
27299,10.020
27300,25.076
27301,9.035
27302,9.438
27303,10.293
27304,9.323
27305,11.647
27306,16.899
27307,10.158
27308,8.986
27309,110.899
27310,8.844
27311,9.401
27312,9.713
27313,8.936
27314,10.233
27315,38.051
27316,35.182
27317,9.168
27318,9.032
27319,9.390
27320,30.688
27323,9.052
27324,10.214
27325,9.031
27321,0.0
27326,9.294
27327,10.638
27328,8.891
27329,34.601
27330,8.907
27331,10.741
27332,9.503
27333,9.922
27334,9.674
27335,12.460
27336,9.985
27337,34.526
27338,10.555
27339,9.361
27340,8.669
27341,34.514
27342,9.830
27343,9.015
27344,59.107
27345,13.140
27346,40.044
27347,8.950
27348,9.189
27349,9.604
27352,9.011
27353,9.340
27354,12.346
27355,13.605
27350,0.0
27356,9.027
27357,8.680
27358,9.280
27359,16.769
27360,9.529
27361,18.673
27362,9.327
27363,10.786
27364,8.942
27365,10.212
27366,11.153
27367,28.510
27368,9.235
27369,8.814
27370,9.096
27371,8.924
27372,41.989
27373,9.216
27374,9.424
27375,9.356
27376,10.692
27377,9.848
27378,12.855
27379,8.833
27380,22.559
27381,8.963
27382,9.548
27383,18.704
27384,34.412
27385,10.325
27386,8.615
27387,12.677
27388,8.667
27389,22.005
27390,9.579
27391,16.126
27392,9.449
27393,36.353
27394,8.939
27395,9.577
27396,8.784
27397,11.493
27398,69.022
27399,14.139
27400,9.006
27401,9.015
27402,18.201
27403,8.606
27404,16.270
27405,10.711
27406,27.074
27407,9.417
27408,10.461
27409,9.083
27410,10.033
27411,10.815
27412,8.659
27413,23.181
27414,8.619
27415,10.074
27416,10.678
27417,9.360
27418,16.466
27419,11.588
27420,8.762
27421,10.747
27422,10.074
27423,25.644
27424,9.085
27425,9.148
27426,9.294
27427,8.957
27428,10.280
27429,9.333
27430,9.268
27431,9.330
27432,10.771
27433,26.822
27434,9.540
27435,9.726
27436,12.406
27437,9.161
27438,10.900
27439,9.163
27440,30.103
27441,37.648
27442,11.364
27443,11.405
27444,8.815
27445,19.947
27446,9.214
27447,12.055
27448,9.304
27449,138.732
27452,9.238
27453,33.186
27454,14.308
27455,9.058
27450,0.0
27456,9.223
27457,9.989
27458,11.380
27459,23.274
27460,9.051
27461,9.057
27462,22.881
27463,9.471
27464,8.965
27465,16.476
27466,33.738
27467,16.529
27468,8.926
27469,9.331
27470,34.461
27471,11.569
27472,9.182
27473,12.449
27474,9.094
27475,21.662
27476,9.090
27477,10.079
27478,10.247
27479,10.640
27480,39.270
27481,11.145
27482,10.576
27483,10.412
27484,8.869
27485,13.458
27486,8.910
27487,9.668
27488,20.805
27489,11.108
27490,9.131
27491,9.200
27492,32.242
27493,9.131
27494,10.950
27495,9.735
27496,10.194
27497,9.524
27498,8.782
27499,9.075
27500,8.992
27501,23.465
27502,8.678
27503,9.008
27504,9.074
27505,10.780
27506,9.530
27507,9.048
27508,88.887
27509,9.731
27510,9.179
27511,8.884
27512,9.891
27513,56.819
27514,17.361
27515,10.156
27516,8.794
27517,11.769
27518,23.403
27519,9.842
27520,9.179
27521,9.422
27522,9.810
27523,9.523
27524,10.392
27525,9.044
27526,10.258
27527,9.777
27528,8.748
27529,9.380
27530,9.365
27531,10.272
27532,9.414
27533,11.606
27534,46.794
27535,10.704
27536,8.497
27537,10.182
27538,9.696
27539,44.867
27540,8.975
27541,8.937
27542,9.141
27543,9.002
27544,65.977
27545,9.360
27546,10.088
27547,8.615
27548,10.690
27549,11.100
27550,8.743
27551,9.234
27552,10.387
27553,12.878
27554,9.506
27555,9.104
27556,9.233
27557,13.146
27558,11.787
27559,10.163
27560,9.784
27561,10.494
27562,8.601
27563,9.095
27564,9.336
27565,32.321
27566,9.334
27567,9.033
27568,9.368
27569,11.551
27570,12.493
27571,9.557
27572,9.647
27573,10.407
27574,17.714
27575,9.344
27576,9.190
27577,9.312
27578,30.852
27579,11.402
27580,20.586
27581,11.439
27582,10.679
27583,9.421
27584,39.703
27585,12.699
27586,8.961
27587,13.618
27588,9.613
27589,9.334
27590,9.255
27591,25.772
27592,9.295
27593,10.479
27594,9.753
27595,30.596
27596,8.927
27597,8.912
27598,8.696
27599,38.669
27600,10.847
27601,9.261
27602,9.541
27603,11.443
27604,12.464
27605,10.831
27606,8.761
27607,8.897
27608,10.538
27609,8.842
27610,9.067
27611,24.008
27612,38.753
27613,11.600
27614,8.956
27615,9.316
27616,8.740
27617,21.308
27618,9.249
27619,8.862
27620,9.736
27621,12.482
27622,9.057
27623,9.463
27624,9.526
27625,34.264
27626,11.048
27627,12.071
27628,9.273
27629,36.884
27630,18.790
27631,9.856
27632,9.092
27633,11.355
27634,29.445
27635,9.519
27636,8.879
27637,9.628
27638,29.884
27639,10.031
27640,9.551
27641,10.529
27642,35.488
27643,10.889
27644,20.654
27645,9.464
27646,8.989
27647,10.864
27648,16.234
27649,8.859
27650,9.076
27651,13.077
27652,8.815
27653,8.871
27654,9.142
27655,32.232
27656,9.193
27657,8.820
27658,11.391
27659,9.457
27660,23.376
27661,8.935
27662,8.960
27663,9.883
27666,25.213
27667,9.222
27664,0.0
27668,10.295
27669,9.139
27670,8.868
27673,11.265
27674,9.263
27675,21.124
27671,0.0
27676,8.922
27677,27.262
27678,9.457
27679,9.791
27680,9.934
27681,54.271
27682,10.955
27683,8.847
27684,9.307
27685,9.595
27686,11.588
27687,10.002
27688,9.005
27689,12.234
27690,24.820
27691,12.012
27692,8.776
27693,8.942
27694,25.015
27695,29.042
27696,8.795
27697,14.010
27698,34.092
27699,13.481
27700,9.130
27701,9.409
27702,9.329
27703,29.923
27704,9.018
27705,9.629
27706,8.992
27707,33.756
27708,8.796
27709,8.517
27710,16.800
27711,10.437
27712,9.047
27713,9.833
27714,9.162
27715,8.788
27716,10.199
27717,9.191
27718,11.235
27719,54.625
27720,27.299
27721,10.541
27722,9.484
27723,11.911
27724,10.651
27725,10.020
27726,9.288
27727,9.112
27728,35.603
27729,13.086
27730,8.810
27731,8.823
27732,10.520
27733,26.596
27734,18.046
27735,9.485
27736,9.302
27737,33.739
27738,9.693
27739,104.096
27740,12.506
27741,55.991
27742,11.125
27743,9.007
27744,9.095
27745,9.181
27746,22.001
27747,15.796
27748,9.045
27749,8.590
27750,29.458
27751,8.963
27752,8.941
27753,9.197
27754,9.720
27755,9.486
27756,9.447
27757,11.763
27758,9.700
27759,9.531
27760,11.352
27761,8.960
27762,9.255
27765,8.853
27766,8.989
27763,0.0
27767,39.895
27768,9.795
27769,11.096
27770,12.229
27771,8.859
27772,19.822
27773,8.529
27774,40.818
27775,53.682
27776,75.125
27777,58.777
27778,9.185
27779,22.652
27780,35.283
27781,9.225
27782,8.691
27783,8.927
27784,39.630
27785,12.902
27786,10.107
27787,10.866
27788,8.952
27789,38.112
27790,9.994
27791,10.524
27792,9.446
27793,9.547
27794,9.636
27795,12.790
27796,10.679
27797,9.116
27798,24.874
27799,10.374
27800,9.060
27801,11.639
27802,30.965
27803,13.247
27804,8.847
27805,9.132
27806,8.998
27807,21.364
27808,11.606
27809,9.786
27810,48.823
27811,28.530
27812,9.463
27813,13.188
27814,12.537
27815,33.170
27816,13.372
27817,10.739
27818,9.360
27819,38.608
27820,19.050
27821,9.420
27822,8.724
27823,8.619
27824,31.069
27825,11.277
27826,9.551
27827,10.882
27828,10.825
27829,10.856
27830,10.440
27831,13.794
27832,8.762
27833,20.948
27834,8.991
27835,9.058
27836,62.116
27837,12.133
27838,9.350
27839,8.674
27840,9.135
27841,33.540
27842,11.251
27843,10.848
27844,8.492
27845,9.943
27846,10.087
27847,9.237
27848,8.567
27849,9.240
27850,14.287
27851,9.026
27852,9.089
27853,9.479
27854,12.173
27855,9.509
27856,17.040
27857,10.210
27858,30.721
27859,10.973
27860,9.495
27861,8.812
27862,8.643
27863,18.187
27864,12.829
27865,9.013
27866,9.388
27867,14.244
27868,9.212
27869,10.378
27870,9.366
27871,9.462
27872,10.157
27873,9.620
27874,8.869
27875,8.916
27876,22.278
27877,9.401
27878,9.425
27879,9.729
27880,12.154
27881,10.349
27882,9.638
27883,8.810
27884,12.193
27885,10.207
27886,9.193
27887,9.306
27888,8.644
27889,19.428
27890,9.924
27891,9.190
27892,10.075
27893,11.972
27894,17.112
27895,9.672
27896,9.011
27897,10.680
27898,9.488
27899,11.041
27900,9.162
27901,14.118
27902,9.114
27903,18.408
27904,9.159
27905,9.508
27906,11.061
27907,9.739
27908,9.582
27909,9.116
27912,9.518
27913,10.170
27914,12.674
27915,11.064
27910,0.0
27916,10.857
27917,9.131
27918,12.767
27919,11.131
27920,9.265
27921,9.557
27922,10.535
27923,11.443
27924,9.079
27925,8.808
27926,9.236
27927,11.875
27928,9.530
27929,11.018
27930,9.412
27931,8.976
27932,17.179
27933,10.826
27934,9.423
27935,10.509
27936,25.782
27937,9.617
27938,11.093
27939,8.906
27940,59.533
27941,8.584
27942,9.102
27943,8.938
27944,37.070
27945,10.867
27946,8.843
27947,8.950
27948,9.188
27949,18.869
27950,11.255
27951,9.441
27952,54.482
27953,34.494
27954,8.902
27955,21.113
27956,9.124
27957,9.838
27958,8.791
27959,9.242
27960,11.363
27961,11.060
27962,23.019
27963,8.999
27964,9.619
27965,9.886
27966,25.573
27967,14.143
27968,34.571
27969,9.548
27970,9.226
27971,10.228
27972,8.815
27973,8.638
27974,8.818
27975,10.983
27976,10.059
27977,33.002
27978,10.231
27979,22.986
27980,11.446
27981,16.803
27982,9.128
27983,34.911
27984,9.721
27985,11.408
27986,13.239
27987,8.920
27988,14.343
27989,12.974
27990,9.015
27991,9.496
27992,22.770
27993,9.316
27994,9.091
27995,10.817
27996,31.886
27997,19.017
27998,19.249
27999,9.034
28000,28.258
28001,9.121
28002,9.146
28003,10.484
28004,9.694
28005,39.595
28006,9.299
28007,9.037
28008,9.354
28009,27.808
28010,9.377
28011,9.791
28012,9.463
28013,26.821
28014,34.124
28015,10.353
28016,8.918
28017,9.474
28018,10.307
28019,10.010
28020,10.587
28021,9.673
28022,12.611
28023,9.163
28024,9.490
28025,9.357
28026,12.864
28027,8.935
28028,11.295
28029,10.952
28030,34.053
28031,9.568
28032,9.808
28033,39.301
28034,8.783
28035,19.247
28036,9.640
28041,9.418
28042,14.533
28037,0.0
28039,0.0
28043,12.472
28044,9.502
28045,10.274
28046,10.651
28047,10.348
28048,13.610
28049,9.242
28050,12.068
28051,9.727
28052,10.919
28053,11.445
28054,9.489
28055,9.215
28056,10.516
28057,9.703
28058,9.656
28059,10.044
28060,8.964
28061,9.575
28062,10.012
28063,10.234
28064,8.814
28065,18.632
28066,8.996
28067,9.129
28068,8.543
28069,10.195
28070,8.921
28071,9.727
28072,12.936
28073,57.221
28074,12.984
28075,10.763
28076,8.619
28077,15.008
28078,52.320
28079,9.542
28080,10.029
28081,8.645
28082,10.133
28083,8.981
28084,9.061
28085,9.728
28086,9.684
28087,9.283
28088,12.612
28089,27.271
28090,9.006
28091,18.570
28092,9.212
28093,8.860
28094,10.710
28095,27.732
28096,9.455
28097,11.331
28098,9.570
28099,35.743
28100,8.918
28101,12.552
28102,9.398
28103,9.542
28104,46.404
28105,9.160
28106,8.808
28107,8.895
28108,26.321
28109,10.240
28110,9.758
28111,11.337
28112,10.188
28113,9.115
28114,9.878
28115,8.584
28116,34.493
28117,35.766
28118,9.013
28119,10.116
28120,9.869
28121,11.629
28122,11.837
28123,9.317
28124,9.389
28127,9.293
28128,15.185
28129,10.384
28130,10.972
28131,9.909
28125,0.0
28132,8.835
28133,9.040
28134,11.895
28135,17.631
28136,9.041
28137,10.348
28138,13.173
28139,13.630
28140,9.989
28141,8.902
28142,27.956
28143,17.618
28144,13.529
28145,15.522
28146,35.123
28147,16.715
28148,40.583
28149,9.797
28150,11.640
28151,11.643
28152,9.424
28153,10.129
28154,9.293
28155,30.504
28156,11.786
28157,8.868
28158,9.429
28159,48.447
28160,61.876
28161,65.945
28162,15.871
28163,50.816
28164,21.564
28165,13.394
28166,9.305
28167,9.027
28168,30.172
28169,17.137
28170,25.187
28171,9.036
28172,30.148
28173,17.138
28174,15.291
28175,9.895
28176,9.058
28177,22.045
28178,9.463
28179,10.324
28180,10.962
28181,30.228
28182,12.897
28183,10.863
28184,20.034
28185,27.995
28186,11.780
28187,17.957
28188,9.233
28189,9.722
28190,15.750
28191,8.817
28192,12.109
28193,9.319
28194,25.141
28195,9.004
28196,9.180
28197,8.660
28198,39.239
28199,9.462
28200,8.961
28201,12.168
28202,37.408
28203,13.397
28204,8.569
28205,39.094
28206,9.462
28207,22.227
28208,8.945
28209,11.700
28210,9.036
28211,30.335
28212,9.483
28213,9.500
28214,8.872
28215,30.035
28216,14.433
28217,10.943
28218,8.707
28219,53.793
28220,18.696
28221,11.225
28222,9.138
28223,9.769
28224,31.910
28225,9.493
28226,9.840
28227,9.090
28228,10.175
28229,41.202
28230,9.882
28231,10.586
28232,9.156
28233,20.002
28234,8.613
28235,9.144
28236,9.252
28237,29.078
28238,11.691
28239,9.221
28240,9.681
28241,14.112
28242,37.879
28243,8.902
28244,10.068
28245,8.761
28246,10.406
28247,15.451
28248,9.666
28249,9.515
28250,10.447
28251,9.034
28252,9.017
28253,9.213
28254,11.068
28255,9.275
28256,8.933
28257,8.996
28258,14.622
28259,9.047
28260,9.072
28261,8.894
28262,10.817
28263,22.233
28264,10.806
28265,9.934
28266,9.466
28269,8.699
28270,9.009
28267,0.0
28273,10.161
28274,9.201
28275,36.656
28276,10.563
28271,0.0
28277,11.760
28278,9.176
28279,8.967
28280,30.842
28281,9.404
28282,9.192
28283,9.313
28286,9.033
28287,8.798
28288,9.113
28289,19.384
28284,0.0
28290,11.220
28291,9.745
28292,10.742
28293,11.574
28294,8.438
28295,9.376
28296,9.299
28297,30.875
28298,32.328
28299,8.635
28300,8.904
28301,9.978
28302,15.478
28303,11.504
28304,8.868
28305,8.867
28306,19.153
28307,8.912
28308,9.032
28309,13.698
28310,28.502
28311,8.972
28312,9.475
28313,9.068
28314,28.375
28315,14.485
28316,20.888
28317,8.987
28318,29.795
28319,21.250
28320,10.246
28321,9.436
28322,9.217
28323,29.995
28324,8.922
28325,9.115
28326,11.080
28327,25.962
28328,27.344
28329,8.972
28330,9.162
28331,8.506
28332,41.295
28333,11.130
28334,8.690
28335,9.030
28336,24.624
28337,9.633
28338,36.649
28339,8.689
28340,31.947
28341,8.686
28342,9.319
28343,11.226
28344,30.751
28345,46.791
28346,9.166
28347,9.028
28348,9.557
28349,23.142
28350,8.844
28351,9.242
28352,9.073
28353,30.246
28354,9.034
28355,33.686
28356,8.674
28359,8.400
28360,11.350
28361,9.224
28357,0.0
28362,12.493
28363,9.884
28364,8.669
28365,9.195
28368,39.957
28369,10.789
28366,0.0
28370,9.663
28371,9.478
28372,9.071
28373,9.160
28374,10.549
28375,9.869
28376,59.835
28377,46.872
28378,84.588
28379,17.509
28380,42.667
28381,8.999
28382,9.130
28385,8.887
28386,9.201
28383,0.0
28387,32.653
28388,17.659
28389,8.883
28390,9.324
28391,9.569
28392,12.257
28393,13.102
28394,44.260
28395,11.332
28396,42.922
28397,8.919
28398,16.781
28399,8.832
28400,10.160
28401,8.792
28402,8.929
28403,8.799
28404,8.759
28405,9.594
28406,9.080
28407,9.337
28408,8.820
28411,10.410
28412,10.056
28413,39.273
28409,0.0
28414,9.316
28415,9.637
28416,9.101
28417,36.532
28418,38.523
28419,9.463
28420,11.622
28421,8.995
28422,12.980
28423,8.845
28424,8.749
28425,10.505
28428,11.267
28429,8.929
28430,9.264
28431,9.673
28426,0.0
28432,8.914
28433,9.025
28434,9.718
28435,11.372
28436,10.508
28437,12.323
28438,9.213
28439,13.673
28440,11.096
28441,9.173
28442,9.575
28443,29.799
28444,9.339
28445,9.205
28446,9.035
28447,9.242
28448,18.112
28449,8.621
28450,10.977
28451,9.398
28452,12.025
28453,8.466
28454,9.469
28455,8.717
28458,8.461
28459,11.063
28456,0.0
28460,9.393
28461,9.785
28462,9.755
28463,10.053
28464,8.929
28465,10.150
28466,11.410
28467,9.809
28468,9.372
28469,36.980
28470,9.039
28471,9.732
28474,10.080
28475,9.005
28476,9.358
28477,10.054
28472,0.0
28478,27.830
28479,11.028
28480,27.614
28481,11.216
28482,38.613
28483,9.178
28484,8.633
28485,9.054
28486,10.440
28487,9.229
28488,9.425
28489,8.933
28490,8.849
28491,9.509
28492,9.341
28493,8.973
28494,9.360
28495,12.811
28496,8.987
28497,8.966
28498,19.140
28499,24.779
28500,12.038
28501,9.302
28502,9.157
28503,60.443
28504,20.088
28505,10.952
28506,8.764
28507,8.450
28508,11.611
28509,9.144
28510,9.793
28511,11.211
28512,10.264
28513,12.136
28514,10.301
28515,9.326
28516,9.215
28517,9.471
28518,8.928
28519,9.224
28520,9.481
28521,10.526
28522,9.046
28523,9.476
28524,9.347
28525,16.300
28526,8.901
28527,11.196
28528,9.485
28531,9.179
28532,9.580
28529,0.0
28533,9.481
28534,10.371
28535,8.597
28536,9.493
28537,8.868
28538,28.011
28539,10.128
28540,8.817
28541,9.039
28542,27.830
28543,28.198
28544,11.931
28545,10.126
28546,9.551
28547,13.475
28548,8.554
28549,8.970
28550,9.326
28553,8.849
28554,9.628
28551,0.0
28559,9.517
28560,10.612
28555,0.0
28557,0.0
28561,9.661
28562,8.931
28563,8.774
28564,24.462
28565,13.859
28566,9.260
28567,9.526
28568,19.760
28569,14.796
28570,8.846
28571,8.989
28572,10.733
28573,16.580
28574,9.123
28575,8.818
28576,9.412
28577,14.691
28578,14.433
28579,9.512
28580,9.142
28583,11.072
28584,9.007
28585,27.507
28581,0.0
28586,9.035
28587,9.126
28588,9.356
28589,9.404
28590,10.966
28591,9.242
28592,11.565
28593,9.287
28594,11.520
28595,11.303
28596,9.449
28597,9.010
28598,25.920
28599,8.861
28600,28.426
28601,8.931
28602,33.199
28603,9.547
28604,9.350
28605,24.022
28606,9.182
28607,25.535
28608,11.399
28609,9.091
28610,9.095
28611,10.654
28612,11.038
28613,9.000
28614,9.409
28615,10.756
28616,79.454
28617,12.023
28618,9.233
28619,9.251
28622,10.043
28623,9.037
28624,28.763
28620,0.0
28625,10.506
28626,9.304
28627,47.135
28628,11.669
28629,14.131
28630,9.131
28631,8.963
28632,9.314
28633,10.485
28634,9.709
28635,9.229
28636,8.754
28639,8.652
28640,9.167
28637,0.0
28641,25.535
28642,9.851
28643,9.055
28644,9.510
28645,9.144
28646,9.235
28647,9.141
28648,8.670
28649,9.246
28650,14.150
28651,25.992
28652,8.874
28653,11.298
28654,11.582
28655,8.884
28656,9.317
28657,10.564
28658,9.921
28659,16.078
28660,9.267
28661,9.071
28662,11.400
28663,10.311
28664,26.011
28665,9.375
28666,8.824
28667,28.801
28668,9.225
28669,9.202
28670,9.198
28671,9.199
28672,8.898
28673,9.157
28674,9.213
28675,10.552
28676,19.952
28677,11.790
28678,9.619
28679,9.505
28680,11.362
28681,9.092
28682,10.279
28683,9.509
28684,12.321
28685,9.885
28686,9.523
28687,9.358
28688,9.754
28689,9.930
28690,9.907
28691,8.991
28692,9.665
28693,28.854
28694,9.410
28695,9.401
28696,9.227
28697,30.609
28698,10.885
28699,9.334
28700,18.138
28701,31.927
28702,11.316
28703,9.378
28704,9.016
28705,9.657
28706,23.662
28707,9.621
28708,10.008
28709,48.967
28710,11.863
28711,9.662
28712,9.371
28713,9.210
28714,9.909
28715,9.028
28716,9.066
28717,10.022
28718,13.484
28719,11.098
28720,10.311
28721,8.816
28722,9.183
28723,25.463
28724,11.795
28725,9.626
28726,11.350
28727,9.470
28728,9.461
28729,9.022
28730,9.278
28731,13.763
28732,17.593
28733,10.197
28734,16.291
28735,12.845
28736,27.271
28737,10.041
28738,9.202
28739,9.342
28740,10.872
28741,9.918
28742,9.589
28743,9.302
28744,9.326
28745,14.179
28746,9.448
28747,9.093
28748,9.606
28749,10.230
28750,9.350
28751,8.882
28752,9.706
28753,10.876
28754,10.299
28755,8.945
28756,17.098
28757,28.748
28758,12.133
28759,9.346
28760,9.688
28761,9.217
28762,12.907
28763,9.326
28764,9.033
28765,14.017
28766,11.950
28767,9.234
28768,9.609
28769,9.551
28770,10.229
28771,8.886
28772,9.298
28773,9.733
28774,8.833
28775,19.461
28776,12.437
28777,9.565
28778,10.920
28779,10.280
28780,10.764
28781,9.681
28782,9.562
28783,10.405
28784,9.928
28785,10.012
28786,9.243
28787,9.102
28788,11.235
28789,9.097
28790,10.259
28791,8.260
28792,10.560
28793,9.691
28794,9.860
28795,9.284
28796,10.896
28797,9.597
28798,9.156
28799,9.404
28800,9.220
28801,12.866
28802,12.846
28803,9.926
28804,9.656
28805,36.532
28806,8.837
28807,9.184
28808,10.258
28809,9.693
28810,10.078
28811,9.151
28812,8.563
28813,9.115
28814,10.024
28815,8.752
28816,9.632
28817,11.295
28818,15.505
28819,8.968
28820,8.666
28821,9.130
28822,10.551
28823,9.244
28824,9.639
28825,9.568
28826,10.655
28827,10.670
28828,9.302
28829,9.773
28830,10.552
28831,13.271
28832,9.267
28833,9.459
28834,9.428
28835,25.928
28836,9.374
28837,9.101
28838,9.646
28839,10.652
28840,8.980
28841,10.666
28842,9.452
28843,14.945
28844,10.294
28845,9.520
28846,8.708
28849,9.734
28850,11.361
28851,13.255
28852,12.234
28847,0.0
28853,9.619
28854,12.910
28855,9.292
28856,28.226
28857,11.253
28858,10.238
28859,10.027
28860,10.759
28861,10.682
28862,9.427
28863,9.368
28866,8.765
28867,12.977
28868,9.889
28869,11.701
28864,0.0
28870,9.154
28871,9.257
28872,9.391
28873,9.597
28874,10.355
28875,8.997
28876,9.030
28879,9.537
28880,8.531
28881,10.201
28882,10.191
28877,0.0
28883,9.132
28884,9.392
28885,8.756
28886,33.695
28887,10.085
28888,13.370
28889,9.867
28890,9.207
28891,10.111
28892,10.190
28893,9.477
28894,9.457
28895,30.618
28896,13.003
28897,13.558
28898,10.973
28899,9.461
28900,10.837
28901,9.102
28902,11.282
28903,15.847
28904,10.274
28905,20.741
28906,9.490
28907,9.456
28908,10.900
28909,12.936
28910,9.965
28911,10.302
28912,9.516
28913,11.450
28914,11.006
28915,9.407
28916,9.354
28917,19.238
28918,9.274
28919,23.143
28920,48.726
28921,23.422
28922,15.508
28923,9.634
28924,9.517
28925,60.994
28926,16.719
28927,9.292
28928,11.967
28929,9.563
28930,12.961
28931,9.123
28932,9.659
28933,23.850
28934,11.528
28935,9.132
28936,9.012
28937,12.856
28938,16.924
28939,13.209
28940,12.470
28941,11.697
28942,28.494
28943,9.164
28944,8.835
28945,8.995
28946,9.185
28947,16.299
28948,11.094
28949,8.961
28950,9.200
28951,11.278
28952,9.256
28953,12.782
28954,8.737
28955,25.619
28956,13.008
28957,9.183
28958,8.665
28959,8.815
28960,9.002
28961,9.457
28962,9.463
28963,9.107
28964,21.998
28965,9.784
28966,8.913
28967,54.991
28968,11.916
28969,9.454
28970,9.295
28971,10.705
28974,9.427
28975,9.028
28976,9.295
28972,0.0
28977,9.612
28978,8.989
28979,15.742
28980,85.812
28981,35.188
28982,29.012
28983,30.600
28984,9.461
28985,33.847
28986,8.992
28987,9.535
28988,9.515
28989,11.450
28990,11.558
28991,9.170
28992,9.182
28993,9.465
28994,11.348
28995,9.979
28996,22.744
28997,9.280
29000,9.088
29001,9.355
29002,9.045
28998,0.0
29003,36.122
29004,23.836
29005,9.115
29006,11.780
29007,13.776
29008,9.650
29009,9.104
29010,9.217
29011,56.797
29012,8.984
29013,9.677
29014,9.418
29015,9.389
29016,10.081
29017,9.712
29018,9.090
29019,13.326
29020,11.571
29021,9.375
29022,8.658
29023,9.477
29026,9.267
29027,8.974
29028,10.165
29029,9.468
29024,0.0
29030,10.687
29031,9.630
29032,9.257
29035,9.719
29036,9.349
29033,0.0
29039,9.483
29040,9.976
29037,0.0
29043,10.264
29044,8.835
29045,9.191
29046,12.306
29041,0.0
29047,10.377
29048,8.883
29049,9.731
29050,24.864
29051,8.859
29052,8.658
29053,9.142
29056,8.853
29057,9.269
29054,0.0
29058,11.869
29059,14.924
29060,8.773
29061,12.714
29062,9.541
29063,23.129
29064,10.017
29065,9.121
29066,11.987
29067,31.511
29068,9.506
29069,9.263
29070,9.448
29071,8.891
29072,12.900
29073,9.133
29074,9.508
29075,11.363
29076,10.719
29077,8.746
29078,9.142
29079,15.675
29082,9.223
29083,9.695
29084,35.109
29080,0.0
29085,9.345
29086,10.546
29087,8.653
29088,9.261
29089,11.115
29090,9.268
29091,10.301
29092,11.944
29093,11.420
29094,11.288
29095,9.343
29096,8.799
29099,9.748
29100,13.672
29101,9.913
29097,0.0
29102,10.761
29103,9.959
29104,9.674
29105,9.225
29106,11.538
29107,8.773
29108,9.137
29109,12.099
29110,9.470
29111,9.192
29112,9.040
29113,9.528
29114,10.936
29115,11.019
29116,13.784
29117,12.379
29118,9.111
29119,11.475
29120,9.261
29121,9.679
29122,8.984
29123,11.968
29124,9.042
29125,9.361
29126,11.264
29127,32.759
29128,9.075
29129,8.997
29130,8.682
29131,9.161
29132,18.297
29133,13.448
29134,9.783
29135,8.519
29136,11.290
29137,9.258
29138,11.326
29139,10.098
29140,35.422
29141,8.706
29142,9.537
29143,19.739
29144,13.825
29145,16.278
29146,9.278
29147,9.176
29148,11.113
29149,24.440
29150,9.915
29151,12.906
29152,8.933
29155,9.599
29156,9.629
29153,0.0
29157,9.315
29158,10.211
29159,9.469
29160,14.248
29161,8.707
29164,8.623
29165,9.707
29166,10.796
29162,0.0
29170,31.852
29171,8.907
29167,0.0
29168,0.0
29172,9.135
29173,10.335
29174,0.0
29175,0.0
29176,0.0
29177,0.0
29183,31.300
29178,0.0
29179,0.0
29180,0.0
29184,15.798
29185,14.559
29186,9.558
29181,0.0
29187,9.175
29188,15.669
29189,9.804
29190,8.993
29191,9.002
29192,10.074
29193,9.743
29194,10.999
29195,8.765
29196,9.443
29197,9.698
29198,8.748
29199,11.815
29200,32.968
29201,16.371
29202,9.219
29203,8.434
29204,9.404
29205,24.839
29206,24.265
29207,9.598
29208,8.728
29209,34.163
29210,20.759
29211,9.275
29212,8.556
29213,30.730
29214,21.226
29215,8.874
29216,9.272
29217,9.361
29218,23.477
29219,21.485
29220,46.120
29221,8.914
29222,10.495
29223,9.282
29224,9.335
29225,9.138
29228,11.248
29229,8.648
29230,11.480
29231,10.506
29226,0.0
29232,9.363
29233,8.853
29234,12.126
29235,10.392
29236,12.792
29237,8.497
29238,9.190
29239,10.272
29240,8.770
29241,10.757
29242,9.537
29243,9.182
29244,9.557
29245,10.190
29246,9.117
29247,9.147
29248,12.493
29249,13.380
29250,9.388
29251,8.987
29252,45.630
29253,10.873
29254,15.774
29255,9.526
29258,11.300
29259,19.656
29260,9.124
29261,9.558
29262,10.590
29256,0.0
29263,9.821
29264,8.759
29265,12.511
29266,9.562
29267,9.231
29268,9.190
29269,9.698
29270,12.561
29271,8.802
29272,9.005
29273,8.908
29274,9.685
29275,8.746
29276,8.712
29277,9.190
29280,9.925
29281,8.681
29278,0.0
29284,10.432
29285,8.697
29282,0.0
29288,9.029
29289,9.511
29290,8.586
29291,25.452
29286,0.0
29292,9.608
29293,19.550
29294,8.967
29295,30.196
29296,9.695
29297,9.197
29298,9.320
29301,9.599
29302,9.612
29303,9.292
29299,0.0
29304,13.079
29305,15.503
29306,8.688
29307,10.040
29308,11.264
29309,9.006
29310,9.454
29311,9.982
29314,11.046
29315,9.476
29316,9.695
29312,0.0
29317,40.373
29318,9.510
29319,8.808
29320,9.810
29321,12.509
29322,12.330
29323,8.553
29324,9.236
29325,26.046
29326,9.243
29327,11.237
29328,8.584
29329,8.841
29330,10.300
29331,15.842
29332,9.066
29333,9.552
29336,8.800
29337,11.845
29334,0.0
29340,9.352
29341,9.458
29338,0.0
29342,9.877
29343,9.077
29344,11.117
29345,12.902
29346,13.374
29347,20.366
29348,10.105
29349,8.735
29350,8.966
29355,12.099
29356,10.344
29351,0.0
29353,0.0
29357,8.976
29358,9.064
29359,9.250
29360,9.337
29361,8.843
29362,9.012
29363,8.955
29364,25.143
29365,8.928
29366,9.606
29367,11.082
29368,10.339
29369,9.759
29370,9.158
29371,8.820
29372,10.123
29373,8.932
29374,10.200
29375,8.914
29376,9.204
29379,8.913
29380,9.425
29381,12.004
29382,9.332
29377,0.0
29383,12.067
29384,9.249
29385,10.169
29386,12.722
29387,8.835
29388,9.295
29389,9.746
29392,8.838
29393,9.111
29396,12.818
29390,0.0
29397,13.806
29394,0.0
29400,12.120
29401,11.490
29402,10.868
29403,12.353
29398,0.0
29404,8.941
29405,9.511
29406,9.241
29409,8.718
29410,9.693
29411,11.751
29412,8.944
29413,32.452
29407,0.0
29414,9.230
29415,11.483
29416,9.798
29417,8.909
29418,9.866
29419,10.034
29420,11.083
29421,9.143
29422,9.503
29423,9.431
29426,9.024
29427,8.890
29428,8.983
29424,0.0
29429,11.205
29430,9.401
29431,26.746
29432,10.552
29433,15.724
29434,9.730
29435,9.195
29436,9.297
29437,12.858
29438,9.560
29439,9.474
29440,11.916
29441,29.714
29442,13.304
29443,8.994
29444,9.001
29445,9.557
29446,18.450
29447,9.099
29448,9.186
29449,9.303
29450,13.073
29451,9.812
29452,10.000
29453,9.102
29454,13.753
29455,9.951
29456,8.863
29457,11.011
29458,9.900
29459,11.014
29460,8.868
29461,9.568
29462,8.917
29465,8.981
29466,11.549
29467,10.489
29463,0.0
29468,9.255
29469,8.943
29470,12.114
29471,9.443
29472,10.637
29473,9.432
29474,10.826
29475,9.569
29476,10.653
29477,9.337
29478,10.100
29479,9.578
29480,11.290
29481,10.098
29482,10.893
29483,10.883
29484,12.144
29485,11.684
29486,9.194
29487,9.999
29488,11.151
29489,11.925
29490,9.476
29491,10.675
29492,9.350
29493,11.011
29494,9.146
29495,10.141
29496,9.295
29499,9.361
29500,9.319
29501,9.070
29502,9.698
29497,0.0
29503,10.091
29504,9.892
29505,12.794
29506,16.298
29507,9.734
29508,16.020
29509,9.975
29512,10.575
29513,8.939
29510,0.0
29516,9.473
29517,11.231
29514,0.0
29518,9.722
29519,12.512
29520,9.246
29521,9.996
29522,9.517
29525,12.034
29526,9.358
29523,0.0
29529,23.768
29530,9.933
29531,11.019
29527,0.0
29532,11.788
29533,9.437
29534,8.565
29535,8.868
29536,10.705
29539,10.743
29540,28.754
29537,0.0
29543,10.072
29544,9.704
29545,49.306
29546,9.647
29541,0.0
29547,9.592
29548,9.821
29551,9.717
29552,10.851
29553,9.633
29549,0.0
29554,13.886
29555,9.906
29556,13.258
29557,34.889
29558,9.906
29559,10.428
29560,8.973
29561,9.623
29562,20.212
29563,9.339
29564,9.575
29565,9.631
29566,12.275
29567,8.885
29568,9.888
29569,9.666
29572,9.661
29573,9.005
29570,0.0
29574,11.708
29575,10.162
29576,12.441
29577,8.800
29578,10.581
29581,8.811
29582,76.054
29579,0.0
29583,87.488
29584,57.088
29585,58.613
29586,23.942
29587,9.036
29588,10.019
29589,9.306
29590,13.262
29591,9.142
29592,13.236
29593,12.403
29594,9.070
29595,9.553
29598,17.128
29599,10.626
29600,8.895
29596,0.0
29601,13.486
29602,10.271
29603,9.118
29604,8.719
29605,21.566
29606,8.708
29607,9.561
29608,12.129
29609,30.010
29610,10.629
29611,8.949
29612,16.458
29613,30.354
29614,9.879
29615,8.975
29616,9.206
29617,8.733
29618,20.530
29619,9.858
29620,9.664
29621,8.707
29622,11.599
29623,13.106
29624,11.733
29625,39.112
29628,9.783
29629,8.968
29630,9.043
29631,10.753
29632,9.244
29626,0.0
29633,17.929
29634,9.066
29635,12.469
29636,9.269
29637,40.256
29638,9.317
29639,10.226
29640,8.942
29641,11.699
29642,10.507
29643,64.177
29644,11.733
29645,39.216
29646,13.688
29647,9.476
29648,20.496
29649,8.727
29650,9.054
29651,8.959
29652,10.500
29653,14.938
29654,11.388
29655,11.217
29656,31.390
29657,10.467
29658,8.713
29659,9.996
29660,9.680
29661,13.646
29662,13.304
29663,9.330
29664,9.936
29665,11.174
29666,9.027
29667,8.950
29668,9.272
29669,9.235
29670,11.528
29671,9.585
29672,9.340
29673,8.749
29674,10.736
29675,9.612
29676,10.397
29677,10.626
29678,32.370
29679,15.507
29680,9.723
29681,9.342
29682,9.401
29683,9.048
29684,9.962
29685,8.672
29686,9.341
29687,10.545
29688,8.498
29689,9.703
29690,9.932
29691,10.074
29692,9.321
29693,9.710
29694,10.023
29695,33.567
29696,14.330
29697,9.461
29698,14.604
29699,9.776
29700,9.534
29701,9.298
29702,9.156
29703,9.925
29704,21.307
29705,9.834
29706,9.446
29707,9.798
29708,32.529
29709,10.281
29710,10.123
29711,9.156
29712,10.266
29713,21.394
29714,8.685
29715,9.265
29716,9.599
29717,10.447
29718,9.544
29719,9.154
29720,8.855
29721,31.644
29722,14.168
29723,9.158
29724,9.661
29725,10.286
29726,8.993
29727,8.842
29728,9.281
29729,9.907
29730,10.389
29731,9.196
29732,9.229
29733,10.138
29734,27.642
29735,9.246
29736,10.696
29737,35.671
29738,10.012
29739,9.204
29740,9.750
29741,9.351
29742,8.972
29743,15.554
29744,10.323
29745,8.897
29746,10.073
29747,15.474
29748,9.075
29749,9.140
29750,9.574
29751,11.890
29752,9.670
29753,17.371
29754,9.298
29755,15.983
29756,8.935
29757,8.866
29758,8.825
29759,9.536
29760,10.496
29761,9.045
29762,9.341
29763,9.497
29764,15.657
29765,9.007
29766,8.994
29767,9.466
29768,25.276
29769,9.104
29770,8.947
29771,11.827
29772,9.093
29773,19.873
29774,9.151
29775,17.933
29778,9.425
29779,9.000
29780,9.411
29776,0.0
29781,32.232
29782,9.076
29783,8.728
29784,9.159
29785,10.190
29786,29.506
29787,9.846
29788,10.015
29789,9.096
29790,11.374
29791,8.897
29792,9.160
29793,8.884
29794,11.419
29795,9.340
29796,8.740
29797,9.174
29798,33.589
29799,25.369
29800,9.769
29801,9.392
29802,38.850
29803,17.463
29804,9.005
29805,9.467
29806,9.479
29807,11.590
29808,9.015
29809,9.601
29810,9.887
29813,12.007
29814,9.280
29811,0.0
29815,65.227
29816,15.714
29817,9.141
29818,9.130
29819,9.270
29820,13.235
29821,9.221
29822,10.226
29823,12.875
29826,9.612
29827,8.994
29824,0.0
29828,35.299
29829,25.976
29830,8.988
29831,12.935
29832,15.453
29833,22.308
29834,9.425
29835,9.532
29836,12.494
29837,15.413
29838,12.652
29839,10.278
29840,10.944
29841,41.277
29842,9.470
29843,11.868
29844,10.024
29845,9.652
29846,18.776
29847,9.145
29848,9.854
29849,14.861
29850,15.747
29851,10.167
29852,9.101
29853,8.932
29854,10.048
29855,8.610
29856,9.074
29857,8.769
29858,11.756
29859,10.387
29860,8.648
29861,9.128
29862,9.108
29863,12.831
29864,9.269
29865,8.959
29866,9.611
29867,9.811
29868,9.281
29869,9.578
29870,10.243
29871,11.371
29872,10.640
29873,20.012
29874,10.541
29875,9.275
29876,10.979
29877,9.033
29878,8.361
29879,9.830
29880,29.278
29881,8.716
29882,9.454
29883,13.649
29884,9.343
29885,8.947
29886,11.286
29887,8.759
29888,9.307
29889,9.582
29890,9.015
29891,12.634
29892,8.946
29893,30.479
29894,9.176
29895,10.087
29896,9.576
29897,11.094
29898,11.131
29899,8.964
29900,8.847
29901,8.846
29902,9.697
29903,9.226
29904,9.322
29905,9.535
29906,30.125
29907,8.830
29908,9.400
29909,11.805
29910,10.766
29911,9.444
29912,12.029
29913,10.399
29914,8.976
29915,10.378
29916,8.956
29917,13.033
29918,8.909
29919,9.397
29920,8.830
29921,8.891
29922,14.103
29923,10.729
29924,10.170
29925,10.485
29926,9.984
29929,8.869
29930,8.750
29931,9.338
29927,0.0
29932,10.710
29933,10.932
29934,12.343
29935,9.711
29936,28.140
29939,9.086
29937,0.0
29942,9.501
29943,9.152
29940,0.0
29944,9.100
29945,10.311
29948,9.386
29949,15.484
29946,0.0
29950,9.451
29951,14.703
29952,9.833
29953,11.051
29954,10.082
29955,11.810
29956,9.892
29957,9.446
29958,9.932
29959,9.182
29960,8.830
29961,10.618
29962,22.033
29963,11.638
29964,8.677
29965,9.247
29966,19.660
29967,9.075
29968,12.089
29969,9.377
29970,9.854
29971,8.914
29972,9.268
29973,9.513
29974,9.993
29975,9.664
29976,10.132
29977,9.498
29978,10.502
29979,28.410
29980,9.000
29981,12.199
29982,9.310
29983,10.175
29984,8.865
29985,11.703
29986,9.259
29987,9.170
29988,9.424
29989,8.975
29990,12.444
29991,9.700
29992,30.187
29993,10.331
29994,8.984
29995,9.278
29996,9.790
29997,12.057
29998,9.926
29999,9.668
30000,32.803
30001,12.556
30002,12.396
30003,9.711
30004,9.911
30005,11.473
30006,9.110
30007,9.702
30008,9.181
30009,10.365
30010,10.643
30011,11.565
30012,9.294
30013,9.322
30014,33.367
30015,10.442
30016,9.361
30017,8.945
30018,9.938
30019,9.427
30020,10.976
30021,9.432
30022,13.112
30023,9.512
30024,9.518
30025,9.094
30026,33.508
30027,9.460
30028,11.021
30029,9.415
30030,9.142
30031,10.072
30032,8.685
30033,9.889
30034,10.867
30035,10.786
30036,11.689
30037,9.571
30038,9.097
30039,31.363
30040,9.254
30041,10.752
30042,11.144
30043,8.886
30044,12.229
30045,38.464
30046,10.213
30047,8.653
30048,0.0
30052,10.350
30053,9.478
30054,9.130
30050,0.0
30055,11.370
30056,8.773
30057,10.890
30058,9.194
30059,10.502
30060,8.981
30061,10.137
30062,9.271
30063,9.097
30064,8.993
30067,9.255
30068,10.369
30065,0.0
30069,18.871
30070,13.584
30071,9.149
30072,9.287
30073,8.799
30074,11.852
30075,16.366
30076,10.440
30077,20.664
30078,58.749
30079,9.153
30080,17.858
30081,9.976
30082,11.932
30083,17.343
30084,14.805
30085,8.847
30086,8.831
30087,12.805
30088,13.148
30089,8.884
30090,9.668
30091,16.276
30092,9.794
30093,10.093
30094,11.844
30095,30.967
30096,10.102
30097,9.500
30098,10.392
30101,13.090
30102,13.482
30103,10.195
30099,0.0
30104,12.655
30105,9.533
30106,9.414
30107,9.067
30108,9.595
30109,8.802
30110,9.553
30111,16.593
30112,29.254
30113,37.720
30114,9.091
30115,9.885
30116,9.455
30117,18.110
30118,27.940
30119,9.474
30120,11.176
30121,15.959
30122,9.518
30123,8.487
30124,9.348
30125,11.901
30126,8.727
30127,10.352
30128,10.962
30129,10.502
30130,18.023
30131,8.845
30132,8.749
30133,9.034
30134,24.580
30135,9.577
30136,8.732
30137,9.244
30138,35.333
30139,9.807
30140,9.376
30141,8.966
30142,8.642
30143,12.793
30144,14.543
30145,9.186
30146,8.757
30147,11.321
30148,11.597
30149,9.544
30150,63.823
30151,9.368
30152,11.476
30153,15.195
30154,9.506
30155,12.909
30156,32.801
30157,9.522
30158,17.886
30159,10.998
30160,10.079
30161,13.312
30162,8.951
30163,9.036
30164,11.787
30165,9.213
30166,11.410
30167,9.193
30168,9.761
30169,9.622
30170,9.806
30171,9.196
30172,11.703
30173,20.574
30174,10.069
30175,9.621
30176,9.049
30177,29.486
30178,8.958
30179,8.987
30180,8.967
30181,11.710
30182,11.607
30183,13.905
30184,22.430
30185,61.012
30186,52.131
30187,44.481
30188,34.353
30189,67.359
30190,10.625
30191,9.192
30192,9.229
30193,9.940
30194,30.150
30195,12.365
30196,8.957
30197,9.391
30198,8.894
30199,10.229
30200,9.422
30201,9.525
30202,9.572
30203,11.532
30204,9.548
30205,11.091
30206,11.298
30207,9.770
30208,10.456
30209,10.458
30210,14.077
30211,9.307
30212,10.143
30213,25.092
30214,9.463
30215,9.647
30216,10.828
30217,8.924
30218,10.119
30219,8.664
30220,9.624
30221,8.640
30222,11.207
30223,16.095
30224,23.231
30225,9.660
30226,10.309
30227,9.088
30228,9.755
30229,8.998
30230,31.167
30231,0.0
30232,0.0
30233,0.0
30234,0.0
30235,0.0
30236,0.0
30237,0.0
30238,0.0
30239,0.0
30240,0.0
30241,0.0
30242,0.0
30243,0.0
30244,0.0
30245,0.0
30246,0.0
30247,0.0
30248,0.0
30252,33.848
30253,16.379
30254,10.137
30249,0.0
30250,0.0
30255,8.952
30256,24.909
30257,20.649
30258,8.879
30259,0.0
30260,0.0
30261,0.0
30262,0.0
30263,0.0
30264,0.0
30265,0.0
30266,0.0
30267,0.0
30268,0.0
30269,0.0
30270,0.0
30271,0.0
30272,0.0
30273,0.0
30274,0.0
30275,0.0
30276,0.0
30277,0.0
30278,0.0
30279,0.0
30280,0.0
30281,0.0
30282,0.0
30283,0.0
30284,0.0
30285,0.0
30286,0.0
30287,0.0
30288,0.0
30289,0.0
30290,0.0
30291,0.0
30292,0.0
30293,0.0
30294,0.0
30295,0.0
30296,0.0
30297,0.0
30298,0.0
30299,0.0
30300,0.0
30301,0.0
30302,0.0
30303,0.0
30304,0.0
30305,0.0
30306,0.0
30307,0.0
30308,0.0
30309,0.0
30310,0.0
30311,0.0
30312,0.0
30313,0.0
30314,0.0
30315,0.0
30316,0.0
30317,0.0
30318,0.0
30319,0.0
30320,0.0
30321,0.0
30322,0.0
30323,0.0
30324,0.0
30325,0.0
30326,0.0
30327,0.0
30328,0.0
30329,0.0
30330,0.0
30331,0.0
30332,0.0
30333,0.0
30334,0.0
30335,0.0
30336,0.0
30337,0.0
30338,0.0
30339,0.0
30340,0.0
30341,0.0
30342,0.0
30343,0.0
30344,0.0
30345,0.0
30346,0.0
30347,0.0
30348,0.0
30349,0.0
30350,0.0
30351,0.0
30352,0.0
30353,0.0
30354,0.0
30355,0.0
30356,0.0
30357,0.0
30358,0.0
30359,0.0
30360,0.0
30361,0.0
30362,0.0
30363,0.0
30364,0.0
30365,0.0
30366,0.0
30367,0.0
30368,0.0
30369,0.0
30370,0.0
30371,0.0
30372,0.0
30373,0.0
30374,0.0
30375,0.0
30376,0.0
30377,0.0
30378,0.0
30379,0.0
30380,0.0
30381,0.0
30382,0.0
30383,0.0
30384,0.0
30385,0.0
30386,0.0
30387,0.0
30388,0.0
30389,0.0
30390,0.0
30391,0.0
30392,0.0
30393,0.0
30394,0.0
30395,0.0
30396,0.0
30397,0.0
30398,0.0
30399,0.0
30400,0.0
30401,0.0
30402,0.0
30403,0.0
30404,0.0
30405,0.0
30406,0.0
30407,0.0
30408,0.0
30409,0.0
30410,0.0
30411,0.0
30412,0.0
30413,0.0
30414,0.0
30415,0.0
30416,0.0
30417,0.0
30418,0.0
30419,0.0
30420,0.0
30421,0.0
30422,0.0
30423,0.0
30424,0.0
30425,0.0
30426,0.0
30427,0.0
30428,0.0
30429,0.0
30430,0.0
30431,0.0
30432,0.0
30433,0.0
30434,0.0
30435,0.0
30436,0.0
30437,0.0
30438,0.0
30439,0.0
30440,0.0
30441,0.0
30442,0.0
30443,0.0
30444,0.0
30445,0.0
30446,0.0
30447,0.0
30448,0.0
30449,0.0
30450,0.0
30451,0.0
30452,0.0
30453,0.0
30454,0.0
30455,0.0
30456,0.0
30457,0.0
30458,0.0
30459,0.0
30460,0.0
30461,0.0
30462,0.0
30463,0.0
30464,0.0
30465,0.0
30466,0.0
30467,0.0
30468,0.0
30469,0.0
30470,0.0
30471,0.0
30472,0.0
30473,0.0
30474,0.0
30475,0.0
30476,0.0
30477,0.0
30478,0.0
30479,0.0
30480,0.0
30481,0.0
30482,0.0
30483,0.0
30484,0.0
30485,0.0
30486,0.0
30487,0.0
30488,0.0
30489,0.0
30490,0.0
30491,0.0
30492,0.0
30493,0.0
30494,0.0
30495,0.0
30496,0.0
30497,0.0
30498,0.0
30499,0.0
30500,0.0
30501,0.0
30502,0.0
30503,0.0
30504,0.0
30505,0.0
30506,0.0
30507,0.0
30508,0.0
30509,0.0
30510,0.0
30511,0.0
30512,0.0
30513,0.0
30514,0.0
30515,0.0
30516,0.0
30517,0.0
30518,0.0
30519,0.0
30520,0.0
30521,0.0
30522,0.0
30523,0.0
30524,0.0
30525,0.0
30526,0.0
30527,0.0
30528,0.0
30529,0.0
30530,0.0
30531,0.0
30532,0.0
30533,0.0
30534,0.0
30535,0.0
30536,0.0
30537,0.0
30538,0.0
30539,0.0
30540,0.0
30541,0.0
30542,0.0
30543,0.0
30544,0.0
30545,0.0
30546,0.0
30547,0.0
30548,0.0
30549,0.0
30550,0.0
30551,0.0
30552,0.0
30553,0.0
30554,0.0
30555,0.0
30556,0.0
30557,0.0
30558,0.0
30559,0.0
30560,0.0
30561,0.0
30562,0.0
30563,0.0
30564,0.0
30565,0.0
30566,0.0
30567,0.0
30568,0.0
30569,0.0
30570,0.0
30571,0.0
30572,0.0
30573,0.0
30577,19.841
30578,47.561
30574,0.0
30575,0.0
30579,28.616
30580,13.155
30581,40.634
30582,17.002
30583,40.982
30584,12.635
30585,12.334
30586,21.124
30587,12.792
30588,13.795
30589,14.414
30590,12.660
30591,12.549
30592,21.441
30593,12.707
30594,12.865
30595,13.417
30598,44.702
30599,28.376
30596,0.0
30600,32.585
30601,12.197
30602,13.645
30603,12.573
30604,36.725
30605,16.157
30606,17.630
30607,14.038
30608,13.337
30609,33.072
30610,12.863
30611,14.043
30612,14.053
30613,13.308
30614,12.466
30615,12.920
30616,12.680
30617,14.373
30618,25.406
30619,12.745
30620,12.492
30621,12.211
30622,25.725
30623,14.421
30624,12.895
30625,12.136
30626,33.332
30627,13.492
30628,13.230
30629,12.776
30630,32.285
30631,13.819
30632,15.599
30633,11.958
30634,13.128
30635,13.658
30636,12.494
30637,13.721
30638,18.268
30639,32.038
30640,14.678
30641,38.652
30642,13.263
30643,29.126
30644,12.657
30645,13.412
30646,12.430
30647,12.744
30648,13.192
30649,12.378
30650,12.404
30651,12.712
30652,29.628
30653,13.820
30654,13.136
30655,12.767
30656,27.474
30657,12.768
30658,20.466
30659,12.040
30660,37.737
30661,14.776
30662,12.743
30663,16.482
30664,12.904
30665,13.784
30666,14.816
30667,12.626
30668,13.215
30669,15.511
30670,12.592
30671,14.342
30672,14.137
30673,20.670
30674,16.237
30675,14.615
30676,12.508
30677,15.628
30678,14.167
30679,12.709
30680,12.326
30681,13.728
30682,14.378
30683,14.312
30684,13.909
30685,12.865
30686,14.191
30687,12.412
30688,12.586
30689,13.273
30690,12.563
30691,15.909
30692,15.212
30693,14.835
30694,12.569
30695,36.156
30696,13.166
30697,12.540
30698,12.706
30699,14.145
30700,13.255
30701,19.053
30702,12.648
30703,13.447
30704,15.420
30705,14.360
30706,12.867
30707,18.391
30708,14.811
30709,15.435
30710,14.542
30711,13.517
30712,71.580
30713,29.342
30714,38.284
30715,61.840
30716,50.010
30717,20.684
30718,35.811
30719,14.215
30720,12.189
30721,27.897
30722,14.308
30723,13.219
30724,14.446
30725,16.810
30726,15.777
30727,12.280
30728,12.623
30729,13.556
30730,15.839
30731,27.445
30732,12.514
30733,12.584
30734,14.641
30735,12.630
30736,34.219
30737,12.801
30738,15.887
30739,13.080
30740,12.643
30741,13.057
30742,15.224
30743,12.578
30744,12.302
30745,12.374
30746,14.269
30747,18.616
30748,20.432
30749,13.533
30750,14.362
30751,31.959
30752,12.550
30753,12.734
30754,12.543
30755,35.362
30756,13.400
30757,12.239
30758,14.428
30759,33.942
30760,16.439
30761,12.563
30762,12.411
30763,12.401
30764,56.171
30765,37.198
30766,11.980
30767,12.280
30768,62.868
30769,12.312
30770,12.745
30771,12.416
30772,29.434
30773,14.157
30774,16.011
30775,15.638
30776,38.705
30777,39.542
30778,17.542
30779,21.850
30780,13.007
30781,60.421
30782,114.730
30783,39.222
30784,59.878
30785,39.147
30786,61.608
30787,17.115
30788,99.765
30789,41.926
30790,192.481
30791,50.412
30792,25.961
30793,14.304
30794,14.031
30795,13.995
30796,14.944
30797,12.654
30798,36.094
30799,12.694
30800,15.083
30801,12.550
30802,14.448
30803,17.169
30804,12.413
30805,12.512
30806,58.203
30807,24.203
30808,12.589
30809,13.635
30810,13.764
30811,15.862
30812,12.798
30813,13.530
30814,12.434
30815,13.773
30816,13.547
30817,12.786
30818,12.808
30819,38.335
30820,14.214
30821,12.991
30822,12.949
30823,12.397
30824,13.730
30825,12.352
30826,14.499
30827,14.216
30828,14.467
30829,12.293
30830,12.313
30831,12.918
30832,12.443
30833,19.797
30834,15.189
30835,13.218
30836,12.753
30837,14.813
30838,13.221
30839,12.853
30840,12.610
30841,25.268
30842,12.810
30843,15.144
30844,14.908
30845,14.838
30846,19.772
30847,13.140
30848,12.923
30849,13.084
30850,23.686
30851,16.079
30852,15.645
30853,16.275
30854,35.178
30855,12.529
30856,12.911
30857,83.938
30858,90.688
30859,16.537
30860,17.125
30861,14.508
30862,12.061
30863,23.756
30864,12.314
30865,12.351
30866,14.321
30867,33.529
30868,12.723
30869,13.209
30870,12.982
30871,54.441
30872,30.268
30873,12.380
30874,13.591
30875,97.766
30876,49.304
30877,13.499
30878,16.916
30879,64.057
30880,31.128
30881,12.346
30882,13.166
30883,12.814
30884,12.153
30885,14.555
30886,12.549
30887,13.160
30888,13.548
30889,22.272
30890,12.580
30891,12.585
30892,13.003
30893,13.856
30894,13.258
30895,16.665
30896,12.938
30897,36.671
30898,11.807
30899,52.911
30900,84.045
30901,32.645
30902,39.712
30903,19.825
30904,18.939
30905,43.011
30906,27.788
30907,18.112
30908,12.762
30909,12.693
30910,33.512
30911,13.232
30912,21.939
30913,15.141
30914,12.767
30915,13.514
30916,13.375
30917,12.656
30918,44.508
30919,28.440
30920,12.580
30921,13.273
30922,13.854
30923,28.351
30924,12.460
30925,11.765
30926,12.788
30927,25.851
30928,14.837
30929,35.477
30930,74.320
30931,63.908
30932,22.796
30933,14.556
30934,14.717
30935,12.313
30936,25.533
30937,14.556
30938,12.176
30939,13.760
30940,14.402
30941,13.323
30942,14.611
30943,12.374
30944,48.143
30945,13.568
30946,14.225
30947,13.259
30950,12.380
30951,12.457
30952,13.052
30948,0.0
30953,31.450
30954,20.485
30955,38.169
30956,65.528
30957,14.156
30958,13.031
30959,16.964
30960,12.536
30961,46.162
30962,21.466
30963,14.191
30964,13.242
30965,13.029
30966,28.302
30967,12.752
30968,12.719
30969,12.658
30970,16.190
30971,18.940
30972,13.162
30973,12.884
30974,13.880
30975,18.707
30976,12.335
30977,13.187
30980,13.219
30981,12.637
30982,12.954
30983,33.313
30978,0.0
30984,12.928
30985,12.647
30986,12.864
30987,14.041
30988,14.247
30989,13.004
30990,12.813
30991,74.404
30992,13.551
30993,19.575
30994,14.356
30995,15.646
30996,13.961
30997,13.166
30998,13.895
30999,14.315
31000,56.996
31001,13.002
31002,12.854
31003,16.245
31004,12.811
31005,19.996
31006,14.240
31007,12.636
31008,13.730
31009,33.209
31010,12.663
31011,12.339
31012,16.684
31013,27.271
31014,35.471
31015,11.978
31016,12.489
31017,13.064
31018,15.568
31019,12.618
31020,12.843
31021,13.382
31022,13.059
31023,12.715
31024,14.196
31025,13.547
31026,15.930
31027,12.747
31028,12.559
31029,12.288
31030,21.929
31031,13.435
31032,12.320
31033,12.193
31034,13.774
31037,13.141
31038,55.602
31035,0.0
31039,57.014
31040,12.891
31041,13.176
31042,12.298
31043,15.315
31044,12.588
31045,12.593
31046,14.445
31047,14.497
31048,14.569
31049,13.614
31050,13.609
31051,12.436
31052,14.641
31053,12.874
31054,12.696
31055,13.512
31056,13.148
31057,12.807
31058,13.255
31059,13.523
31062,35.374
31063,12.116
31060,0.0
31064,12.649
31065,26.239
31066,37.831
31067,12.195
31068,12.682
31069,14.286
31070,22.370
31071,12.793
31072,12.939
31073,36.002
31074,13.791
31075,21.102
31076,12.826
31077,12.917
31078,13.388
31079,13.115
31080,12.723
31081,12.638
31082,32.653
31083,12.550
31084,12.147
31085,12.711
31086,69.720
31087,20.605
31088,13.747
31089,12.879
31090,17.570
31091,14.227
31092,14.015
31093,12.977
31094,13.360
31095,33.727
31096,12.263
31097,12.908
31098,53.294
31099,16.027
31100,13.081
31101,12.663
31102,12.710
31103,12.629
31104,13.617
31105,16.052
31106,14.189
31107,12.805
31108,14.760
31109,15.069
31110,23.016
31111,13.111
31112,18.578
31113,12.549
31114,13.139
31115,12.561
31116,32.145
31117,16.225
31118,12.323
31119,12.831
31120,12.502
31121,26.241
31122,13.430
31123,12.768
31124,13.130
31125,50.584
31126,12.951
31127,12.568
31128,12.609
31129,30.051
31130,15.377
31131,12.576
31132,12.330
31133,12.684
31134,44.828
31135,12.122
31136,12.538
31137,11.995
31138,55.853
31139,12.509
31140,12.613
31141,23.850
31142,12.866
31143,13.331
31144,12.620
31145,13.373
31146,62.706
31147,21.755
31148,14.822
31149,15.270
31150,16.791
31151,16.582
31152,14.271
31153,14.081
31154,15.531
31155,15.064
31156,27.377
31157,13.229
31158,68.571
31159,18.156
31160,17.166
31161,12.983
31162,13.479
31163,40.291
31164,52.662
31165,13.113
31166,13.023
31167,13.240
31168,35.231
31169,13.138
31170,14.074
31171,13.256
31172,12.797
31173,17.041
31174,12.883
31175,12.706
31176,13.752
31177,15.059
31178,12.180
31179,12.433
31180,12.518
31181,31.128
31182,13.869
31183,12.832
31184,12.514
31185,28.079
31186,12.832
31187,12.527
31188,12.463
31189,36.571
31190,14.404
31191,13.323
31192,28.925
31193,13.044
31194,14.881
31195,13.041
31196,13.063
31197,12.691
31198,33.710
31199,12.325
31200,13.195
31201,12.679
31202,14.243
31203,23.465
31204,15.982
31205,19.954
31206,13.836
31207,13.876
31208,12.074
31209,13.030
31210,13.399
31211,14.783
31212,12.335
31213,13.157
31214,17.726
31215,17.193
31216,13.677
31217,13.233
31218,18.956
31219,13.031
31220,22.370
31221,12.987
31222,13.141
31223,12.428
31224,17.651
31225,12.865
31226,12.868
31227,13.500
31228,14.606
31229,14.099
31230,13.370
31231,12.607
31232,40.787
31233,13.970
31234,13.804
31235,13.099
31236,12.930
31237,16.671
31238,12.832
31239,12.292
31240,12.701
31241,25.572
31242,12.905
31243,12.163
31244,13.606
31245,38.735
31246,19.812
31247,12.838
31248,13.157
31249,13.065
31250,45.129
31251,12.439
31252,12.695
31253,15.141
31254,13.500
31255,23.024
31256,13.147
31257,11.948
31258,32.268
31259,13.038
31260,12.890
31261,13.298
31262,12.639
31263,13.490
31264,13.282
31265,13.630
31266,13.557
31267,14.152
31268,13.420
31269,12.779
31270,14.341
31271,13.372
31272,17.352
31273,13.025
31274,12.721
31275,13.388
31276,14.276
31277,13.128
31278,13.665
31279,12.938
31280,29.705
31281,12.891
31282,13.268
31283,12.692
31284,37.632
31287,14.371
31288,9.353
31289,26.155
31290,16.424
31285,0.0
31291,12.457
31292,12.284
31293,17.797
31294,12.021
31295,12.825
31296,21.865
31297,12.078
31298,11.121
31299,12.125
31302,25.459
31303,12.747
31304,27.851
31305,12.568
31300,0.0
31306,14.252
31307,14.111
31308,12.597
31309,12.786
31310,15.140
31311,12.998
31312,16.345
31313,12.482
31314,16.952
31315,12.761
31316,12.380
31317,16.265
31318,12.487
31319,15.305
31320,12.310
31321,15.533
31322,12.812
31323,14.837
31324,19.049
31325,12.322
31326,12.359
31327,13.328
31328,33.060
31329,13.473
31330,12.939
31331,13.191
31332,14.490
31333,12.586
31334,13.769
31335,12.903
31336,15.382
31337,14.428
31338,13.177
31339,12.709
31340,14.319
31341,12.740
31342,14.813
31343,12.640
31344,13.467
31345,15.931
31346,13.559
31347,23.746
31348,12.582
31349,13.854
31350,12.768
31351,12.807
31352,12.964
31353,15.465
31354,12.402
31355,14.624
31356,12.863
31357,34.581
31358,13.629
31359,17.752
31360,14.860
31361,36.130
31362,21.075
31363,13.019
31364,12.650
31365,13.196
31366,17.275
31367,26.907
31368,12.641
31369,12.763
31370,14.626
31371,14.679
31372,14.362
31373,12.348
31374,13.159
31375,17.834
31376,12.433
31377,13.358
31378,13.183
31379,17.938
31380,13.596
31381,13.128
31382,12.377
31383,14.905
31384,16.550
31385,12.661
31386,13.127
31387,15.980
31388,14.824
31389,14.229
31390,13.097
31391,20.966
31392,14.219
31393,19.635
31394,18.533
31395,13.631
31396,12.537
31397,16.443
31398,19.277
31399,14.288
31400,34.293
31401,12.764
31402,14.311
31403,13.872
31404,14.116
31405,13.310
31406,13.576
31407,12.823
31408,13.261
31409,13.431
31410,12.879
31411,12.351
31412,13.290
31413,13.169
31414,12.490
31415,12.443
31416,13.816
31417,12.812
31418,12.391
31419,16.842
31420,13.027
31421,14.467
31422,13.496
31423,13.537
31424,13.098
31425,14.789
31426,17.757
31427,14.574
31428,12.837
31429,29.156
31430,15.217
31431,12.812
31432,14.118
31433,36.522
31434,14.230
31435,12.891
31436,12.342
31437,14.181
31438,15.239
31439,14.170
31440,12.284
31441,13.391
31442,15.436
31443,13.678
31444,16.627
31445,12.772
31446,60.691
31447,16.037
31448,16.198
31449,13.778
31450,13.815
31451,14.421
31452,12.296
31453,13.041
31454,14.322
31457,13.271
31458,12.374
31459,31.228
31455,0.0
31460,13.162
31461,13.058
31462,12.715
31463,12.359
31464,15.672
31465,12.501
31466,33.847
31467,15.011
31468,67.725
31469,31.074
31470,27.027
31471,12.287
31472,29.213
31473,16.677
31474,17.979
31475,12.502
31476,36.534
31477,21.092
31478,12.874
31479,12.891
31480,12.485
31481,32.353
31482,37.304
31483,13.124
31484,13.784
31485,15.978
31486,12.148
31487,12.944
31488,13.645
31489,34.798
31490,21.463
31491,17.901
31492,12.640
31493,13.531
31494,14.746
31495,16.394
31496,13.202
31497,13.049
31498,35.053
31499,13.064
31500,13.288
31501,13.223
31502,12.636
31503,15.283
31504,13.405
31505,13.744
31506,13.279
31507,15.360
31508,16.241
31509,13.226
31510,13.357
31511,13.820
31512,24.881
31513,13.899
31514,13.006
31515,16.231
31516,15.602
31517,13.312
31518,65.643
31519,13.313
31520,14.160
31521,12.733
31522,13.644
31523,12.790
31524,15.636
31525,12.841
31526,14.713
31527,21.420
31528,26.167
31529,12.510
31530,13.007
31531,12.687
31532,18.718
31533,16.257
31534,14.762
31535,17.753
31536,48.179
31537,13.281
31538,14.141
31539,13.690
31540,12.666
31541,12.353
31542,13.531
31543,12.789
31544,12.621
31545,15.018
31546,13.649
31547,12.815
31548,17.112
31549,15.180
31550,18.406
31551,18.513
31552,14.008
31553,12.299
31554,13.183
31555,12.866
31556,12.878
31557,11.920
31558,13.430
31559,12.566
31560,47.079
31561,12.480
31562,37.821
31563,14.633
31564,13.591
31565,13.555
31566,14.560
31567,15.695
31568,17.991
31569,12.342
31570,13.888
31571,16.274
31572,12.617
31573,12.923
31574,13.008
31575,12.579
31576,14.966
31577,14.570
31578,15.187
31579,12.809
31580,14.057
31581,12.599
31582,30.076
31583,17.252
31584,15.252
31585,12.387
31586,12.803
31587,12.923
31588,14.197
31589,12.841
31590,14.644
31591,13.142
31592,12.815
31593,15.288
31594,12.612
31595,12.523
31596,13.683
31597,13.711
31598,12.144
31599,12.563
31600,14.534
31601,17.021
31602,57.601
31603,12.639
31604,12.478
31605,37.746
31606,14.067
31607,13.067
31608,14.327
31609,12.464
31610,34.904
31611,12.715
31612,12.426
31613,13.018
31614,14.951
31615,13.313
31616,13.688
31617,14.643
31620,13.489
31621,12.584
31622,12.456
31618,0.0
31623,13.768
31624,12.681
31625,12.690
31626,12.563
31627,36.561
31628,12.599
31629,18.892
31630,12.901
31631,13.835
31632,13.858
31633,12.895
31634,13.657
31635,15.955
31636,13.294
31637,13.884
31638,12.723
31639,12.560
31640,14.948
31641,16.815
31642,17.356
31643,14.210
31644,13.996
31645,14.335
31646,30.270
31647,13.432
31648,13.145
31649,14.955
31650,14.128
31651,14.678
31652,16.896
31653,16.727
31654,12.645
31655,21.759
31656,12.900
31659,14.173
31660,13.912
31657,0.0
31661,13.699
31662,13.864
31663,13.361
31664,13.210
31665,13.078
31666,27.274
31667,12.664
31668,15.961
31669,14.734
31670,14.441
31671,13.433
31672,29.126
31673,12.581
31674,16.839
31675,14.073
31676,13.632
31677,12.744
31678,13.467
31679,13.506
31680,14.687
31681,12.743
31682,13.800
31683,15.537
31684,13.031
31685,18.795
31686,14.984
31687,50.139
31688,19.895
31689,14.227
31690,12.791
31691,12.807
31692,47.374
31693,12.329
31694,12.419
31695,13.096
31696,33.199
31697,13.744
31698,12.787
31699,12.510
31700,15.353
31701,12.961
31702,14.447
31703,14.082
31704,12.926
31705,13.573
31706,13.017
31707,14.833
31708,11.795
31709,0.0
31711,0.0
31712,0.0
31713,0.0
31714,0.0
31715,0.0
31716,0.0
31717,0.0
31718,0.0
31719,0.0
31720,0.0
31721,0.0
31722,0.0
31723,0.0
31724,0.0
31725,0.0
31726,0.0
31727,0.0
31728,0.0
31729,0.0
31730,0.0
31731,0.0
31732,0.0
31733,0.0
31734,0.0
31735,0.0
31736,0.0
31737,0.0
31738,0.0
31739,0.0
31740,0.0
31741,0.0
31742,0.0
31743,0.0
31744,0.0
31745,0.0
31746,0.0
31747,0.0
31748,0.0
31749,0.0
31750,0.0
31751,0.0
31752,0.0
31753,0.0
31754,0.0
31755,0.0
31756,0.0
31757,0.0
31758,0.0
31759,0.0
31760,0.0
31761,0.0
31762,0.0
31763,0.0
31764,0.0
31765,0.0
31766,0.0
31767,0.0
31768,0.0
31769,0.0
31770,0.0
31771,0.0
31772,0.0
31773,0.0
31774,0.0
31775,0.0
31776,0.0
31777,0.0
31778,0.0
31779,0.0
31780,0.0
31781,0.0
31782,0.0
31783,0.0
31784,0.0
31785,0.0
31786,0.0
31787,0.0
31788,0.0
31789,0.0
31790,0.0
31791,0.0
31792,0.0
31793,0.0
31794,0.0
31795,0.0
31796,0.0
31797,0.0
31798,0.0
31799,0.0
31800,0.0
31801,0.0
31802,0.0
31803,0.0
31804,0.0
31805,0.0
31806,0.0
31807,0.0
31808,0.0
31809,0.0
31810,0.0
31811,0.0
31812,0.0
31813,0.0
31814,0.0
31815,0.0
31816,0.0
31817,0.0
31818,0.0
31819,0.0
31820,0.0
31821,0.0
31822,0.0
31823,0.0
31824,0.0
31825,0.0
31826,0.0
31827,0.0
31828,0.0
31829,0.0
31830,0.0
31831,0.0
31832,0.0
31833,0.0
31834,0.0
31835,0.0
31836,0.0
31837,0.0
31838,0.0
31839,0.0
31840,0.0
31841,0.0
31842,0.0
31843,0.0
31844,0.0
31845,0.0
31846,0.0
31847,0.0
31848,0.0
31849,0.0
31850,0.0
31851,0.0
31852,0.0
31853,0.0
31854,0.0
31855,0.0
31856,0.0
31857,0.0
31858,0.0
31859,0.0
31860,0.0
31861,0.0
31862,0.0
31863,0.0
31864,0.0
31865,0.0
31866,0.0
31867,0.0
31868,0.0
31869,0.0
31870,0.0
31871,0.0
31872,0.0
31873,0.0
31874,0.0
31875,0.0
31876,0.0
31877,0.0
31878,0.0
31879,0.0
31880,0.0
31881,0.0
31882,0.0
31883,0.0
31884,0.0
31885,0.0
31886,0.0
31887,0.0
31888,0.0
31889,0.0
31890,0.0
31891,0.0
31892,0.0
31893,0.0
31894,0.0
31895,0.0
31896,0.0
31897,0.0
31898,0.0
31899,0.0
31900,0.0
31901,0.0
31902,0.0
31903,0.0
31904,0.0
31905,0.0
31906,0.0
31907,0.0
31908,0.0
31909,0.0
31910,0.0
31911,0.0
31912,0.0
31913,0.0
31914,0.0
31915,0.0
31916,0.0
31917,0.0
31918,0.0
31919,0.0
31920,0.0
31921,0.0
31922,0.0
31923,0.0
31924,0.0
31925,0.0
31926,0.0
31927,0.0
31928,0.0
31929,0.0
31930,0.0
31931,0.0
31932,0.0
31933,0.0
31934,0.0
31935,0.0
31936,0.0
31937,0.0
31938,0.0
31939,0.0
31940,0.0
31941,0.0
31942,0.0
31943,0.0
31944,0.0
31945,0.0
31946,0.0
31947,0.0
31948,0.0
31949,0.0
31950,0.0
31951,0.0
31952,0.0
31953,0.0
31954,0.0
31955,0.0
31956,0.0
31957,0.0
31958,0.0
31959,0.0
31960,0.0
31961,0.0
31962,0.0
31963,0.0
31964,0.0
31965,0.0
31966,0.0
31967,0.0
31968,0.0
31969,0.0
31970,0.0
31971,0.0
31972,0.0
31973,0.0
31974,0.0
31975,0.0
31976,0.0
31977,0.0
31978,0.0
31979,0.0
31980,0.0
31981,0.0
31982,0.0
31983,0.0
31984,0.0
31985,0.0
31986,0.0
31987,0.0
31988,0.0
31989,0.0
31990,0.0
31991,0.0
31992,0.0
31993,0.0
31994,0.0
31995,0.0
31996,0.0
31997,0.0
31998,0.0
31999,0.0
32000,0.0
32001,0.0
32002,0.0
32003,0.0
32004,0.0
32005,0.0
32006,0.0
32007,0.0
32008,0.0
32009,0.0
32010,0.0
32011,0.0
32012,0.0
32013,0.0
32014,0.0
32015,0.0
32016,0.0
32017,0.0
32018,0.0
32019,0.0
32020,0.0
32021,0.0
32022,0.0
32023,0.0
32024,0.0
32025,0.0
32026,0.0
32027,0.0
32028,0.0
32029,0.0
32030,0.0
32031,0.0
32032,0.0
32033,0.0
32034,0.0
32035,0.0
32036,0.0
32037,0.0
32043,9.579
32038,0.0
32039,0.0
32044,32.031
32045,38.541
32040,0.0
32041,0.0
32046,13.576
32047,9.128
32048,44.139
32049,47.173
32050,13.330
32051,8.955
32052,9.383
32053,57.091
32054,9.215
32055,9.119
32056,9.644
32057,10.038
32058,11.470
32059,11.176
32060,12.532
32061,9.417
32062,9.894
32063,9.833
32064,9.673
32065,8.828
32066,12.433
32067,9.186
32068,9.107
32069,9.625
32070,10.245
32071,8.920
32072,8.850
32073,8.790
32074,9.283
32075,9.765
32076,9.420
32077,9.554
32078,13.412
32079,21.937
32080,9.214
32081,9.861
32082,9.045
32083,36.185
32084,113.143
32085,9.586
32086,9.011
32087,36.273
32088,9.366
32089,9.046
32090,9.059
32091,9.697
32092,19.895
32093,8.914
32094,13.191
32095,12.622
32096,70.506
32097,38.100
32098,12.254
32099,10.641
32100,56.451
32101,8.733
32102,8.912
32103,9.320
32104,38.041
32105,9.517
32106,44.750
32107,21.453
32108,9.525
32109,10.100
32110,14.698
32111,8.632
32112,9.094
32113,10.365
32114,8.504
32115,9.023
32116,9.091
32117,9.020
32118,11.663
32119,9.238
32120,9.020
32121,9.220
32122,28.047
32123,9.903
32124,8.778
32125,9.518
32126,35.291
32127,12.123
32128,12.514
32129,9.525
32130,63.037
32131,9.238
32132,9.257
32133,9.233
32134,9.836
32135,55.188
32136,9.361
32137,9.178
32138,9.561
32139,10.108
32140,9.196
32141,8.755
32142,9.546
32143,9.996
32144,9.640
32145,8.890
32146,9.656
32147,9.066
32148,9.891
32149,9.040
32150,10.004
32151,13.540
32152,36.308
32153,9.197
32154,10.195
32155,9.623
32156,9.981
32157,9.199
32158,9.112
32159,8.995
32160,11.246
32161,10.833
32162,12.487
32163,9.758
32164,10.087
32165,22.969
32166,9.942
32167,31.096
32168,17.760
32169,11.393
32170,9.313
32171,9.145
32172,9.512
32173,9.803
32174,9.250
32175,8.971
32176,9.082
32177,10.382
32178,9.865
32179,11.945
32180,9.204
32181,8.665
32182,49.353
32183,8.734
32184,9.568
32185,8.847
32186,10.441
32187,13.030
32188,9.182
32189,9.143
32190,9.038
32191,9.954
32192,9.755
32193,9.716
32194,9.584
32195,29.651
32196,12.683
32197,8.976
32198,8.987
32199,26.505
32200,9.325
32201,9.311
32202,9.302
32203,9.146
32204,31.657
32205,8.609
32206,9.867
32207,8.634
32208,10.949
32209,9.126
32210,10.012
32211,8.590
32212,10.633
32213,13.527
32214,10.888
32215,9.679
32216,9.833
32217,13.244
32218,12.894
32219,9.294
32220,8.728
32221,10.631
32222,9.625
32223,9.944
32224,9.610
32225,33.989
32226,9.305
32227,9.653
32228,9.403
32229,9.610
32230,11.615
32231,11.718
32232,10.498
32233,8.576
32234,9.923
32235,10.717
32236,10.856
32237,9.774
32238,15.210
32239,8.939
32240,9.563
32241,8.898
32242,10.192
32243,9.325
32244,9.395
32245,9.094
32246,87.981
32247,19.661
32248,9.175
32249,8.665
32250,10.483
32251,10.900
32252,10.233
32253,9.627
32254,9.532
32255,32.857
32256,9.150
32257,8.598
32258,9.058
32259,9.083
32260,12.032
32261,9.370
32262,29.815
32263,63.581
32264,11.772
32265,12.412
32266,8.972
32267,9.663
32268,9.899
32269,8.982
32270,9.305
32271,9.143
32274,11.677
32275,8.903
32276,9.024
32272,0.0
32277,10.771
32278,9.304
32279,9.427
32280,8.903
32281,12.164
32282,11.075
32283,9.700
32284,9.430
32285,59.336
32286,8.741
32287,19.171
32288,11.627
32289,14.005
32290,10.328
32291,9.319
32292,9.761
32293,9.442
32294,12.177
32295,9.527
32296,9.794
32297,8.968
32298,12.139
32299,12.433
32300,9.843
32301,9.415
32302,8.942
32303,10.016
32304,43.019
32305,8.889
32306,12.154
32307,10.536
32308,25.931
32309,9.586
32310,9.152
32311,11.234
32312,8.999
32313,37.507
32314,10.292
32315,29.415
32316,11.476
32317,32.346
32318,10.707
32319,10.374
32320,19.158
32321,23.458
32322,9.351
32323,10.709
32324,27.185
32325,10.242
32326,10.261
32327,9.674
32328,11.253
32329,9.746
32330,9.272
32331,10.262
32332,11.413
32333,11.761
32334,9.246
32335,9.754
32336,12.582
32337,14.350
32338,10.051
32339,9.549
32340,8.841
32341,9.349
32342,8.865
32343,11.068
32344,9.844
32345,13.021
32346,12.106
32347,11.564
32348,9.284
32349,12.036
32350,11.636
32351,9.212
32352,9.278
32353,14.437
32354,11.989
32355,10.774
32356,10.752
32357,12.924
32358,9.930
32359,11.013
32360,8.915
32361,9.213
32362,56.784
32363,21.756
32364,9.098
32365,8.808
32366,11.165
32367,17.539
32368,9.885
32369,8.685
32370,10.305
32371,10.083
32372,9.027
32373,9.291
32374,9.200
32375,14.221
32376,17.002
32377,10.205
32378,10.486
32379,8.836
32380,10.632
32381,9.290
32382,9.087
32383,10.549
32384,10.610
32385,9.678
32386,130.764
32387,11.611
32388,9.683
32389,10.337
32390,10.429
32391,9.215
32392,9.679
32393,11.115
32394,9.128
32395,9.664
32396,9.614
32397,11.093
32398,9.068
32399,9.435
32400,10.127
32401,15.702
32402,9.161
32403,9.213
32404,11.142
32405,8.625
32406,14.161
32409,19.763
32410,11.344
32411,9.492
32407,0.0
32412,9.398
32413,9.860
32414,9.830
32415,9.146
32416,8.979
32417,12.812
32418,9.519
32419,10.902
32420,9.106
32421,11.863
32422,8.960
32423,11.450
32424,9.180
32425,13.540
32426,10.967
32427,9.516
32428,8.939
32429,10.041
32430,10.391
32431,9.079
32432,11.052
32433,9.206
32434,10.678
32435,9.024
32436,10.634
32437,9.057
32438,10.987
32439,14.344
32440,30.610
32441,9.022
32442,8.708
32443,9.149
32444,9.005
32445,10.356
32446,9.234
32447,9.384
32448,9.376
32449,10.311
32450,10.487
32451,9.737
32452,10.732
32453,11.269
32454,9.389
32455,11.043
32456,9.029
32457,28.577
32458,18.223
32459,9.748
32460,9.666
32461,10.099
32462,9.873
32463,9.588
32464,8.722
32465,9.605
32466,12.981
32467,9.826
32468,10.261
32469,10.852
32470,10.087
32471,11.563
32472,10.525
32473,9.412
32474,10.496
32475,11.519
32476,14.502
32477,9.357
32478,47.972
32479,10.929
32480,9.271
32481,9.173
32482,10.105
32483,13.092
32484,8.825
32485,15.307
32486,9.859
32487,10.555
32488,9.478
32489,17.229
32490,9.590
32491,9.108
32492,10.520
32493,9.387
32494,9.167
32495,9.384
32496,27.815
32497,8.901
32498,9.016
32499,9.291
32500,10.020
32501,37.459
32502,9.987
32503,14.737
32504,10.021
32505,10.838
32506,11.288
32507,10.295
32508,10.021
32509,12.887
32510,8.996
32511,9.418
32512,9.646
32513,9.993
32514,12.976
32515,10.647
32516,9.399
32517,9.691
32518,10.228
32519,9.694
32520,9.488
32521,9.207
32522,13.268
32523,9.473
32524,9.470
32525,8.696
32526,11.531
32527,9.423
32528,8.964
32529,9.407
32530,8.828
32531,11.109
32532,8.905
32533,27.524
32534,8.765
32535,9.650
32536,11.421
32537,9.007
32538,10.236
32539,28.600
32540,9.573
32541,9.019
32542,9.136
32543,9.687
32544,14.509
32545,9.328
32546,9.165
32547,9.125
32548,11.379
32549,10.935
32550,9.137
32551,9.170
32552,11.162
32553,11.179
32554,9.239
32555,9.478
32556,39.292
32557,8.789
32558,12.394
32559,8.877
32560,9.523
32561,16.354
32562,9.504
32563,9.590
32564,9.526
32565,23.639
32566,10.833
32567,9.119
32568,9.638
32569,12.330
32570,10.903
32571,10.199
32572,61.677
32573,12.539
32574,11.379
32575,13.351
32576,9.841
32577,8.794
32578,11.559
32579,9.920
32580,10.091
32581,9.425
32582,10.498
32583,8.985
32584,9.206
32585,9.162
32586,10.750
32587,9.936
32588,9.047
32589,8.774
32590,9.177
32591,10.570
32592,9.500
32593,9.257
32594,9.694
32595,12.221
32596,34.301
32597,39.655
32598,9.328
32599,55.892
32600,96.881
32601,8.944
32602,11.430
32603,9.054
32604,10.035
32605,8.654
32606,9.300
32607,9.017
32608,9.099
32609,13.916
32610,8.850
32611,9.986
32612,11.925
32613,8.657
32614,15.113
32615,22.020
32616,39.733
32617,9.320
32618,14.517
32619,10.630
32620,30.776
32621,9.702
32622,8.947
32623,37.251
32624,11.209
32625,9.865
32626,9.562
32627,9.457
32628,10.499
32629,20.266
32630,9.650
32631,9.301
32634,8.782
32635,8.839
32632,0.0
32636,64.673
32637,8.972
32638,9.431
32639,8.923
32640,8.962
32641,9.859
32642,8.895
32643,9.244
32644,9.177
32645,11.095
32646,12.117
32647,11.891
32648,8.878
32649,9.515
32650,9.193
32651,8.972
32652,8.741
32653,9.075
32654,9.400
32655,8.796
32656,8.578
32657,8.450
32660,11.352
32661,9.414
32658,0.0
32662,12.475
32663,11.261
32664,9.373
32665,9.029
32666,9.066
32667,11.514
32668,11.766
32669,8.722
32670,8.832
32671,11.683
32672,9.952
32673,8.635
32674,10.987
32675,11.000
32676,8.952
32677,11.543
32678,9.132
32679,10.257
32680,12.270
32681,8.810
32682,11.575
32683,10.221
32684,9.474
32685,8.999
32686,8.807
32687,8.895
32688,11.073
32689,9.517
32690,9.586
32691,11.219
32692,10.507
32693,8.580
32694,9.900
32695,9.232
32696,35.529
32697,12.112
32698,9.297
32699,9.101
32700,9.618
32701,10.651
32702,23.569
32703,8.459
32704,10.633
32705,31.456
32706,9.158
32707,11.876
32708,8.827
32709,8.553
32710,9.104
32711,10.607
32712,8.714
32713,9.441
32714,12.434
32715,8.952
32716,9.275
32717,39.067
32718,10.089
32719,9.285
32720,9.631
32721,9.168
32722,10.245
32723,9.974
32724,10.878
32725,9.149
32726,54.190
32727,22.913
32728,8.664
32729,9.011
32730,11.240
32731,11.851
32732,10.484
32733,8.963
32736,9.440
32737,9.216
32734,0.0
32738,9.169
32739,8.859
32740,9.777
32741,8.516
32742,9.203
32743,8.573
32744,11.985
32745,24.161
32746,8.772
32747,10.747
32748,13.739
32749,8.655
32750,8.914
32751,9.082
32752,8.786
32753,10.370
32754,9.163
32755,9.359
32756,9.873
32757,11.122
32758,9.116
32759,10.930
32760,9.208
32761,11.097
32762,8.964
32763,8.700
32764,8.956
32765,10.967
32766,8.520
32767,10.030
32768,9.738
32769,9.077
32770,10.328
32771,9.034
32772,15.665
32773,9.375
32774,11.480
32775,12.958
32776,9.109
32777,8.416
32778,12.180
32779,9.037
32780,12.590
32781,8.800
32782,10.203
32783,9.363
32784,8.962
32785,8.680
32786,9.278
32787,12.609
32788,8.959
32789,11.708
32790,8.484
32791,11.215
32792,9.383
32793,9.082
32794,8.897
32795,9.309
32796,13.724
32797,9.281
32798,18.819
32799,11.963
32800,10.853
32801,8.854
32802,8.677
32803,8.966
32804,14.327
32805,9.241
32806,23.154
32807,8.806
32808,32.510
32809,8.986
32810,9.128
32811,8.536
32812,9.096
32813,10.131
32814,8.575
32815,15.715
32816,10.677
32817,14.217
32818,8.893
32819,11.118
32820,8.984
32821,14.307
32822,9.005
32823,8.736
32824,8.757
32825,8.724
32826,9.822
32827,15.373
32828,9.055
32829,14.130
32830,24.144
32831,12.507
32832,8.931
32833,10.537
32834,23.385
32835,9.367
32836,9.186
32837,8.879
32838,8.987
32839,9.648
32840,9.111
32841,9.081
32842,9.313
32843,9.537
32844,9.554
32845,8.831
32846,9.422
32847,10.541
32848,8.888
32849,9.057
32850,10.508
32851,31.932
32852,11.957
32853,8.441
32854,8.814
32855,8.628
32856,21.069
32857,10.457
32858,8.898
32859,9.317
32860,11.514
32861,9.643
32862,8.704
32863,9.068
32864,9.746
32865,8.696
32866,10.764
32867,9.859
32868,9.400
32869,10.679
32870,10.658
32871,8.858
32872,9.731
32873,11.097
32874,9.337
32875,9.326
32876,9.524
32879,8.772
32880,12.105
32877,0.0
32881,11.109
32882,11.417
32883,9.499
32884,10.260
32885,9.244
32886,12.610
32887,8.496
32888,10.302
32889,10.673
32890,39.150
32891,8.860
32892,34.473
32893,9.411
32894,38.271
32895,8.576
32896,9.505
32897,8.807
32898,16.651
32899,11.154
32900,9.240
32901,9.747
32902,10.141
32903,13.421
32904,9.461
32905,8.984
32906,11.012
32907,31.530
32908,8.800
32909,9.677
32910,8.783
32911,8.856
32912,42.387
32913,10.081
32914,8.824
32915,9.940
32916,27.751
32917,8.972
32918,9.404
32919,13.787
32922,16.161
32923,9.544
32924,9.631
32920,0.0
32925,9.886
32926,9.415
32927,8.640
32928,8.426
32929,11.281
32930,9.237
32931,9.653
32932,9.365
32933,11.212
32934,8.916
32935,9.321
32936,39.050
32937,11.484
32938,15.836
32939,9.903
32940,9.510
32941,9.174
32942,10.276
32943,11.177
32944,11.170
32945,12.153
32946,13.113
32947,9.356
32948,9.194
32949,8.907
32950,11.201
32951,9.298
32952,9.616
32953,8.997
32954,12.115
32955,9.760
32956,9.059
32957,10.641
32958,9.447
32959,11.054
32960,9.212
32961,9.294
32962,58.341
32963,9.819
32964,8.883
32965,9.032
32966,11.992
32967,11.059
32968,10.162
32969,10.091
32970,9.430
32971,60.141
32972,14.139
32973,8.682
32974,9.842
32975,9.342
32976,9.093
32977,9.431
32978,9.435
32979,8.887
32980,8.578
32981,12.445
32982,8.975
32983,8.463
32984,9.232
32985,10.885
32986,10.345
32987,9.423
32988,10.113
32989,16.461
32990,9.223
32991,10.492
32992,9.927
32993,9.665
32994,9.175
32995,8.784
32996,9.697
32997,9.342
32998,43.125
32999,8.946
33000,9.888
33001,9.261
33002,12.878
33003,9.904
33004,9.516
33005,9.503
33006,9.785
33007,9.505
33008,10.129
33009,9.019
33010,9.069
33011,10.235
33012,10.296
33013,9.248
33014,9.550
33015,29.165
33016,9.078
33017,9.329
33018,10.985
33019,11.437
33020,9.178
33021,9.580
33022,11.510
33023,9.259
33024,9.846
33025,9.094
33026,13.749
33027,9.788
33028,11.757
33029,9.054
33030,9.490
33031,9.235
33032,9.791
33033,8.977
33034,12.464
33035,9.639
33036,9.321
33037,9.664
33038,9.199
33039,12.256
33040,62.382
33041,18.827
33042,9.451
33043,10.399
33044,9.774
33045,27.159
33046,8.761
33047,8.732
33048,12.706
33049,32.132
33050,9.364
33051,10.565
33052,9.587
33053,9.622
33054,11.519
33055,8.661
33056,8.536
33057,55.828
33058,10.300
33059,16.584
33060,8.650
33061,8.929
33062,9.570
33063,9.540
33064,9.528
33065,9.559
33066,32.590
33067,9.922
33068,10.027
33069,9.588
33070,8.829
33071,11.074
33072,9.439
33073,9.585
33074,9.354
33075,10.194
33076,9.325
33077,9.026
33078,9.126
33079,9.218
33080,8.504
33081,10.274
33082,9.387
33083,9.090
33084,10.684
33085,9.178
33086,10.110
33087,16.330
33088,27.312
33089,9.187
33090,10.083
33091,9.440
33092,34.652
33093,8.994
33094,9.256
33095,9.541
33096,9.365
33097,9.699
33098,9.238
33099,8.650
33100,9.184
33101,9.839
33102,9.436
33103,10.566
33104,9.349
33105,8.999
33106,9.753
33107,17.953
33108,9.661
33109,9.277
33110,10.567
33111,9.595
33112,10.527
33113,9.400
33114,10.021
33115,9.467
33116,9.806
33117,9.325
33118,10.412
33119,8.753
33120,10.387
33121,9.388
33122,9.513
33123,9.295
33124,9.614
33125,9.331
33126,9.509
33127,9.897
33128,9.071
33129,9.396
33130,9.298
33131,10.111
33132,8.962
33133,9.199
33134,9.218
33135,15.745
33136,9.411
33137,8.912
33138,10.362
33139,9.620
33140,16.015
33141,9.729
33142,9.589
33143,9.394
33144,10.025
33145,9.468
33146,17.503
33147,28.601
33148,8.718
33149,23.736
33150,9.470
33151,9.160
33152,47.985
33153,32.050
33154,28.817
33155,23.414
33156,8.709
33157,22.999
33158,11.285
33159,9.078
33160,10.884
33161,60.880
33162,9.975
33163,9.691
33164,8.982
33165,29.675
33166,10.535
33167,9.444
33168,8.685
33169,11.396
33172,9.125
33173,9.761
33170,0.0
33176,15.904
33177,9.068
33174,0.0
33178,10.316
33179,8.869
33180,9.765
33181,9.260
33182,8.558
33183,9.178
33184,8.845
33185,8.551
33186,8.880
33187,14.884
33188,8.956
33189,9.046
33190,9.009
33191,24.424
33192,10.602
33193,9.536
33194,8.644
33195,10.452
33196,11.896
33197,9.783
33198,8.907
33199,8.648
33200,52.144
33201,161.528
33202,32.413
33203,50.376
33204,11.362
33205,8.858
33206,8.541
33207,9.970
33208,12.857
33209,8.868
33210,9.688
33211,8.160
33212,8.953
33213,10.614
33214,9.249
33215,15.174
33216,10.628
33217,9.864
33218,9.159
33219,8.882
33220,10.514
33221,29.315
33222,9.150
33223,9.374
33224,10.300
33225,12.022
33226,17.017
33227,14.510
33228,9.176
33229,9.017
33230,12.390
33231,8.846
33232,13.268
33233,8.721
33234,9.772
33235,9.168
33236,8.963
33237,8.257
33238,11.038
33239,9.223
33240,9.267
33241,9.211
33242,8.747
33243,11.188
33244,9.067
33245,8.490
33246,8.952
33247,36.531
33248,9.117
33249,8.711
33250,12.894
33251,32.530
33252,24.399
33253,9.200
33254,9.485
33255,10.422
33256,10.900
33257,9.363
33258,10.789
33259,8.986
33260,11.161
33261,9.085
33262,8.507
33263,9.112
33264,10.624
33265,8.592
33266,8.658
33267,13.051
33268,9.574
33269,10.109
33270,8.864
33271,8.836
33272,8.750
33278,8.591
33273,0.0
33274,0.0
33275,0.0
33279,9.157
33280,8.832
33281,45.977
33276,0.0
33282,15.301
33283,19.683
33284,8.938
33285,8.875
33286,22.373
33287,8.966
33288,9.078
33289,8.732
33292,9.722
33293,9.211
33290,0.0
33294,0.0
33295,0.0
33296,0.0
33297,0.0
33298,0.0
33299,0.0
33300,0.0
33301,0.0
33302,0.0
33303,0.0
33304,0.0
33305,0.0
33306,0.0
33307,0.0
33308,0.0
33309,0.0
33310,0.0
33311,0.0
33312,0.0
33313,0.0
33314,0.0
33315,0.0
33316,0.0
33317,0.0
33318,0.0
33319,0.0
33320,0.0
33321,0.0
33322,0.0
33323,0.0
33324,0.0
33325,0.0
33326,0.0
33327,0.0
33328,0.0
33329,0.0
33330,0.0
33331,0.0
33332,0.0
33333,0.0
33334,0.0
33335,0.0
33336,0.0
33337,0.0
33338,0.0
33339,0.0
33340,0.0
33341,0.0
33342,0.0
33343,0.0
33349,63.459
33344,0.0
33345,0.0
33346,0.0
33350,29.198
33351,20.180
33352,14.350
33347,0.0
33353,34.349
33354,9.126
33355,42.802
33356,8.221
33357,0.0
33358,0.0
33359,0.0
33360,0.0
33361,0.0
33362,0.0
33363,0.0
33364,0.0
33365,0.0
33366,0.0
33367,0.0
33368,0.0
33369,0.0
33370,0.0
33371,0.0
33372,0.0
33373,0.0
33374,0.0
33375,0.0
33376,0.0
33377,0.0
33378,0.0
33379,0.0
33380,0.0
33381,0.0
33382,0.0
33383,0.0
33384,0.0
33385,0.0
33386,0.0
33387,0.0
33388,0.0
33389,0.0
33390,0.0
33391,0.0
33392,0.0
33393,0.0
33394,0.0
33395,0.0
33396,0.0
33397,0.0
33398,0.0
33399,0.0
33400,0.0
33401,0.0
33402,0.0
33403,0.0
33404,0.0
33405,0.0
33406,0.0
33407,0.0
33408,0.0
33409,0.0
33410,0.0
33411,0.0
33412,0.0
33413,0.0
33414,0.0
33415,0.0
33416,0.0
33417,0.0
33418,0.0
33419,0.0
33420,0.0
33421,0.0
33422,0.0
33423,0.0
33424,0.0
33425,0.0
33426,0.0
33427,0.0
33428,0.0
33429,0.0
33430,0.0
33431,0.0
33432,0.0
33433,0.0
33434,0.0
33435,0.0
33436,0.0
33437,0.0
33438,0.0
33439,0.0
33440,0.0
33441,0.0
33442,0.0
33443,0.0
33444,0.0
33445,0.0
33446,0.0
33447,0.0
33448,0.0
33449,0.0
33450,0.0
33451,0.0
33452,0.0
33453,0.0
33454,0.0
33455,0.0
33456,0.0
33457,0.0
33458,0.0
33459,0.0
33460,0.0
33461,0.0
33462,0.0
33463,0.0
33464,0.0
33465,0.0
33466,0.0
33467,0.0
33468,0.0
33469,0.0
33470,0.0
33471,0.0
33472,0.0
33473,0.0
33474,0.0
33475,0.0
33476,0.0
33477,0.0
33478,0.0
33479,0.0
33480,0.0
33481,0.0
33482,0.0
33483,0.0
33484,0.0
33485,0.0
33486,0.0
33487,0.0
33488,0.0
33489,0.0
33490,0.0
33491,0.0
33492,0.0
33493,0.0
33494,0.0
33495,0.0
33496,0.0
33497,0.0
33498,0.0
33499,0.0
33500,0.0
33501,0.0
33502,0.0
33503,0.0
33504,0.0
33505,0.0
33506,0.0
33507,0.0
33508,0.0
33509,0.0
33510,0.0
33511,0.0
33512,0.0
33513,0.0
33514,0.0
33515,0.0
33516,0.0
33517,0.0
33518,0.0
33519,0.0
33520,0.0
33521,0.0
33522,0.0
33523,0.0
33524,0.0
33525,0.0
33526,0.0
33527,0.0
33528,0.0
33529,0.0
33530,0.0
33531,0.0
33532,0.0
33533,0.0
33534,0.0
33535,0.0
33536,0.0
33537,0.0
33538,0.0
33539,0.0
33540,0.0
33541,0.0
33542,0.0
33543,0.0
33544,0.0
33545,0.0
33546,0.0
33547,0.0
33548,0.0
33549,0.0
33550,0.0
33551,0.0
33552,0.0
33553,0.0
33554,0.0
33555,0.0
33556,0.0
33557,0.0
33558,0.0
33559,0.0
33560,0.0
33561,0.0
33562,0.0
33563,0.0
33564,0.0
33565,0.0
33566,0.0
33567,0.0
33568,0.0
33569,0.0
33570,0.0
33571,0.0
33572,0.0
33573,0.0
33574,0.0
33575,0.0
33576,0.0
33577,0.0
33578,0.0
33579,0.0
33580,0.0
33581,0.0
33582,0.0
33583,0.0
33584,0.0
33585,0.0
33586,0.0
33587,0.0
33588,0.0
33589,0.0
33590,0.0
33591,0.0
33592,0.0
33593,0.0
33594,0.0
33595,0.0
33596,0.0
33597,0.0
33598,0.0
33599,0.0
33600,0.0
33601,0.0
33602,0.0
33603,0.0
33604,0.0
33605,0.0
33606,0.0
33607,0.0
33608,0.0
33609,0.0
33610,0.0
33611,0.0
33612,0.0
33613,0.0
33614,0.0
33615,0.0
33616,0.0
33617,0.0
33618,0.0
33619,0.0
33620,0.0
33621,0.0
33622,0.0
33623,0.0
33624,0.0
33625,0.0
33626,0.0
33627,0.0
33628,0.0
33629,0.0
33630,0.0
33631,0.0
33632,0.0
33633,0.0
33634,0.0
33635,0.0
33636,0.0
33637,0.0
33638,0.0
33639,0.0
33640,0.0
33641,0.0
33642,0.0
33643,0.0
33644,0.0
33645,0.0
33646,0.0
33647,0.0
33648,0.0
33649,0.0
33650,0.0
33651,0.0
33652,0.0
33653,0.0
33654,0.0
33655,0.0
33656,0.0
33657,0.0
33658,0.0
33659,0.0
33660,0.0
33661,0.0
33662,0.0
33663,0.0
33664,0.0
33665,0.0
33666,0.0
33667,0.0
33668,0.0
33669,0.0
33675,11.285
33670,0.0
33671,0.0
33672,0.0
33676,9.183
33677,32.102
33673,0.0
33678,33.954
33679,8.246
33680,11.044
33681,38.029
33682,16.951
33683,8.731
33684,11.906
33685,8.590
33686,13.459
33687,9.180
33688,10.044
33689,9.325
33690,37.520
33691,25.914
33692,10.621
33693,15.872
33694,34.465
33695,33.455
33696,9.959
33697,9.024
33698,9.699
33699,21.629
33700,8.937
33701,10.431
33702,8.987
33703,29.568
33704,12.956
33705,9.256
33706,9.232
33707,10.707
33708,8.804
33709,13.762
33710,8.895
33711,9.755
33712,11.040
33713,9.355
33714,9.345
33715,9.964
33716,30.171
33717,8.009
33718,9.190
33719,10.066
33720,33.544
33721,9.478
33722,8.604
33723,8.467
33724,13.290
33725,13.999
33726,42.808
33727,0.0
33729,0.0
33730,0.0
33731,0.0
33732,0.0
33733,0.0
33734,0.0
33735,0.0
33736,0.0
33737,0.0
33738,0.0
33739,0.0
33740,0.0
33741,0.0
33742,0.0
33743,0.0
33744,0.0
33745,0.0
33746,0.0
33747,0.0
33748,0.0
33749,0.0
33750,0.0
33751,0.0
33752,0.0
33753,0.0
33754,0.0
33755,0.0
33756,0.0
33757,0.0
33758,0.0
33759,0.0
33760,0.0
33761,0.0
33762,0.0
33763,0.0
33764,0.0
33765,0.0
33766,0.0
33767,0.0
33768,0.0
33769,0.0
33770,0.0
33771,0.0
33776,50.986
33777,11.338
33772,0.0
33773,0.0
33774,0.0
33778,25.234
33779,67.114
33780,82.075
33781,30.306
33782,13.058
33783,9.632
33784,102.746
33785,49.367
33786,62.652
33787,13.999
33788,12.290
33789,35.279
33790,8.455
33791,0.0
33792,0.0
33793,0.0
33794,0.0
33795,0.0
33796,0.0
33797,0.0
33798,0.0
33799,0.0
33800,0.0
33801,0.0
33802,0.0
33803,0.0
33804,0.0
33805,0.0
33806,0.0
33807,0.0
33808,0.0
33809,0.0
33810,0.0
33811,0.0
33812,0.0
33813,0.0
33814,0.0
33815,0.0
33816,0.0
33817,0.0
33818,0.0
33819,0.0
33820,0.0
33821,0.0
33822,0.0
33823,0.0
33824,0.0
33825,0.0
33826,0.0
33827,0.0
33828,0.0
33829,0.0
33830,0.0
33831,0.0
33832,0.0
33833,0.0
33834,0.0
33835,0.0
33836,0.0
33837,0.0
33838,0.0
33839,0.0
33840,0.0
33841,0.0
33842,0.0
33843,0.0
33844,0.0
33845,0.0
33846,0.0
33847,0.0
33848,0.0
33849,0.0
33850,0.0
33851,0.0
33852,0.0
33853,0.0
33854,0.0
33855,0.0
33856,0.0
33857,0.0
33858,0.0
33859,0.0
33860,0.0
33861,0.0
33862,0.0
33863,0.0
33864,0.0
33865,0.0
33866,0.0
33867,0.0
33868,0.0
33869,0.0
33870,0.0
33871,0.0
33872,0.0
33873,0.0
33874,0.0
33875,0.0
33876,0.0
33877,0.0
33878,0.0
33879,0.0
33880,0.0
33881,0.0
33882,0.0
33883,0.0
33884,0.0
33885,0.0
33886,0.0
33887,0.0
33888,0.0
33889,0.0
33890,0.0
33891,0.0
33892,0.0
33893,0.0
33894,0.0
33895,0.0
33896,0.0
33897,0.0
33898,0.0
33899,0.0
33900,0.0
33901,0.0
33902,0.0
33903,0.0
33904,0.0
33905,0.0
33906,0.0
33907,0.0
33908,0.0
33909,0.0
33910,0.0
33911,0.0
33912,0.0
33913,0.0
33914,0.0
33915,0.0
33916,0.0
33917,0.0
33918,0.0
33919,0.0
33920,0.0
33921,0.0
33922,0.0
33923,0.0
33924,0.0
33925,0.0
33926,0.0
33927,0.0
33928,0.0
33929,0.0
33930,0.0
33931,0.0
33932,0.0
33933,0.0
33934,0.0
33935,0.0
33936,0.0
33937,0.0
33938,0.0
33939,0.0
33940,0.0
33941,0.0
33942,0.0
33943,0.0
33944,0.0
33946,0.0
33947,0.0
33948,0.0
33949,0.0
33950,0.0
33951,0.0
33952,0.0
33953,0.0
33954,0.0
33959,42.809
33960,35.265
33955,0.0
33956,0.0
33961,65.578
33962,45.199
33957,0.0
33963,22.322
33964,22.668
33965,101.359
33966,50.015
33967,42.087
33968,89.358
33969,22.177
33970,44.019
33971,44.180
33972,34.774
33973,62.009
33974,34.337
33975,69.505
33976,40.516
33977,36.062
33978,43.942
33979,50.690
33980,73.392
33981,32.138
33982,51.516
33983,55.817
33984,42.382
33985,23.591
33986,24.227
33987,35.576
33988,41.892
33989,33.655
33990,22.255
33991,41.096
33992,44.958
33993,62.472
33994,27.326
33995,52.243
33996,37.285
33997,63.943
33998,52.543
33999,56.965
34000,23.450
34001,29.867
34002,29.665
34003,40.278
34004,234.506
34005,185.388
34006,192.585
34007,235.617
34008,210.128
34009,157.950
34010,32.269
34011,32.561
34012,55.357
34013,32.844
34014,58.493
34015,24.389
34016,25.368
34017,37.329
34018,68.616
34019,23.898
34020,41.447
34021,45.227
34022,76.062
34023,33.980
34024,24.534
34025,51.845
34026,24.532
34027,24.537
34028,25.673
34029,28.403
34030,90.364
34031,49.009
34032,29.343
34033,33.000
34034,49.390
34035,62.062
34036,38.041
34037,27.549
34038,80.887
34039,46.742
34040,27.737
34041,22.342
34042,26.683
34043,24.403
34044,34.152
34045,34.913
34046,28.541
34047,45.156
34048,65.886
34049,24.787
34050,33.556
34051,45.736
34052,40.835
34053,25.227
34054,22.779
34055,26.895
34056,42.683
34057,25.157
34058,26.245
34059,22.500
34060,37.186
34061,68.803
34062,32.331
34063,29.985
34064,42.489
34065,42.033
34066,70.809
34067,22.006
34068,32.526
34069,27.835
34070,39.076
34071,41.449
34072,44.512
34073,30.163
34074,53.926
34075,73.225
34076,30.116
34077,43.648
34078,46.334
34079,33.875
34080,56.182
34081,40.016
34082,118.647
34083,26.605
34084,44.135
34085,55.068
34086,39.618
34087,45.288
34088,25.534
34089,29.131
34090,46.978
34091,92.086
34092,24.796
34093,58.218
34094,59.878
34095,70.306
34096,23.109
34097,45.548
34098,62.358
34099,26.261
